res.status,res.timings.duration,message,documentId
200,3932.5169,internal server error,
200,3978.4723,internal server error,
200,4311.1683,internal server error,
200,4938.6332,Success,c909e56e-5811-4f79-8951-aa52c3c2d3f7
200,5028.9042,Success,224d0a0f-bfc0-49e8-b638-fbd41abfd450
200,5519.7845,Success,2d5d0190-4082-44d9-bcdd-a76f9e36007b
200,6169.8475,Success,464c32ea-2e37-44cd-a3e6-7d69c76cd8a5
200,6904.7998,Success,d4ea94e4-7b10-4c29-b556-6a6488fc9f54
200,7644.7041,Success,c9e5cf89-0fc2-4ddf-854f-66426bceeb7d
200,8235.3832,Success,322aef9f-9884-49bd-a5a6-96b9a91a719b
200,9857.3447,Success,b639e388-0f63-404f-af20-f742b76f2e28
200,9907.2633,Success,4f1e4d43-0bc3-49d2-ad10-37e7225825cb
200,10364.5924,Success,9bff9c6d-bf1e-4b8a-8978-58cd789f0069
200,11059.1913,Success,eddd9fbc-1142-4d4f-96ce-23d66dc954b4
200,11686.2526,Success,c533f043-8167-4129-a1a7-0cc7c367c2b5
200,12231.3555,Success,aef5e168-794a-4693-8dac-b647faf588a6
200,12943.5652,Success,bd816f4e-146a-487f-b63d-aff664c22e74
200,13869.8409,Success,c6faaa0e-e71f-440e-b44f-a1ff121146bf
200,14393.0124,Success,44f5614f-e4e0-41c0-9b74-40df85dc0fd4
200,15014.8515,Success,f8518aaf-a9e5-436a-929d-e4db012b0c6c
200,15658.8541,Success,29cb130c-6da1-489c-9136-e0b1d3e06292
200,16323.6931,Success,ff6d2e68-167e-4b2f-8508-17db4ccb43ef
200,17069.8682,Success,cf41a043-a84d-492f-8c6a-e86329266351
200,17891.7496,Success,a4f60b2a-f781-4a70-aed0-656e18173263
200,18577.3453,Success,b2dfde99-b4ab-4b7b-94a1-f347b20f84bc
200,19314.0587,Success,1ddd3abd-40f4-480a-ab55-33c3d891ac8e
200,19902.3723,Success,3ba98abb-cf72-4dbd-b0cf-17401b058de8
200,20450.8765,Success,3bd55f12-4e95-4303-bfb9-6f1f731ec896
200,21164.6713,Success,d7a862f9-19ac-439d-8ab3-82ebaecb204f
200,21826.5501,Success,ed8ed932-0df5-4205-9621-00b82015022d
200,22445.6593,Success,ce67c7be-d7ee-4f49-ab57-d0c238030169
200,23116.6413,Success,c7ffa8ca-7296-4bec-a04c-30d4c9430853
200,23926.6959,Success,3b007d96-578d-473a-aee5-bbe0863fd275
200,24511.7757,Success,4cdc3980-6812-4185-825f-f2555256d255
200,25245.1369,Success,4c9e65a3-7200-4756-b125-1408d627b4a2
200,25940.7303,Success,4341407e-0455-49b5-b77d-abe455dbf68c
200,26459.0531,Success,67c41ec2-04cf-4de2-9d9c-d7b312d55538
200,27088.4218,Success,9236777b-2f55-40b4-be55-d2e1e95b04e1
200,27862.0469,Success,89e97679-d319-4ac5-8e0b-b3a444e2afc3
200,28662.6655,Success,5fbd00eb-ce15-4b94-99ae-340b47b7d4ef
200,29318.4219,Success,be89f55b-7f64-46da-b1f3-c06ff845f9d6
200,29913.5291,Success,eff4b350-bf33-490e-946e-04497bf57cfe
200,30620.1328,Success,4c454f64-82ac-48c8-8bbf-5bdddbd59d8a
200,31118.9515,Success,c33ae3e6-981e-486e-8d52-58c817910c58
41