referenceId,statusCode,responseTimeMs,message,documentId
b6cbf1f6-d469-4973-8e77-9fc25724da5e,200,584.8271,ParseError,
b6cbf1f6-d469-4973-8e77-9fc25724da5e,200,337.9809,ParseError,
b6cbf1f6-d469-4973-8e77-9fc25724da5e,200,383.5653,ParseError,
b6cbf1f6-d469-4973-8e77-9fc25724da5e,200,395.5248,ParseError,
b6cbf1f6-d469-4973-8e77-9fc25724da5e,200,343.1092,ParseError,
b6cbf1f6-d469-4973-8e77-9fc25724da5e,200,309.26,ParseError,
b6cbf1f6-d469-4973-8e77-9fc25724da5e,200,302.6975,ParseError,
b6cbf1f6-d469-4973-8e77-9fc25724da5e,200,382.1979,ParseError,
b6cbf1f6-d469-4973-8e77-9fc25724da5e,200,302.3445,ParseError,
b6cbf1f6-d469-4973-8e77-9fc25724da5e,200,295.8055,ParseError,
b6cbf1f6-d469-4973-8e77-9fc25724da5e,200,380.8641,ParseError,
b6cbf1f6-d469-4973-8e77-9fc25724da5e,200,292.9283,ParseError,
b6cbf1f6-d469-4973-8e77-9fc25724da5e,200,315.3949,ParseError,
b6cbf1f6-d469-4973-8e77-9fc25724da5e,200,352.8591,ParseError,
b6cbf1f6-d469-4973-8e77-9fc25724da5e,200,277.0316,ParseError,
b6cbf1f6-d469-4973-8e77-9fc25724da5e,200,279.0357,ParseError,
b6cbf1f6-d469-4973-8e77-9fc25724da5e,200,323.4359,ParseError,
b6cbf1f6-d469-4973-8e77-9fc25724da5e,200,312.7803,ParseError,
b6cbf1f6-d469-4973-8e77-9fc25724da5e,200,292.3372,ParseError,
b6cbf1f6-d469-4973-8e77-9fc25724da5e,200,392.7847,ParseError,
b6cbf1f6-d469-4973-8e77-9fc25724da5e,200,294.4081,ParseError,
b6cbf1f6-d469-4973-8e77-9fc25724da5e,200,265.2375,ParseError,
b6cbf1f6-d469-4973-8e77-9fc25724da5e,200,277.6525,ParseError,
b6cbf1f6-d469-4973-8e77-9fc25724da5e,200,278.4164,ParseError,
b6cbf1f6-d469-4973-8e77-9fc25724da5e,200,342.14,ParseError,
b6cbf1f6-d469-4973-8e77-9fc25724da5e,200,277.6239,ParseError,
b6cbf1f6-d469-4973-8e77-9fc25724da5e,200,280.7622,ParseError,
b6cbf1f6-d469-4973-8e77-9fc25724da5e,200,267.6394,ParseError,
b6cbf1f6-d469-4973-8e77-9fc25724da5e,200,282.9244,ParseError,
b6cbf1f6-d469-4973-8e77-9fc25724da5e,200,307.7774,ParseError,
b6cbf1f6-d469-4973-8e77-9fc25724da5e,200,291.1582,ParseError,
b6cbf1f6-d469-4973-8e77-9fc25724da5e,200,278.7983,ParseError,
b6cbf1f6-d469-4973-8e77-9fc25724da5e,200,299.8431,ParseError,
b6cbf1f6-d469-4973-8e77-9fc25724da5e,200,274.1831,ParseError,
b6cbf1f6-d469-4973-8e77-9fc25724da5e,200,322.5372,ParseError,
b6cbf1f6-d469-4973-8e77-9fc25724da5e,200,291.719,ParseError,
b6cbf1f6-d469-4973-8e77-9fc25724da5e,200,315.1809,ParseError,
b6cbf1f6-d469-4973-8e77-9fc25724da5e,200,313.406,ParseError,
b6cbf1f6-d469-4973-8e77-9fc25724da5e,200,338.012,ParseError,
b6cbf1f6-d469-4973-8e77-9fc25724da5e,200,365.479,ParseError,
b6cbf1f6-d469-4973-8e77-9fc25724da5e,200,449.8984,ParseError,
b6cbf1f6-d469-4973-8e77-9fc25724da5e,200,290.9347,ParseError,
b6cbf1f6-d469-4973-8e77-9fc25724da5e,200,309.6445,ParseError,
b6cbf1f6-d469-4973-8e77-9fc25724da5e,200,348.6386,ParseError,
b6cbf1f6-d469-4973-8e77-9fc25724da5e,200,305.6686,ParseError,
b6cbf1f6-d469-4973-8e77-9fc25724da5e,200,290.7868,ParseError,
b6cbf1f6-d469-4973-8e77-9fc25724da5e,200,283.7074,ParseError,
b6cbf1f6-d469-4973-8e77-9fc25724da5e,200,316.4957,ParseError,
