e71f3eec-819e-4e55-9b63-3272655943d7,200,280.6142,Success,773c28e4-9f20-4a76-ac45-b56292dba960,CD2swCBwNoRXiIR3In19Fw==
e71f3eec-819e-4e55-9b63-3272655943d7,200,433.9261,Success,46462c3c-e964-4dd5-a5cc-6f77e7f0b992,H0dPLiN9ycO6drmtlrE45A==
e71f3eec-819e-4e55-9b63-3272655943d7,200,276.9308,Success,d0174e54-e103-4b2d-978d-410d8878c1bd,vTjHTJFWtciTOQ8VKKgpzA==
e71f3eec-819e-4e55-9b63-3272655943d7,200,731.1294,Success,a9f99e8a-eb13-455b-8412-cacd327ecebf,soIiig4qyBum710jL_lAIg==
e71f3eec-819e-4e55-9b63-3272655943d7,200,271.9428,Success,2bdc155a-f0cf-42eb-89cf-05bef46ef9ec,DZgCW-I6lbj3qkwep2uOlg==
e71f3eec-819e-4e55-9b63-3272655943d7,200,278.5374,Success,8614dcd1-eb5b-4b83-b45b-4c0f92bfc687,q9BNRgQ4H3L5aRwoc9QUfw==
e71f3eec-819e-4e55-9b63-3272655943d7,200,287.7852,Success,4494831f-9a07-46ce-aa37-8a4dc91793d6,BgJpzxGnjrgo1aK5iVHOVQ==
e71f3eec-819e-4e55-9b63-3272655943d7,200,266.5198,Success,16969938-2d26-4564-9b3e-f355ff56df81,5ykH9x63Hw9_N7vXj4SVuQ==
e71f3eec-819e-4e55-9b63-3272655943d7,200,283.3964,Success,90649323-7989-4caa-a7c5-b5fbed310364,iMxH0Bl4u6Yi27POcqt3kg==
e71f3eec-819e-4e55-9b63-3272655943d7,200,263.375,Success,2efa5670-4330-44b2-aaeb-83eb021027d7,grO-K-9DXJKCAZ0jlDjSXg==
e71f3eec-819e-4e55-9b63-3272655943d7,200,295.8207,Success,29fba775-1d45-41dd-b935-de4da6dc2c97,fD6MxPkEK051BZoAnl1VEA==
e71f3eec-819e-4e55-9b63-3272655943d7,200,284.1077,Success,f5b2d2ce-cbea-41b3-964a-180978fdf342,hHuNIw8s_aqG52ntb7EI0Q==
e71f3eec-819e-4e55-9b63-3272655943d7,200,274.2181,Success,b1ada8a1-a7bb-41e2-accf-b814563a828a,-c02tJzkkVPRX5zA7hRIBA==
e71f3eec-819e-4e55-9b63-3272655943d7,200,288.861,Success,3728ca78-be3d-4a3c-a5b5-d2c9e951a8fa,anJNdalCwszOfDXqsHY1lg==
e71f3eec-819e-4e55-9b63-3272655943d7,200,276.0774,Success,67c518b5-00e4-499f-9361-328a377eccce,a_vNdq1c_nUFCceg_1RGDQ==
e71f3eec-819e-4e55-9b63-3272655943d7,200,295.3301,Success,4bf5c54e-d74b-44a8-8920-2ccc0478a0af,nzU_-MhSlwmwwtBOAYMChA==
e71f3eec-819e-4e55-9b63-3272655943d7,200,313.572,Success,825c118f-d21c-4c97-8dc0-d38c90068714,iFiydbAeSwbe6fNrXzmGTw==
e71f3eec-819e-4e55-9b63-3272655943d7,200,330.0556,Success,c6e860c2-e265-459b-838e-e0da74869c3c,wdjoeOwAHWeaGxxniFJolA==
e71f3eec-819e-4e55-9b63-3272655943d7,200,296.1783,Success,d3f1a956-ea57-4a02-b8da-d661060d6c52,XPErHy5HimU8kFMXr3jKTQ==
e71f3eec-819e-4e55-9b63-3272655943d7,200,319.7408,Success,26fef116-4172-4f8b-b885-80b5e62226ea,3q_-ZsjRWgq8HJthEN6ZMA==
e71f3eec-819e-4e55-9b63-3272655943d7,200,310.1218,Success,58ed2c9a-6b62-41a0-bc3a-0b2c7c81ba18,1_RswzhFCb1Kh7lkK9VkZQ==
e71f3eec-819e-4e55-9b63-3272655943d7,200,294.8711,Success,9f229830-b466-49ae-8b47-49e4ff4bb821,0QvOwQAU51jl-6iWkKF6lQ==
e71f3eec-819e-4e55-9b63-3272655943d7,200,298.1346,Success,fa03c93c-e8db-4276-a41c-18db11c13f43,OOg6A6FiKnCntO2SWqQ-AQ==
e71f3eec-819e-4e55-9b63-3272655943d7,200,273.8638,Success,9480cb20-9a09-4d06-905d-00ae6f5bd4c6,Vko4vdf1ekehXcKqnoLzgg==
e71f3eec-819e-4e55-9b63-3272655943d7,200,291.8367,Success,f10f2d8c-c29f-47d8-9cb5-9d8a4bdefc6b,eJPCmbyg47aTifu8WI4ovg==
e71f3eec-819e-4e55-9b63-3272655943d7,200,319.2694,Success,2749e282-79bb-4acd-af82-e27e5d55ebe7,y9gKN4lySuDJLB-_sp2QqQ==
e71f3eec-819e-4e55-9b63-3272655943d7,200,304.1237,Success,f301d910-5170-4a3e-9702-6613b81e9659,is_j44kulrM3IVm1WvM7cA==
e71f3eec-819e-4e55-9b63-3272655943d7,200,275.2485,Success,92938a0b-a50a-4464-8f61-91fba542519c,vW_8ToLK7b0HaWWUFJJLtQ==
e71f3eec-819e-4e55-9b63-3272655943d7,200,283.5265,Success,bc0677ad-f22c-4202-b361-73b212a71545,-UQxI2ptAWQ_L5oirTo1_g==
e71f3eec-819e-4e55-9b63-3272655943d7,200,300.4327,Success,00b0e486-221b-462a-92ed-519260178a41,Mso_tMngZkhr47SQMzEYPA==
e71f3eec-819e-4e55-9b63-3272655943d7,200,282.8847,Success,1cf0ac59-9f05-4e1f-924b-ea71c0d0113f,AtIFghn5J8p4tBjjifDbtg==
e71f3eec-819e-4e55-9b63-3272655943d7,200,286.216,Success,53084116-062a-4a14-805a-9cfa3d971e79,DaTFwhr3z8ebKVGoXeDFSw==
e71f3eec-819e-4e55-9b63-3272655943d7,200,311.1696,Success,b5b8634d-afb8-4644-a557-6816f51c9047,GZOaMmQLwA_DPz9JCEleAA==
e71f3eec-819e-4e55-9b63-3272655943d7,200,311.8218,Success,a72a5ee6-08d4-41ce-985c-9e63f44060a8,Y0UTpo8B5zVbCuwPntwtmw==
e71f3eec-819e-4e55-9b63-3272655943d7,200,330.8626,Success,085d40fe-c705-4720-99dd-54d2aeae425c,LWsA2hfxCbgfzw0Ff23LbA==
e71f3eec-819e-4e55-9b63-3272655943d7,200,310.8392,Success,19b7d991-c31e-4630-8197-2b02f50e966a,S72i6yaibjNMDw1p5CLtGQ==
e71f3eec-819e-4e55-9b63-3272655943d7,200,297.9985,Success,c38e8bad-e408-4835-ae19-292e3b9571db,4hiXDGlkV0QR4iI60_YhJg==
e71f3eec-819e-4e55-9b63-3272655943d7,200,277.4967,Success,291b9357-2e59-4ee9-9d0e-e2048240981c,nzkMTVD3MdTvWadgZZyqkA==
e71f3eec-819e-4e55-9b63-3272655943d7,200,287.4232,Success,c276f1df-7d75-4682-ab95-fdcfe6968d72,mW4ky-EscEIQRECaxoO7MA==
e71f3eec-819e-4e55-9b63-3272655943d7,200,279.4032,Success,c7e060f3-536c-458f-8493-0ce4e38bfbdf,hE4Y-V4zQbEUxG3NV9WU_A==
e71f3eec-819e-4e55-9b63-3272655943d7,200,285.4055,Success,1d089dbe-bd5b-4af4-bb8f-23db2faf6cc2,L6F7CPbSw649ypPA5Y64Fg==
e71f3eec-819e-4e55-9b63-3272655943d7,200,274.016,Success,105ad57d-082c-40bd-bae8-f4f14346b060,-9j4xS4c6JBXSleBHuF8Mg==
e71f3eec-819e-4e55-9b63-3272655943d7,200,286.709,Success,2b69929a-0b06-486a-aaba-29ce161e5b38,Lw-WAjlUOG_bW7yLNdZorg==
e71f3eec-819e-4e55-9b63-3272655943d7,200,372.1615,Success,3c220671-6bf1-497c-983d-2f182e4f818c,UNbbUW7t9d5zaXkVSN9a9g==
e71f3eec-819e-4e55-9b63-3272655943d7,200,378.2498,Success,81571d69-0956-4f75-b5e2-772e73d52068,TGLpJeEkcK3uTzscv5Yg3Q==
e71f3eec-819e-4e55-9b63-3272655943d7,200,400.1475,Success,f1a1d285-6f8b-4cdc-9383-249178555553,eVwz_sRNjei4zQHXydLFIQ==
e71f3eec-819e-4e55-9b63-3272655943d7,200,292.4666,Success,70021fbf-fba4-4bba-8eb8-39db99b80fed,P5MefQVwlJJOkNzxvVx5sQ==
e71f3eec-819e-4e55-9b63-3272655943d7,200,340.6509,Success,15f784f5-9d04-4de3-9d32-88893a53c360,4WPcZzE1-Rm903fypkawxg==
e71f3eec-819e-4e55-9b63-3272655943d7,200,289.8503,Success,6bfe975d-4322-4a4b-9fe6-9bad4391fb43,3lbTXIr3e1SA2rlylw_Jkw==
e71f3eec-819e-4e55-9b63-3272655943d7,200,320.9326,Success,80edbeac-1793-4ee4-948c-e97f6ea4044b,Vtt0tjP_v43DKVNJPxbREw==
e71f3eec-819e-4e55-9b63-3272655943d7,200,291.4826,Success,15e5270e-10d4-4231-823d-3463f6707869,vW8fhkbwJq3WPswPA2x0CA==
e71f3eec-819e-4e55-9b63-3272655943d7,200,283.7944,Success,950f7bc7-f4f8-42db-a0b7-a697d3c6d7fe,aBGjfaWQcPNwErh0hAC6Qg==
e71f3eec-819e-4e55-9b63-3272655943d7,200,286.3445,Success,a16c093f-595a-493d-ac6c-fc049612b7eb,0O16v5LNednSyLC4wW6GnQ==
e71f3eec-819e-4e55-9b63-3272655943d7,200,315.9867,Success,18b39065-d289-4e0f-a797-398ad100465f,IkPFGmH32cMrZQt1aPmsFA==
e71f3eec-819e-4e55-9b63-3272655943d7,200,307.4445,Success,5a8ef021-5fa2-4716-acef-0b91d48a4326,mv8ee6kOaMwer7O6KuPIyA==
e71f3eec-819e-4e55-9b63-3272655943d7,200,387.4985,Success,c781ca4e-5e24-408a-87e6-83a9cece7d07,BxaRmg3ddu3_0HBx73pKzw==
e71f3eec-819e-4e55-9b63-3272655943d7,200,333.639,Success,a65d1167-c50d-46e0-9d1a-912146b3c95c,S6na6YO-MHD0NQqnQHDkLQ==
e71f3eec-819e-4e55-9b63-3272655943d7,200,317.508,Success,ab8cabce-d4cc-4cb9-aa9f-34d2e99d8c00,4HwrGh6CPped8h_MwPi4Jg==
e71f3eec-819e-4e55-9b63-3272655943d7,200,322.6713,Success,28fbebd4-7759-43d7-8ebf-2630ecf66ecd,Zmefjzq6KqAIYyEhxE0m7Q==
e71f3eec-819e-4e55-9b63-3272655943d7,200,292.4125,Success,8291fd1c-8438-4922-9d1c-4a0fbab0f859,2KWIVQj_f1_icb00Psj0Bw==
e71f3eec-819e-4e55-9b63-3272655943d7,200,308.1337,Success,f17374e8-7ff7-4071-b948-292fb61d02b1,Fe29Konkn7patnNzVUMqrA==
e71f3eec-819e-4e55-9b63-3272655943d7,200,297.1621,Success,d225d5c8-012d-40d5-b4b6-f4c35ca57873,_AEbRSIeZh-6BiZ3VgI2nw==
e71f3eec-819e-4e55-9b63-3272655943d7,200,325.6589,Success,5c71bcce-2e69-4c37-8fa3-173c61cd3f4a,gERRyFsJnLOI7YBbqTzN5g==
e71f3eec-819e-4e55-9b63-3272655943d7,200,307.8736,Success,e201063a-d522-4d22-bac0-b38c6c4d0739,lHB3dlrWNM8nS2Kdmim7Gw==
e71f3eec-819e-4e55-9b63-3272655943d7,200,328.2818,Success,fc08ed23-5b94-42a7-b884-ec8d591a5eee,7qAYR1a0XxtufkzrBAAulA==
e71f3eec-819e-4e55-9b63-3272655943d7,200,299.1413,Success,16e45d75-2d1d-4f4f-b9c1-c8cffd1277c1,r5xf3Ey2fqU8C9Yl1cezQA==
e71f3eec-819e-4e55-9b63-3272655943d7,200,320.9197,Success,579d6c39-e188-46a5-9384-3862464cc1ab,JKwwzHYzZgrWwS6hce4QjQ==
e71f3eec-819e-4e55-9b63-3272655943d7,200,349.097,Success,1e133db3-3b9a-4cf1-b131-3c75be8981f8,IzblOi7To1SfpVrUcKPIvQ==
e71f3eec-819e-4e55-9b63-3272655943d7,200,410.116,Success,54d8e3a2-2f5c-4a8e-9476-a3667c1dc142,ZMogfoN2vLoquj6jH7Uy7g==
e71f3eec-819e-4e55-9b63-3272655943d7,200,312.0118,Success,56257694-59b8-4135-b02a-c3ff7fbbc6cf,UMb636c8UnD31HZvFn8qtg==
e71f3eec-819e-4e55-9b63-3272655943d7,200,293.4943,Success,303c78d0-305e-4e73-8528-01d3faf1c9e6,8JZtBc2sgztDE1FuRS0nsg==
e71f3eec-819e-4e55-9b63-3272655943d7,200,286.6823,Success,ffe958c3-ac1b-48dc-9322-b191a602373f,btf0CUwk8tRdot9LHa4bmQ==
e71f3eec-819e-4e55-9b63-3272655943d7,200,307.1492,Success,1f85bf0b-27d6-4a80-b4a2-cc74e0c5cce1,PUhM06VTRcg9X9Pabax8fw==
e71f3eec-819e-4e55-9b63-3272655943d7,200,284.5828,Success,04d2c636-71a8-429e-ab8b-cb7e359d414d,Xy7fpbg1qbHkoXvsdZdeDg==
e71f3eec-819e-4e55-9b63-3272655943d7,200,288.5209,Success,618e124d-b574-4878-9ce9-db6a1314d0b5,KonHk7Oq_x8wXVuHAx5thg==
e71f3eec-819e-4e55-9b63-3272655943d7,200,366.5626,Success,2ee20b13-016b-4ec0-9382-19d8c63cad7f,ReUj6l41a-WQ7CrVdA90xg==
e71f3eec-819e-4e55-9b63-3272655943d7,200,330.4388,Success,4363e204-f0b6-4743-aa34-5110d803dc8a,nGLHMKLxUxI9yE84ONwbOw==
e71f3eec-819e-4e55-9b63-3272655943d7,200,297.3728,Success,803f4dde-1b58-4355-83f9-9af255fe62ca,JGIeF-4c13VfTjgQDj2I1g==
e71f3eec-819e-4e55-9b63-3272655943d7,200,281.6955,Success,36fba9ec-2dc1-4121-ac60-626e4dfd77d1,GXQHqGhjW5ODBi4L2G0bXw==
e71f3eec-819e-4e55-9b63-3272655943d7,200,385.9872,Success,a11551dd-64dd-4ce3-93af-64aebeb995ed,WF26o7WI-g1sFBBjUAY__Q==
e71f3eec-819e-4e55-9b63-3272655943d7,200,375.8155,Success,cde76c99-abf8-4ded-b3de-145d0c2d8daf,wjui-ggvol__k_Fair8FXQ==
e71f3eec-819e-4e55-9b63-3272655943d7,200,339.2345,Success,fe450d01-514b-4504-aa7c-685b528b1886,uPVMps2SqYN40Y0cnERbSA==
e71f3eec-819e-4e55-9b63-3272655943d7,200,290.7686,Success,f83a0109-6b0a-49fe-b9e4-c9159cf50278,8Ug47bJe5499Osxj76_v0A==
e71f3eec-819e-4e55-9b63-3272655943d7,200,382.5555,Success,f8da0f1e-9364-4535-aaf8-4ec40c55da03,EXKNdDaT88COd5J4Hti5yA==
e71f3eec-819e-4e55-9b63-3272655943d7,200,298.6119,Success,5c83dee8-96e6-4d47-ae5f-083582ad43d3,4h3j4jZBSvCYYk5-R3lUiw==
e71f3eec-819e-4e55-9b63-3272655943d7,200,291.851,Success,74b25bae-10d0-4595-bf23-b8d5842d89bb,a1oLKgKQKZpkMpX-iyCllw==
e71f3eec-819e-4e55-9b63-3272655943d7,200,274.1746,Success,8eb4c1a3-5292-44d1-9066-b57bd901713d,t4S1rCS4UDg-B2m8MLHGFQ==
e71f3eec-819e-4e55-9b63-3272655943d7,200,355.4218,Success,3d34aef4-4ffb-41e7-a9c2-84effb080d28,210kwwSQKGxjmMzq2jI03g==
e71f3eec-819e-4e55-9b63-3272655943d7,200,280.033,Success,7ade554f-c377-471e-afbb-65af267f6496,QCYIXcYuIyOBZ6BytqWtHQ==
e71f3eec-819e-4e55-9b63-3272655943d7,200,301.8454,Success,b44f18ff-6a22-426e-b8c6-dc45b3e7b0db,u1a1Fj9XnX--68bvqxTazw==
e71f3eec-819e-4e55-9b63-3272655943d7,200,348.6801,Success,8a757a28-712b-4755-8585-9aa936ce49df,2Lb6G6w_16xVYRozzastsw==
e71f3eec-819e-4e55-9b63-3272655943d7,200,319.6468,Success,6f235314-6aee-4029-aca3-d59ea01a441c,uGiLvwma5BWGjgKpifT-rw==
e71f3eec-819e-4e55-9b63-3272655943d7,200,328.3532,Success,bee4d734-a216-4df6-a63e-ba3a29fc6948,C3LxaxMmQKfEgWKqdxYyZQ==
e71f3eec-819e-4e55-9b63-3272655943d7,200,354.3392,Success,799a2401-56e8-444d-89c4-ffad19d981c1,lpIyZUJdRdGH9DBncTSXGw==
e71f3eec-819e-4e55-9b63-3272655943d7,200,314.5772,Success,e4c6ad86-6497-4369-9f85-eea6c5ccae28,RkZgtU9DHXX0rEqddQgy3A==
e71f3eec-819e-4e55-9b63-3272655943d7,200,299.9675,Success,b1e983c0-3382-4297-8c99-70044c7cc2d9,-WRVwf4SiV89rsHkr_dg4w==
e71f3eec-819e-4e55-9b63-3272655943d7,200,297.5834,Success,48f861f7-7849-4fd3-8150-07a88581501c,WYdAnSKJ0Zi7qoYihmy41A==
e71f3eec-819e-4e55-9b63-3272655943d7,200,306.5633,Success,ea8ba177-4afe-4ef8-a18b-c874eeb61364,j5BWl2m3o6rUKzPvt7E8gQ==
e71f3eec-819e-4e55-9b63-3272655943d7,200,324.2953,Success,ca323a2c-31d3-48be-a187-588894da6df2,A8aBbtHIiJhmN-c0Jxgs_g==
e71f3eec-819e-4e55-9b63-3272655943d7,200,303.7115,Success,57542406-f642-4a28-900b-debf304bf345,xZompPMfGaJhBPf4iSLphQ==
e71f3eec-819e-4e55-9b63-3272655943d7,200,322.2591,Success,6807ea62-8a66-46a4-8fa9-c70ac611b15e,bKquZ4Huo5A5yzHh1C66Bw==
e71f3eec-819e-4e55-9b63-3272655943d7,200,322.3194,Success,ea5754db-059c-4746-a984-88a6b9412831,T6YexWTUU_MaI6sL-31mtg==
e71f3eec-819e-4e55-9b63-3272655943d7,200,292.4433,Success,36725cdf-e42f-43aa-b4d9-15ed18893af2,D-a7hH0_hxW5SaPdvMJA1A==
e71f3eec-819e-4e55-9b63-3272655943d7,200,293.2986,Success,e118cc16-0825-4f48-bbbd-9eaca15e2952,LjgIRpF0Pp-qOZDgxMAc5w==
e71f3eec-819e-4e55-9b63-3272655943d7,200,315.5651,Success,5b5cde67-ccdd-4aac-9894-852501b738c8,Lep2twoSCl4nrezfwObRAw==
e71f3eec-819e-4e55-9b63-3272655943d7,200,433.9255,Success,8faecc2e-0aea-4496-ac40-967e21b67e98,iTgeSOKx3ZXJXcVvbFBvrg==
e71f3eec-819e-4e55-9b63-3272655943d7,200,269.6021,Success,bce2b9d6-4c3f-4f84-8a57-cf666fcc9317,Og3SDzeN09COnq7OWRQYSQ==
e71f3eec-819e-4e55-9b63-3272655943d7,200,297.5225,Success,430f3f1c-bdfd-44f6-b99d-3e1e5a59e7a2,zj-1w3clPuXA-Vxv3-0z5g==
e71f3eec-819e-4e55-9b63-3272655943d7,200,295.3111,Success,dd887b9e-78fd-4b96-99d8-c90af6a3e1a0,mOvXF7gG3p70a-zI0qPQsw==
e71f3eec-819e-4e55-9b63-3272655943d7,200,305.4791,Success,50ed92c1-6ba0-43b9-bc14-bf2515b4b7f2,7kezS9hD0wKi-0LUvrAX9g==
e71f3eec-819e-4e55-9b63-3272655943d7,200,278.1326,Success,5e2c4077-c2af-4779-ab85-72264d946ca2,diJuWr0JecPvp54YikhKIg==
e71f3eec-819e-4e55-9b63-3272655943d7,200,276.2504,Success,4b698e0e-771d-4581-8b83-c67027a6a01e,nu6tuLTumennssGTkaRvWw==
e71f3eec-819e-4e55-9b63-3272655943d7,200,274.6483,Success,8d22cea5-759b-45c6-aec4-1c0a9f30c29b,uidVqrSyJq3cLn4FehK1Pg==
e71f3eec-819e-4e55-9b63-3272655943d7,200,317.1437,Success,60743014-58b4-4890-95cf-e2444a3602d8,8eiCydd5VZNMjeW9Qf0KIw==
e71f3eec-819e-4e55-9b63-3272655943d7,200,280.5137,Success,b23edb39-63a0-4962-aa03-291e359eaa5d,V6Aqu6twC_PwrAchvFCiqw==
e71f3eec-819e-4e55-9b63-3272655943d7,200,299.9742,Success,a2bb241f-3ad6-4e3b-8759-b5742f5e91dd,mdwBnsf1kFJ4NNvCVlQ-0w==
e71f3eec-819e-4e55-9b63-3272655943d7,200,300.0969,Success,e24f05ef-8556-41ab-900b-86a02f28c36a,iGU-fhTdaqBnNpao_gFHAA==
e71f3eec-819e-4e55-9b63-3272655943d7,200,275.789,Success,a93c29ac-073c-4e67-ad62-749a2680ef05,d6D-L70eZ_YLpGJyMogKmA==
e71f3eec-819e-4e55-9b63-3272655943d7,200,319.0136,Success,c574e972-0d7c-4701-87f3-a735561fdce7,U5RxhciDJmb_SYXSIqxIdA==
e71f3eec-819e-4e55-9b63-3272655943d7,200,431.4498,Success,3632edf3-ada4-44e8-8112-7f2595b71c5e,WmQS7K6f3-mfC002fhAb3Q==
e71f3eec-819e-4e55-9b63-3272655943d7,200,434.0845,Success,97bce401-c978-4f50-b4e6-8fcd2b5edec8,apBqznu6sbzKDwMAmt4yfg==
e71f3eec-819e-4e55-9b63-3272655943d7,200,292.0108,Success,d7c0eaf0-1673-4128-b2ad-bf59c99643d8,jE1p66RlFTxBFKePt-0aPg==
e71f3eec-819e-4e55-9b63-3272655943d7,200,445.2541,Success,5cede912-d908-458d-9612-a1665ce9ff34,eOg--r1XIW-spBorvAcJBw==
e71f3eec-819e-4e55-9b63-3272655943d7,200,397.5761,Success,0e156c86-a8da-48f9-aaef-6baca839d2a2,A5MV6Ms0-Mc9b3JVHQedBg==
e71f3eec-819e-4e55-9b63-3272655943d7,200,276.9721,Success,63289aa8-b7b5-4af5-b697-5789248afdf3,W8ElnfeSRG9U-yHTS8OtEw==
e71f3eec-819e-4e55-9b63-3272655943d7,200,270.3449,Success,dcf574f3-fa67-424b-a092-f6bb9a6b4206,DRaRsy2OMDfprfOPruo3nA==
e71f3eec-819e-4e55-9b63-3272655943d7,200,267.5454,Success,d7ff4405-48a6-469e-afe4-bf99091e033b,Rv-eh9Vr_MLuNmOKFPRYKQ==
e71f3eec-819e-4e55-9b63-3272655943d7,200,274.5242,Success,b4dfb525-8b09-4a65-a722-53cf84b30c06,CmrO4suTv7RgKUoko5pPRg==
e71f3eec-819e-4e55-9b63-3272655943d7,200,282.9811,Success,6922572e-0948-475e-9e7f-7126eff64ac2,_V9pSOf7n5ozxPS7EIaGeQ==
e71f3eec-819e-4e55-9b63-3272655943d7,200,258.0705,Success,6bb19d12-468c-428c-87fe-35708caa52fb,M_iAfYvnlonSMnJRFc6xTg==
e71f3eec-819e-4e55-9b63-3272655943d7,200,296.7686,Success,b16ce089-cb72-4c0d-ad59-a14e6917a69b,asMp033q9Umv13aEqo73BA==
e71f3eec-819e-4e55-9b63-3272655943d7,200,325.1112,Success,340818fd-6d2b-4eed-9071-41813b720976,akaPyqBnd4gHi6diRfgMig==
e71f3eec-819e-4e55-9b63-3272655943d7,200,324.6427,Success,4096ec38-ca40-4fed-9aaf-597c4b86e176,NF9UdbU_LwezcBuKfGrUkA==
e71f3eec-819e-4e55-9b63-3272655943d7,200,322.1277,Success,3c57959c-d981-4b77-8932-5b1427775fab,DRSjzI1zdjy68Vw4AKwxgQ==
e71f3eec-819e-4e55-9b63-3272655943d7,200,289.3332,Success,1da6b8f9-4908-4aec-aac0-4b1449429a1c,YSx-o-RUPR1Y16Z9xfULEw==
e71f3eec-819e-4e55-9b63-3272655943d7,200,297.4965,Success,d3b52743-ff9f-4a89-9523-4adec3121beb,tdGTfxKqezVVe64TIiOq9g==
e71f3eec-819e-4e55-9b63-3272655943d7,200,391.6724,Success,80ed4c89-0873-4739-a343-5d5331ce17f1,Khz8XEtiyDhRHr79w5cynA==
e71f3eec-819e-4e55-9b63-3272655943d7,200,300.5557,Success,f524003b-dbf6-4391-a05d-c74a3b1367fe,cxoP0-Wx0cgzLBwaQhaSqQ==
e71f3eec-819e-4e55-9b63-3272655943d7,200,286.5713,Success,9a010926-cc64-4b7f-b1ab-0e90690653b8,AntBmtvjM0E_18aMiLyCIA==
e71f3eec-819e-4e55-9b63-3272655943d7,200,274.0704,Success,f0c9b052-0add-4806-a8db-554dab096007,hzV72RlAZip15UKHqmoAHg==
e71f3eec-819e-4e55-9b63-3272655943d7,200,281.7252,Success,00c25600-ab56-446e-8683-bd6d1e0b9fce,VYFFctK1tD3HPLPFcgzOTQ==
e71f3eec-819e-4e55-9b63-3272655943d7,200,284.8737,Success,f131ff47-5a8c-4789-8baf-0a4a061f46ef,pNw2N2tS046iMsD7o-t4Iw==
e71f3eec-819e-4e55-9b63-3272655943d7,200,273.0349,Success,2a559622-6476-4c98-9802-6cd63cba73f8,_dK-KVVBBSoyFrktmYZzkA==
e71f3eec-819e-4e55-9b63-3272655943d7,200,292.0479,Success,d2e653b1-f73b-4a69-8855-6dd63e91d0f3,2Ybnn8QnAOmGw638X1mmlw==
e71f3eec-819e-4e55-9b63-3272655943d7,200,286.2698,Success,0571c262-4cd3-4b97-99e8-7e1be965b184,dQvAYJ1W0gUsJSaGqI1HwA==
e71f3eec-819e-4e55-9b63-3272655943d7,200,289.5045,Success,ad64025c-fbc9-4b30-896d-3e88174f65b1,6apeFT1QlhpcKXlP1uQsMA==
e71f3eec-819e-4e55-9b63-3272655943d7,200,306.9927,Success,395a37d2-bd67-4dcc-aecf-fde6d9146785,v2kUp-RkyAH42TXxIkVYDg==
e71f3eec-819e-4e55-9b63-3272655943d7,200,306.2771,Success,80c24490-3df7-41a3-bf9f-484508af9b5a,toM8bruGltJy1_01OezZGw==
e71f3eec-819e-4e55-9b63-3272655943d7,200,313.0264,Success,09a312e8-cfe7-4b02-b36f-84b0179d4d27,sPnpvYlZdSiEETEN3Pi3uA==
e71f3eec-819e-4e55-9b63-3272655943d7,200,396.7971,Success,c51191e9-7546-4b32-a39c-6dbfa84b4536,KK3D7gDwWIaryKQIjzChag==
e71f3eec-819e-4e55-9b63-3272655943d7,200,284.9496,Success,533a61a3-38bc-433e-8fc3-3650f68ad964,uPREvrcIpadfWVzeqKOaqw==
e71f3eec-819e-4e55-9b63-3272655943d7,200,276.0771,Success,f3830098-8ac7-4646-b804-0e3c695425f2,CMoNAV5wOIM1eGMwmw3NiA==
e71f3eec-819e-4e55-9b63-3272655943d7,200,264.6012,Success,31e3395d-48ae-482c-bbe8-2000563566b6,e2DQp5jP-DMBAIupENWNkA==
e71f3eec-819e-4e55-9b63-3272655943d7,200,260.6468,Success,c4b1bff7-fa13-40f0-8268-0f70ab2dd85b,R59LIMBXtdHYtLTv_HuCNQ==
e71f3eec-819e-4e55-9b63-3272655943d7,200,284.9139,Success,266b4152-930f-4d7f-bb2f-d303b2066608,X8wRqbTKKlRtetrjoDeZiw==
e71f3eec-819e-4e55-9b63-3272655943d7,200,295.3379,Success,a88a61f5-373c-4678-9064-ff10d4e1d468,GPKXlRSLyNZSQ0IgTjO1-Q==
e71f3eec-819e-4e55-9b63-3272655943d7,200,294.2541,Success,20875b3e-7024-4434-ac53-93d7ea598322,Euekf9LN-xsG2t5F6RpXdQ==
e71f3eec-819e-4e55-9b63-3272655943d7,200,291.2443,Success,401d1a75-47b7-4171-8eac-799047d0e9e1,AulbXyMfsmUeF8lwPUv3fA==
e71f3eec-819e-4e55-9b63-3272655943d7,200,265.2416,Success,451dc8a6-8bc9-4416-a508-099c8bb09ad5,PRASszLZrW1XwgjBtwOE7Q==
e71f3eec-819e-4e55-9b63-3272655943d7,200,282.7884,Success,e4fa0232-6887-46b3-b7ae-7e4bbd3bfaba,DBbSXMRfMZOmqJW36q4gYg==
e71f3eec-819e-4e55-9b63-3272655943d7,200,282.0341,Success,0f050aef-1919-499c-ba76-ab631b97697e,6UlY59ccyvfXZIEp8g47Zg==
e71f3eec-819e-4e55-9b63-3272655943d7,200,305.6751,Success,b8a4a890-3eab-49af-8e10-98e4d87b6b74,tHrOfffpxfVCuBDITmojtw==
e71f3eec-819e-4e55-9b63-3272655943d7,200,333.9532,Success,e1ce8360-70a0-4f93-a8ec-709058b5a2c1,1zH1AEmmdFk0jf4ZuqDNLA==
e71f3eec-819e-4e55-9b63-3272655943d7,200,299.4175,Success,92f47135-fbb6-488e-86d3-628ff8336f1b,pW1YdqkU9INu0gnxiVtdjg==
e71f3eec-819e-4e55-9b63-3272655943d7,200,291.0069,Success,16a62ce0-a1af-41be-832c-64a429751309,XNg7nV7UxpSy-9wt56xmrw==
e71f3eec-819e-4e55-9b63-3272655943d7,200,288.1779,Success,5032bddf-743c-4461-bbc3-13d7f9f0669f,1kh_VOP73qpeN8YrguXvjw==
e71f3eec-819e-4e55-9b63-3272655943d7,200,307.1804,Success,9a367fc5-49dc-43a7-9d46-bc6ab995fcb7,klLXmclN4FAppNmfmCt9zQ==
e71f3eec-819e-4e55-9b63-3272655943d7,200,282.1195,Success,930fd9d0-b968-4d19-a431-8659b49ad471,u6vQWG5NsyqZ5DqD_eJFng==
e71f3eec-819e-4e55-9b63-3272655943d7,200,294.4426,Success,d6c43432-89f4-4767-8463-b97a3effacfc,YWwX4U_e_6THnR_adJn4qQ==
e71f3eec-819e-4e55-9b63-3272655943d7,200,278.7655,Success,65fef272-7f7c-4e7c-9be6-859dff5dc93d,UO4DZy0Rl6g_CfI6Vd4niA==
e71f3eec-819e-4e55-9b63-3272655943d7,200,316.8693,Success,adab3593-7b68-47ca-93ce-943430deb31e,v-r72X2Ibl8TwtmHtkzpmg==
e71f3eec-819e-4e55-9b63-3272655943d7,200,291.6205,Success,d87f9096-860c-4896-96b2-978e2418ab2e,GiIcUQenCvk8UzJtJOzZpw==
e71f3eec-819e-4e55-9b63-3272655943d7,200,284.7253,Success,e607f8b2-0a8c-48c3-9a67-c1e1f13795ed,fqCaN3RKhSDCxEY_0NrUcw==
e71f3eec-819e-4e55-9b63-3272655943d7,200,300.1279,Success,c3756193-36b0-4a2b-a4f1-790e82571586,Fo6nTJkjs7nLPyr8inEf4A==
e71f3eec-819e-4e55-9b63-3272655943d7,200,309.527,Success,583edae4-5380-4c09-aa8b-fa309f34f30e,hJD_ctFgueypryvC2W2hyw==
e71f3eec-819e-4e55-9b63-3272655943d7,200,307.9718,Success,bd3d974c-b2a6-40cb-a7c3-9cf4746d0f71,_ziAGUedD-5hryFO8z-Tpw==
e71f3eec-819e-4e55-9b63-3272655943d7,200,280.7817,Success,a5c72ada-33b8-48fc-8662-08133fc3d28d,hy6V-ftQUaSMZ7CSph_Jnw==
e71f3eec-819e-4e55-9b63-3272655943d7,200,361.9213,Success,79e1c51c-233a-4134-b876-34e29f564bce,ODGRG3nVDw9n9YXCIpgOsA==
e71f3eec-819e-4e55-9b63-3272655943d7,200,300.1182,Success,2edd5225-0797-44c4-bb1e-87075e6199a7,OA-sN30wIoff8KHDq4OenA==
e71f3eec-819e-4e55-9b63-3272655943d7,200,297.4937,Success,a3f090bf-df90-4ef5-b88e-e38e694e9daf,ZSBmfBN_vuMwVKDcQns1hw==
e71f3eec-819e-4e55-9b63-3272655943d7,200,299.4778,Success,45ac2ca4-4fb1-41df-881f-38ab4a3a9f0b,IO3I_KJBTzm8xYhMZudVkA==
e71f3eec-819e-4e55-9b63-3272655943d7,200,269.9272,Success,d0a0f6ae-6481-43f1-8a59-53030eca611b,WXVjjGnv8_P1p7DlJAwX_w==
e71f3eec-819e-4e55-9b63-3272655943d7,200,301.7254,Success,6209b856-4277-49a0-aa66-146f27ab3b19,wg2C-WS2HtaboNTwIc-vtQ==
e71f3eec-819e-4e55-9b63-3272655943d7,200,286.3107,Success,2c36afe4-6d5b-4227-8aa7-f12b1660d216,tH2aZi4ODAaRZiJNvX3ZXQ==
e71f3eec-819e-4e55-9b63-3272655943d7,200,411.0805,Success,5d76a76e-ca2a-40b2-86d9-4871ef11f78e,pvjrDDmkiy3StyfbnQS-Qg==
e71f3eec-819e-4e55-9b63-3272655943d7,200,400.6673,Success,c244d8dd-25ee-4139-9324-df20c3e1badb,JT209gYRcKfpmP3hIernaQ==
e71f3eec-819e-4e55-9b63-3272655943d7,200,351.963,Success,73c0085e-9d4f-4e1d-9310-0f23cf75c9c4,aKr6JsFm2ihri7DFbB3DLw==
e71f3eec-819e-4e55-9b63-3272655943d7,200,268.1196,Success,2bdfc89c-c3db-4492-bb45-6e9b796da4fd,SrEcqR_8SZlZgYkOOxnWIg==
e71f3eec-819e-4e55-9b63-3272655943d7,200,293.0132,Success,9fcf0ead-1cac-4740-97ec-998a27d9a68f,TEQvmg3AjLtqf7WhYzWnOA==
e71f3eec-819e-4e55-9b63-3272655943d7,200,308.0023,Success,4975636c-c936-450d-95ad-2bdb1ddafe80,pxZr1eszj62V9BoORaUXLw==
e71f3eec-819e-4e55-9b63-3272655943d7,200,296.955,Success,9d8f3b22-ed8c-4b66-b122-760fea4e8395,cAly18Pe1L7Nz0RgRsrz-g==
e71f3eec-819e-4e55-9b63-3272655943d7,200,281.3916,Success,711d64de-39ca-4c08-944f-cc1c8e450286,csM7Ec9bWVwZdSjVBmQkig==
e71f3eec-819e-4e55-9b63-3272655943d7,200,284.5669,Success,7579a0e9-1bf9-4c74-bddd-70f3ba6a2adb,zTOnt3dcqlmSx4VDvKekRQ==
e71f3eec-819e-4e55-9b63-3272655943d7,200,421.9809,Success,88ec7dd5-835f-4322-a340-42123ed58991,oWt2_X81cKwCLXq7kJVvzA==
e71f3eec-819e-4e55-9b63-3272655943d7,200,427.3843,Success,73dcfd6a-694e-4766-887a-ee6171c19d23,YLNepM8araapUKmoATh_0g==
e71f3eec-819e-4e55-9b63-3272655943d7,200,434.8315,Success,13dadd3b-e903-4dad-bbb5-62310ec5aed7,6cHg550WYJqHY3IPt8FqcQ==
e71f3eec-819e-4e55-9b63-3272655943d7,200,436.4046,Success,b9b5a4e0-6d9e-4979-ae78-96605d6cf2d1,wumQoeqqK_BI6VWPRfw6_w==
e71f3eec-819e-4e55-9b63-3272655943d7,200,456.8362,Success,978f2caf-ece0-4e1a-bd3b-8e20a3b65b36,mDs-N4jI97vHEw_sr4pMAw==
e71f3eec-819e-4e55-9b63-3272655943d7,200,461.674,Success,27fe8629-6ded-435d-b6c9-c3a0ac35d42f,fCOF3q0MBWxa4oa0mdanUg==
e71f3eec-819e-4e55-9b63-3272655943d7,200,462.1766,Success,402c9c90-f13d-4537-b401-1e0628c42414,KMZrW5O0SENFJCGJ9JinzA==
e71f3eec-819e-4e55-9b63-3272655943d7,200,462.1766,Success,afb4ef44-db28-4751-9785-104410903c04,7ZUexECz9Enmu9CnFB7yIg==
e71f3eec-819e-4e55-9b63-3272655943d7,200,472.3592,Success,1a9d4961-fa7f-427f-a755-2fa34bacbcde,nWBxuc8e49evo-clIzCAFg==
e71f3eec-819e-4e55-9b63-3272655943d7,200,476.0974,Success,82434166-3aee-4654-86b1-8c3e08737ab6,56YXpK2FyeosyUPzEYIf3A==
e71f3eec-819e-4e55-9b63-3272655943d7,200,267.5295,Success,d2d0e022-bc5f-4dba-ab05-75b7881e0190,S94NDov6m0lqjaIiETTlMw==
e71f3eec-819e-4e55-9b63-3272655943d7,200,270.8905,Success,ad485cc0-d947-4019-bc1b-347f9b7f88b1,tW6jLH960bYDgwInxKi0fQ==
e71f3eec-819e-4e55-9b63-3272655943d7,200,286.8191,Success,6d2ee037-31e2-40c7-85e4-394fcac0a8d6,RYTMJSDFLBsjQgvtvQwxrQ==
e71f3eec-819e-4e55-9b63-3272655943d7,200,310.0599,Success,82fedfab-78c0-4a2e-9ed0-d5d2d02a3e59,G5wYyJ4w5gSxGd1l8rfzVA==
e71f3eec-819e-4e55-9b63-3272655943d7,200,286.0073,Success,9649b02b-9a58-4769-b885-33596a1dda8e,GSQzFNF_j8KOnDHVJVYN9g==
e71f3eec-819e-4e55-9b63-3272655943d7,200,323.0725,Success,a3e26fd8-7b25-4411-a639-3b4a2115cf9a,Qa9NI-2htx1vU0LT0QSG-w==
e71f3eec-819e-4e55-9b63-3272655943d7,200,307.5464,Success,9cd21f0e-268d-402e-95e5-6bfcaa70e5af,goibpiGmWKmcHRf46yAg_g==
e71f3eec-819e-4e55-9b63-3272655943d7,200,296.9523,Success,bacc0d06-3b84-43b8-8a30-40198a598cfc,R2fL6PPTfIP28rEKVkzHjw==
e71f3eec-819e-4e55-9b63-3272655943d7,200,278.1604,Success,80591e4a-fc76-4cb6-8be9-c26e847c83b7,ozOraEGVsF2G9MGhkoYG1g==
e71f3eec-819e-4e55-9b63-3272655943d7,200,271.3065,Success,672cfbe1-2ca0-4578-b2a3-73bbaf9b211d,PPemxQBmO0_37C6WAiZ-bg==
e71f3eec-819e-4e55-9b63-3272655943d7,200,280.8513,Success,9e1aa7ca-b6b7-4971-8d17-0aed78833b62,d2nSqV0-EHqwnQ0kq12arQ==
e71f3eec-819e-4e55-9b63-3272655943d7,200,296.2084,Success,95b51708-ccb3-45c9-b2f2-d8275d5f7723,oUKxMj60M2uvtaljc_bVCQ==
e71f3eec-819e-4e55-9b63-3272655943d7,200,306.4527,Success,ef18d018-8ea4-4d6b-b067-763025a163b2,tMRjeVRq9c33AYNs90fBuA==
e71f3eec-819e-4e55-9b63-3272655943d7,200,272.232,Success,4fb271d4-072a-40aa-9b0b-88e0781a8bee,4Lga4NH37d_8wsu9QcuF8A==
e71f3eec-819e-4e55-9b63-3272655943d7,200,309.4831,Success,785199e0-7af2-408e-a3a3-7cfa462f3ba5,Dvrq_-exqhZQPdjKAV4I-A==
e71f3eec-819e-4e55-9b63-3272655943d7,200,270.2676,Success,d0b4a436-4d76-497b-83c0-3edd510c4305,WInD1BDBzWsvgIpchkMqAg==
e71f3eec-819e-4e55-9b63-3272655943d7,200,266.7492,Success,8a1e4ecf-6650-4ba7-9bcb-17ec52caa79f,zL_mqFReFd3FcduEf0Opvw==
e71f3eec-819e-4e55-9b63-3272655943d7,200,284.3549,Success,6aaac53c-b34b-4a22-9430-b27d564f961a,n9fTrCY9HV0JOqX-jVxDew==
e71f3eec-819e-4e55-9b63-3272655943d7,200,274.0422,Success,eea11213-54aa-4576-8b31-c5ea514e56b5,YnX6xi5GFsp2VY28gKsO4A==
e71f3eec-819e-4e55-9b63-3272655943d7,200,272.8256,Success,bab5b3f6-d0ef-4096-9b3e-c0fa93069bf6,32OTC6qIJFeleWCkMFBzFg==
e71f3eec-819e-4e55-9b63-3272655943d7,200,259.907,Success,143a8c04-3f12-40cb-81e8-a08b7d2555c5,bBrxAep7rmTiK5f7j_HC7Q==
e71f3eec-819e-4e55-9b63-3272655943d7,200,284.581,Success,dc3aacd1-db52-4236-951d-40a5269ed17d,llCPWXmGJb1kks9PzIuH_g==
e71f3eec-819e-4e55-9b63-3272655943d7,200,304.1193,Success,af419f25-db6a-47b4-b35c-92d1fc2afc7b,Nl4Al6AFXKjdLSxluCUNcA==
e71f3eec-819e-4e55-9b63-3272655943d7,200,269.8096,Success,0a0313e2-d294-4bcd-a2db-7eb0ac0ee1c0,fFBzlM5m-ZQXt4bQbNcMRw==
e71f3eec-819e-4e55-9b63-3272655943d7,200,283.9678,Success,b2356099-fe0e-41d1-a6d2-e7f712bb8aca,F-ZaVZS3jhsuzLoJiz6MVw==
e71f3eec-819e-4e55-9b63-3272655943d7,200,274.0257,Success,6422c27d-e33d-4ffb-8c11-601a71f60869,87J7Ph-zZyESTZHfuHLnMg==
e71f3eec-819e-4e55-9b63-3272655943d7,200,297.9003,Success,ce0476cf-fb42-4591-9935-fac55e60d8fa,C_D97PYhwT-GyTyQ8TvL4A==
e71f3eec-819e-4e55-9b63-3272655943d7,200,265.432,Success,2b120b76-2d56-4915-9124-d8c9a180f708,NWv62NIyeWdTCzA81IA9YA==
e71f3eec-819e-4e55-9b63-3272655943d7,200,259.2356,Success,504d76ce-5ef6-4b80-9940-5c974e558f0b,v9LuFYM0V0vlx8Dbc0Vf2w==
e71f3eec-819e-4e55-9b63-3272655943d7,200,269.6629,Success,a3106135-ee76-4328-8273-4f77a4591095,b5omT_xUnhdwOwRTTHc77Q==
e71f3eec-819e-4e55-9b63-3272655943d7,200,262.8637,Success,f75e89ca-f911-4f7f-872b-67b7c591de70,LiMTfaiIldxjA8wEUevmgw==
e71f3eec-819e-4e55-9b63-3272655943d7,200,264.5457,Success,1731151b-073f-435a-bf45-da5c2f45eb7f,_kbtFuCJHhe7oZJ8N4L-wA==
e71f3eec-819e-4e55-9b63-3272655943d7,200,272.7894,Success,127215f1-714c-44d1-9a8a-0108172fb2fc,Qn42HOQ3taAvRiBU7CwvEw==
e71f3eec-819e-4e55-9b63-3272655943d7,200,253.5419,Success,d0113173-9c25-44e3-b525-f72770229703,CWDRoi0MC1kCwl0Feo3uDA==
e71f3eec-819e-4e55-9b63-3272655943d7,200,265.9347,Success,2da2e312-eff4-4a39-89ea-f172705ed67f,LalnbVzOAwu25KawXDbB2w==
e71f3eec-819e-4e55-9b63-3272655943d7,200,273.4309,Success,49fcc4ed-3295-4c94-964a-8ee869ff95a9,3xSjYmq98kRTiqPSsj4TKA==
e71f3eec-819e-4e55-9b63-3272655943d7,200,268.9747,Success,340eb623-0066-49f3-8883-ccb907045bcc,ilNmO1gVBGthMi9ADM5mkA==
e71f3eec-819e-4e55-9b63-3272655943d7,200,277.9158,Success,0395c331-7c1a-44e9-b322-9c6752b23afe,wg8A2kdlbNNAcPPahtTdKg==
e71f3eec-819e-4e55-9b63-3272655943d7,200,269.8073,Success,edcd3140-4b2e-4733-ba97-4996fb62d24a,TmGc9s9e8AYURI2hweXqSA==
e71f3eec-819e-4e55-9b63-3272655943d7,200,260.7421,Success,2d36797c-b7e4-48a2-af09-2a4b510875fe,V9Czk4_9QOgBTbFRBB84hg==
e71f3eec-819e-4e55-9b63-3272655943d7,200,276.9156,Success,066c8054-eae6-43e1-9e1b-87b361a92e74,YEpgU6aha2nWu8yMcscAnQ==
e71f3eec-819e-4e55-9b63-3272655943d7,200,278.129,Success,574ab1da-23fe-4a89-ae4d-44466ba11365,TKAd4FJBCj5LDkg9ieYS2Q==
e71f3eec-819e-4e55-9b63-3272655943d7,200,298.9663,Success,d12d149c-ab6d-435f-9502-08206e666ac1,hkshTeGQ8RfQ7krBYVzYWA==
e71f3eec-819e-4e55-9b63-3272655943d7,200,297.7985,Success,7189bc5d-14ba-4fd6-b323-960e7a2fb28d,O_HS-SsdKTGmTGLrCq3O0w==
e71f3eec-819e-4e55-9b63-3272655943d7,200,290.4492,Success,98a49591-76e3-4942-86ca-443bd0d99e69,3jc8myLOS7KpO2DMp8q0ZQ==
e71f3eec-819e-4e55-9b63-3272655943d7,200,274.6725,Success,1ce07ee1-fe14-458c-b83c-bf6f5ddcd27d,H7uPLnYXbbbr3AB_4-_VVg==
e71f3eec-819e-4e55-9b63-3272655943d7,200,302.5317,Success,4e93f421-8062-49cb-b790-29291554ff55,clSjd0ENjIqbmQ_AKFjeMw==
e71f3eec-819e-4e55-9b63-3272655943d7,200,297.8517,Success,8ce97ede-df2f-47ed-9408-7a4fd425a853,FEvpsmkcdmyq-JrBlU4jNg==
e71f3eec-819e-4e55-9b63-3272655943d7,200,285.4437,Success,f033638d-dba7-48d9-a038-8f22abf1f889,r2VQeHuUTsALdMeUyZEJSg==
e71f3eec-819e-4e55-9b63-3272655943d7,200,289.1461,Success,82939420-9f91-4d4c-a393-520a7261a423,7t-iQK8QxJBqQmWeBS1ZRQ==
e71f3eec-819e-4e55-9b63-3272655943d7,200,272.0764,Success,956187ef-9e75-4e22-832e-9e7c756824c3,b653c53Q6L1AwhQoyaqhhg==
e71f3eec-819e-4e55-9b63-3272655943d7,200,275.2899,Success,d9f5025a-b388-47c4-a938-77a2fdf28e9a,6Agdw2O7l--exRsk-1DQcw==
e71f3eec-819e-4e55-9b63-3272655943d7,200,292.8396,Success,e14f37fd-f489-4afd-b463-6aef3c57cb09,8CQ-onRNpKeQqcjb3cTEaw==
e71f3eec-819e-4e55-9b63-3272655943d7,200,309.4855,Success,d6012b1f-a907-4e4d-b7f3-f86312136b9b,udi31XRzXtze1r1xiTeypw==
e71f3eec-819e-4e55-9b63-3272655943d7,200,297.5047,Success,1e1eada8-3b62-4d04-9de3-ab4580f5bb81,F6dpP9IynuCBsXWmIFqpJQ==
e71f3eec-819e-4e55-9b63-3272655943d7,200,292.9442,Success,a50b710e-504b-4343-acf5-31ac86808bf8,_RC3QjsJwarcuCkXIsNtpA==
e71f3eec-819e-4e55-9b63-3272655943d7,200,350.838,Success,6bd1e5ce-d048-405a-9f11-2b0508d2efdb,MZVL1dA5LdyxKatYm81BcQ==
e71f3eec-819e-4e55-9b63-3272655943d7,200,275.6809,Success,96680a03-f84a-4228-aa23-a037e2f896bb,t-ElcaL12Tdqo61QS-0NKg==
e71f3eec-819e-4e55-9b63-3272655943d7,200,268.8891,Success,b7a93ba1-53ce-49b5-bb4e-5250e4088812,gWltxddZfJFMUN1fo8bbIg==
e71f3eec-819e-4e55-9b63-3272655943d7,200,267.0156,Success,eb771363-571d-4bd4-9d9b-89104921bb2b,NADeyLZnCELSqpqi7OJ8zQ==
e71f3eec-819e-4e55-9b63-3272655943d7,200,263.2116,Success,8790c5b5-ec07-4c07-92f2-24e403b1a6bd,FGkqEAbDwaUFiJedYQWILQ==
e71f3eec-819e-4e55-9b63-3272655943d7,200,292.6605,Success,0d4c01b0-94c6-44bc-85b1-82682f6bd8fb,Voc5pD_L0zAomAC3Sh4rYQ==
e71f3eec-819e-4e55-9b63-3272655943d7,200,262.4731,Success,5cb84e44-0cf2-4715-8a15-27215fe4f9f7,FMusrm3FOlnyRrfR8ZkaMg==
e71f3eec-819e-4e55-9b63-3272655943d7,200,294.4713,Success,dc800b3a-c6b0-4cf7-a9ae-f2d084bc9a87,7b50QzXrsbm5Sy7yELAFlw==
e71f3eec-819e-4e55-9b63-3272655943d7,200,272.357,Success,8c648b3a-f6ff-4da2-8bb8-505b4d6b7fc9,fK3EsrF0IMDh3-DK3ux_Sg==
e71f3eec-819e-4e55-9b63-3272655943d7,200,276.8633,Success,fdfbd2b2-5e1a-433e-a249-205e684bde7c,7GmYipaxyJLna-fov7d0Ow==
e71f3eec-819e-4e55-9b63-3272655943d7,200,286.2924,Success,e26a41c3-c5c8-4530-b75c-7847750d47c6,TxC7hSNl_Bfv6Pp_w3LSrg==
e71f3eec-819e-4e55-9b63-3272655943d7,200,269.8515,Success,f4ebea2d-9375-4cb0-9e83-40d7147a0598,XGA66km6BMhjYwBPdc6PQQ==
e71f3eec-819e-4e55-9b63-3272655943d7,200,260.9458,Success,d1478e8d-f63a-4806-ba3c-88850ee66252,wNT96ZRZQX_6zfKkWJIiug==
e71f3eec-819e-4e55-9b63-3272655943d7,200,292.1388,Success,ca1a47fc-f3ab-4342-abae-f236d78eda3e,NXJhPF7i_W2P-CMo8v6fJA==
e71f3eec-819e-4e55-9b63-3272655943d7,200,287.3626,Success,d99b799c-fe9e-4a73-972e-d3df8047b10d,HfnWc4-E4bPozC3QVppcpA==
e71f3eec-819e-4e55-9b63-3272655943d7,200,298.8715,Success,1df3a6cc-cb75-46fe-a362-435f6f8ca7c0,hXVbtEDk0sIclIifYDeGJg==
e71f3eec-819e-4e55-9b63-3272655943d7,200,281.7078,Success,bb14347d-0613-443f-ab31-ab38acc1b430,9_02M-bv38fNDMtG4lbk5Q==
e71f3eec-819e-4e55-9b63-3272655943d7,200,270.7796,Success,1526e664-7f3a-40fc-b967-6e8525ec5ef4,PTgMnW5WJv_xzV-8ELg6hQ==
e71f3eec-819e-4e55-9b63-3272655943d7,200,278.6278,Success,d812f9b1-7d2e-480d-ba35-1a0fee9b0d01,fZI561Un93zsMFeTDM1Fjw==
e71f3eec-819e-4e55-9b63-3272655943d7,200,269.8043,Success,cf14307f-bbd0-4ba5-84f4-ed7424b0efa0,d4JuSLtuU61S3IW60nAPKg==
e71f3eec-819e-4e55-9b63-3272655943d7,200,274.4417,Success,35f3abba-af9e-4c68-8846-cb9b0945cd5f,AZpjN83MrsJESy9an-ZVkg==
e71f3eec-819e-4e55-9b63-3272655943d7,200,292.4456,Success,9c30eda8-2821-4973-a067-69af0c7e1340,4IKLkPPYLmfxndlgArtYpw==
e71f3eec-819e-4e55-9b63-3272655943d7,200,309.6833,Success,81c240f2-7504-4140-9d1b-5f0427b81432,gK4MJ6teg8_-VSlCEAiiRA==
e71f3eec-819e-4e55-9b63-3272655943d7,200,285.9953,Success,5a6169a6-3202-4c20-9588-946d2cd33662,aVLebqWSnI9hhnLFPp3Xqg==
e71f3eec-819e-4e55-9b63-3272655943d7,200,290.9127,Success,a4b5a25e-f132-4396-adb0-cd0b9c6d5ab9,2BeFNCZAmZImbZHhnqXLDA==
e71f3eec-819e-4e55-9b63-3272655943d7,200,302.0691,Success,d2603edc-481b-4488-85a2-4e9830b6b6e2,bYiUzbGrWCbzrahzBQwwjA==
e71f3eec-819e-4e55-9b63-3272655943d7,200,306.1631,Success,c5be8e1e-6f00-48ae-81bb-313cf8dfff3a,TUtAOZSBOeAOyhUzxtLaRA==
e71f3eec-819e-4e55-9b63-3272655943d7,200,299.7,Success,be01cc57-6f09-4466-a229-22565f70a035,JlEzI-0HGXjBS2fyy1RNzg==
e71f3eec-819e-4e55-9b63-3272655943d7,200,283.826,Success,10469fe3-17f3-42c6-8667-4ba85f22e165,sXhQjbbjWovJYLuk7KS3ug==
e71f3eec-819e-4e55-9b63-3272655943d7,200,263.4348,Success,4f83dc95-6c73-4c5e-b1e4-257b52cca598,U-0BU3QgC-VcwnFhgwc_pA==
e71f3eec-819e-4e55-9b63-3272655943d7,200,288.6364,Success,f8975b35-6925-4f3c-a090-11456f5e36c1,HizBE3HMbSISUcMT1S1y6Q==
e71f3eec-819e-4e55-9b63-3272655943d7,200,299.6333,Success,c56e259d-00f3-4c29-b5f8-d568ffd74eae,1t4y9leMvWxeOEHJJy2_yw==
e71f3eec-819e-4e55-9b63-3272655943d7,200,279.0788,Success,d29e9f18-9231-447e-b499-ab682ae41519,63ZDaUwy0CB8yy34oCqW0Q==
e71f3eec-819e-4e55-9b63-3272655943d7,200,262.1624,Success,59f8a1c5-9d7f-430f-a83e-a7d5a4f72e2d,Vb-QgzDY8HtfJdZ3c9ZB7w==
e71f3eec-819e-4e55-9b63-3272655943d7,200,293.1225,Success,4940c02f-fccb-4678-96e5-b90cb44a50f7,DXPeL3gY7WBZ8YPZoKi6Jw==
e71f3eec-819e-4e55-9b63-3272655943d7,200,271.2024,Success,6d409feb-a37e-496d-8db0-436875c2a5d2,EEglZVtpRTtflWjfB8hh7w==
e71f3eec-819e-4e55-9b63-3272655943d7,200,284.7292,Success,1c73ffd4-d8f4-4ca5-9b2f-12cd7032a3f1,w4Cpg_pUJof1ZdmiQzwixw==
e71f3eec-819e-4e55-9b63-3272655943d7,200,282.3115,Success,b99e34b3-a673-4a82-aa0d-78fa015dd0ce,AFDXKvvJahGIrPWGu1Fcdg==
e71f3eec-819e-4e55-9b63-3272655943d7,200,301.2938,Success,7d21abcc-b121-4de0-875f-2cd22502739d,e-Xq5xkzcm-nWFWhyQasfQ==
e71f3eec-819e-4e55-9b63-3272655943d7,200,268.7971,Success,b326e902-e387-4235-8511-852b0e8baf04,Qb1O1PSFfCW1P-zCnXIHNg==
e71f3eec-819e-4e55-9b63-3272655943d7,200,257.486,Success,3b95c8ab-bdff-4a96-9d58-de28d8265900,_fdEICt8yJTmeq_V4DbnCw==
e71f3eec-819e-4e55-9b63-3272655943d7,200,270.0464,Success,dfb07727-77ca-45e3-a476-6182ba0ea9b6,uNDmLQdwlZSTHrVT7MdLQQ==
e71f3eec-819e-4e55-9b63-3272655943d7,200,311.4511,Success,bf214dd1-4c8d-42c1-ae18-caf6594fba73,VtDew1Xdj7x9Bgd5XVRHcw==
e71f3eec-819e-4e55-9b63-3272655943d7,200,294.3719,Success,65abb2c6-0888-4dfd-8602-e4998b907e85,NeQ8_uPbRpjkBgvud58Kjg==
e71f3eec-819e-4e55-9b63-3272655943d7,200,295.8623,Success,b5276cd8-3bd6-4f66-918a-83e960157648,PaqTHoqP7f-oPu1zYW10FA==
e71f3eec-819e-4e55-9b63-3272655943d7,200,274.2611,Success,27091ef8-0784-4d8c-aaaa-3e5bf4b994e3,fxILEQTVY0VckgHcSGdfCQ==
e71f3eec-819e-4e55-9b63-3272655943d7,200,269.7726,Success,7f3b9ebd-ee40-4345-b346-6daf0bb0c225,IHjlNFEiIRzWivUKYSUBNw==
e71f3eec-819e-4e55-9b63-3272655943d7,200,295.3049,Success,f72cf639-f9f4-496b-9282-fb2c5faf790d,eSDMQIgMUFBAtIQRmvV_xg==
e71f3eec-819e-4e55-9b63-3272655943d7,200,304.5748,Success,a21968ff-bfc0-4962-bfc2-afbc066286a9,0oUrh2bcD5tbMsJv5Fci7g==
e71f3eec-819e-4e55-9b63-3272655943d7,200,269.0461,Success,7afae2f0-87b6-489e-b7b5-7587df03ca28,PGp7kpttLMyxxo_9Uitfxw==
e71f3eec-819e-4e55-9b63-3272655943d7,200,276.5134,Success,7e153469-402e-448e-ace2-acb4446af2d7,eA77kjHdn9Dl04oL71YW7g==
e71f3eec-819e-4e55-9b63-3272655943d7,200,262.4516,Success,6a2d2833-0088-48b6-a9dc-3e2021f99a97,69qtO06aAfnxYa597pCmjw==
e71f3eec-819e-4e55-9b63-3272655943d7,200,268.9091,Success,dac7fdca-9cd8-4935-abe5-8353bfd9a684,Q_OswukkLhqjF33pSAAteQ==
e71f3eec-819e-4e55-9b63-3272655943d7,200,284.4222,Success,d4468409-4382-4a08-959d-c596f3c2fbbe,w3BlPGJHh2Mqg4YPKImrgQ==
e71f3eec-819e-4e55-9b63-3272655943d7,200,265.4607,Success,59511d43-e30c-454a-beb6-ed225867717f,nI6ygXBfg06TlPovyEF3dg==
e71f3eec-819e-4e55-9b63-3272655943d7,200,275.8786,Success,73ef7ed7-effe-4118-b9f4-1d5faac2a5e6,sFoJVk_wC0zV854R4ArPyg==
e71f3eec-819e-4e55-9b63-3272655943d7,200,280.4254,Success,1e8e80c5-cb06-4a3b-ab21-765759f95124,poTiOSA8CJaW7NzgwFOI8A==
e71f3eec-819e-4e55-9b63-3272655943d7,200,307.7691,Success,23d464c6-4375-4ef7-86a6-fc044b8b6786,MLJIxOlurAcxSHu1aBE7nQ==
e71f3eec-819e-4e55-9b63-3272655943d7,200,280.4085,Success,00689184-f731-4b25-84e8-b6210bb2322e,YaEZ2ESz1bNre4n04P-dMA==
e71f3eec-819e-4e55-9b63-3272655943d7,200,312.0191,Success,7160ad80-d3de-42e5-922e-3bb9a2b7b3a2,8OeghZBmUckGtD3YgjQ1pQ==
e71f3eec-819e-4e55-9b63-3272655943d7,200,318.1386,Success,bd1ff1c5-27f7-4515-b217-9f68af0e8958,XLIyA0Ej36k0YZY0JaFdJg==
e71f3eec-819e-4e55-9b63-3272655943d7,200,299.2137,Success,3f91f181-35d2-4478-b3ba-d81259ed2ef4,br7XO5TmGRVvDQ5vOwFWIA==
e71f3eec-819e-4e55-9b63-3272655943d7,200,301.1274,Success,22cb4295-b3ad-4759-9d03-0e171aaa2c7a,m5W9t-aBfsz56R1i2JzDUQ==
e71f3eec-819e-4e55-9b63-3272655943d7,200,306.5174,Success,2ede5015-8579-45ba-990f-b5f24da36921,DNgykO8bnlE5T3jjl3BmUA==
e71f3eec-819e-4e55-9b63-3272655943d7,200,298.7645,Success,8c2e6a90-97c9-459e-bfcc-27339711057f,ddxTyMBwpoBuCgLtrDPQtg==
e71f3eec-819e-4e55-9b63-3272655943d7,200,306.2992,Success,2963260a-cdcc-4836-8328-61ce180072c2,hLUdMnw-AuSRLGuzJPAJcQ==
e71f3eec-819e-4e55-9b63-3272655943d7,200,314.6972,Success,bd03074e-4890-4412-8d9a-0de57d27399b,2YrhLIEogkb21-IDtWW0Pw==
e71f3eec-819e-4e55-9b63-3272655943d7,200,300.2874,Success,5e71835f-913a-4697-b924-077bfe144f21,GfKKeUmZuhOdUcLQZ7YHEA==
e71f3eec-819e-4e55-9b63-3272655943d7,200,286.3817,Success,4deaa8be-6b3e-4019-a5b8-7b45ab741222,jTmjr9HTV1IrCdqH0GPzmw==
e71f3eec-819e-4e55-9b63-3272655943d7,200,293.7283,Success,b8a746c5-9811-4a14-8c08-ffff9ce0f4a4,6_J9QNeTRgZIlVnrvhCYxg==
e71f3eec-819e-4e55-9b63-3272655943d7,200,277.6307,Success,b32b8cdb-fea1-442a-a7e1-1f3ecfc81fee,CoBEMrRm0DY_89BrgQxZDQ==
e71f3eec-819e-4e55-9b63-3272655943d7,200,281.9222,Success,7f0b8eb5-26a9-46a1-9cda-1562bdc88e4f,wVrzQeK14gwon0FrGzp6gA==
e71f3eec-819e-4e55-9b63-3272655943d7,200,289.9459,Success,54c4956a-5188-4824-a548-ec2d7609835d,Nhj7FxVc9kR2AlsmyeyDbg==
e71f3eec-819e-4e55-9b63-3272655943d7,200,293.109,Success,66ecc20e-c0e1-4784-9147-70d515798fba,FT7HD2TSE2DkEDa5oYA5_w==
e71f3eec-819e-4e55-9b63-3272655943d7,200,279.3359,Success,d35f4dd1-70fd-42d0-9970-2270b0041862,2mw89yYJ2oH-OrLAVac9uQ==
e71f3eec-819e-4e55-9b63-3272655943d7,200,272.7039,Success,618d7846-83ea-4b38-b357-e3c0c308a2b0,_LU-ubrQCcIkp_IwZescWg==
e71f3eec-819e-4e55-9b63-3272655943d7,200,290.3053,Success,a5d2ecb6-39c1-499c-aff2-9f5323720059,nvwkeNQsffyUBW7-D_HqKg==
e71f3eec-819e-4e55-9b63-3272655943d7,200,309.8593,Success,46058310-fe28-4289-b954-c6b5a04ef629,cfpNStZDuCrw66s28f3ANQ==
e71f3eec-819e-4e55-9b63-3272655943d7,200,293.6372,Success,0c992ef3-7255-48e9-9331-e0b033f903b5,YvlyUM7r_F5cTZC892WjDQ==
e71f3eec-819e-4e55-9b63-3272655943d7,200,280.269,Success,79126869-5f44-4906-b289-1f2f1e94bd6c,ycZ_epVyOfWm1FA6jJBMSw==
e71f3eec-819e-4e55-9b63-3272655943d7,200,274.4288,Success,5baea282-623c-4b5c-b667-070cecf2c9c6,nUdFnqH6jgimMTxB9_zMpQ==
e71f3eec-819e-4e55-9b63-3272655943d7,200,273.4354,Success,da3bc14f-ee66-4c18-9bd4-7cc2c2e72e8b,yfE6foJ8holLsC4pCxW3FQ==
e71f3eec-819e-4e55-9b63-3272655943d7,200,302.6729,Success,c3838a07-a105-441a-a47d-0e5d0a398d78,xZ0vz2QW5V43kh1aXFO7lA==
e71f3eec-819e-4e55-9b63-3272655943d7,200,287.1902,Success,3cbc86ea-bfa8-44ee-ac12-d8ac80727105,bf2vauvh_ion1mURhPNfcw==
e71f3eec-819e-4e55-9b63-3272655943d7,200,283.9086,Success,2a1d6f2c-6f92-4ece-9f47-9ad04bff5a73,7x-2A5SDnoQyLjISoiyASQ==
e71f3eec-819e-4e55-9b63-3272655943d7,200,282.4724,Success,2e96e1f2-ea1b-4502-8511-96a048b1d4dc,wBLVjCFzqNTrexkb4Tasfg==
e71f3eec-819e-4e55-9b63-3272655943d7,200,286.2701,Success,c44b526e-892c-4ff0-8d60-963c2e434e09,j7sAVRS9sI7rMT66fhz2iA==
e71f3eec-819e-4e55-9b63-3272655943d7,200,277.7696,Success,d8144a25-96eb-4cd4-8389-6b109043ed34,3EdskpJGlH0lgzMA-pasUg==
e71f3eec-819e-4e55-9b63-3272655943d7,200,273.7644,Success,b0692842-580c-4822-af2a-736e4818784f,LOA8V7mz3zIOGPYV95QzMw==
e71f3eec-819e-4e55-9b63-3272655943d7,200,291.5855,Success,d58e2590-fc72-450d-901e-d91d32bcf1de,wxZ3Gs7-KUivVVTqq2wbdw==
e71f3eec-819e-4e55-9b63-3272655943d7,200,320.8412,Success,1805f4ed-7988-4368-bd23-901d28fff153,RJR_QcadRpVrnsWlm7lqRQ==
e71f3eec-819e-4e55-9b63-3272655943d7,200,314.3533,Success,970ec881-1658-459e-a80e-4d3303e84bfa,k0_8BAcBEXb7j3qOaLMMbQ==
e71f3eec-819e-4e55-9b63-3272655943d7,200,328.1146,Success,4a64b39e-ec5c-4f1d-bd49-114c304c1d7b,HMTUWbi5trdGoQH5VWON1A==
e71f3eec-819e-4e55-9b63-3272655943d7,200,399.5965,Success,994b3ad4-bb1a-48ff-af09-3c58dc0d00a3,jnkPiBfMEab9EhO4Z0dJOA==
e71f3eec-819e-4e55-9b63-3272655943d7,200,290.9592,Success,852bf77b-1809-401a-b6c0-a090765b4c4f,3Mo46ab-bEuC1ygABW8fSA==
e71f3eec-819e-4e55-9b63-3272655943d7,200,265.1766,Success,98e28e82-a371-43ad-a0de-a7d0cd4ee011,8H4cq6v8WEn1c9id1rPWeQ==
e71f3eec-819e-4e55-9b63-3272655943d7,200,280.6384,Success,d1ce5159-78e3-4017-a47f-db200fda83bb,ngYL_P7N4Ew0zdLUSlpFjw==
e71f3eec-819e-4e55-9b63-3272655943d7,200,284.0644,Success,7ffa019d-9f8f-406d-b101-146af42cb58c,VqfT41x8i47TKOuBFsj-Lw==
e71f3eec-819e-4e55-9b63-3272655943d7,200,304.8513,Success,47749353-c0a1-41fe-a906-d13b40c8078a,vbNDZLWsZThIEOeO8tovXg==
e71f3eec-819e-4e55-9b63-3272655943d7,200,292.1334,Success,7d99bb7f-10fc-4aa6-a8c6-f61fc1e2b24f,CG2xwogj7U5PyKTpwZ6RZg==
e71f3eec-819e-4e55-9b63-3272655943d7,200,268.4414,Success,6efaf4fc-7910-4574-9a54-1345024e0099,6OBtWZSvTyNrZwomxc7hpw==
e71f3eec-819e-4e55-9b63-3272655943d7,200,304.0303,Success,57baac80-cc66-48e3-8244-7ec7f15d7222,_MXxIYRFYxTwVdRQ-0aELQ==
e71f3eec-819e-4e55-9b63-3272655943d7,200,324.1876,Success,f0330424-6f42-4d8d-9245-e9e1fa35aca5,GyBlMiNqiBSE511fEL8m5Q==
e71f3eec-819e-4e55-9b63-3272655943d7,200,308.8532,Success,367eaddb-603a-483b-904d-b62f96a417da,jKoXiNWRNSmih_oChKBYlA==
e71f3eec-819e-4e55-9b63-3272655943d7,200,301.6571,Success,f014f03f-2d6d-47f9-8770-2c36fb1a994b,eG4C3UXXfN3xONpyohojpQ==
e71f3eec-819e-4e55-9b63-3272655943d7,200,284.9997,Success,fc991984-404b-4389-ba2c-ab078cd2862c,aqeUjiM3_2oilh4a0wM5vg==
e71f3eec-819e-4e55-9b63-3272655943d7,200,270.6966,Success,b139e488-1e6e-4e25-8ce0-7b92014483c1,578sCL65VcwACDy0E6fKuQ==
e71f3eec-819e-4e55-9b63-3272655943d7,200,284.4789,Success,cb192113-18ff-4f5b-85a7-2f90ba5304cf,4WiV87us91_z-dhiAsm7sg==
e71f3eec-819e-4e55-9b63-3272655943d7,200,301.2684,Success,1f8f15d1-30f3-4c00-8e5b-75c2e8b2bfdf,BzN1Wma2BlXiOcD6BZACLg==
e71f3eec-819e-4e55-9b63-3272655943d7,200,303.6442,Success,5d134fbb-40bb-4572-8fa5-9033b6b4cee3,6LMrh89gEFDK0esqNaOlNA==
e71f3eec-819e-4e55-9b63-3272655943d7,200,278.2592,Success,d26cbd20-4ffb-4c63-b596-0523d1834369,urcqkmaUJquofTDWsXXXYw==
e71f3eec-819e-4e55-9b63-3272655943d7,200,273.9137,Success,26ff668c-faab-4b21-b59d-89e2366e190f,p8zZ_gtZQIAwp1bmbhHYFg==
e71f3eec-819e-4e55-9b63-3272655943d7,200,280.9345,Success,b858f9ce-d6bc-4452-b59f-aa25f0392e3f,Wan2bEncR9U-TojXSizX5w==
e71f3eec-819e-4e55-9b63-3272655943d7,200,305.9085,Success,c9861fe6-89d3-4139-aa0e-92de40815d3b,Y3hVnVGvozVn_BSAdyznvw==
e71f3eec-819e-4e55-9b63-3272655943d7,200,290.1199,Success,669777a2-d192-43e6-9e54-e2ca4c7f25d9,jWOlHBKlS8_wU-bPs8QLdw==
e71f3eec-819e-4e55-9b63-3272655943d7,200,284.6652,Success,15e40a5a-6ce2-4dba-804c-43cfec7653a1,fe01ZL9MzFCoT38skne8dA==
e71f3eec-819e-4e55-9b63-3272655943d7,200,287.3446,Success,ad28b3f9-f4dc-4db8-9f30-f7b65a0f9b67,yvxf4i5rZ4HrA97h-P6TDg==
e71f3eec-819e-4e55-9b63-3272655943d7,200,276.3304,Success,0182104d-92f4-4b3d-b7d4-13611b0af65b,9Rfx5DC5XY3ua7Z8YFYdXQ==
e71f3eec-819e-4e55-9b63-3272655943d7,200,286.4458,Success,251fdc97-2136-4078-84ba-025bca656536,22DJJlFYYp0dfDuASUtSoA==
e71f3eec-819e-4e55-9b63-3272655943d7,200,270.8158,Success,76c9e3a4-880f-4c04-8d70-37c8c11fb2a7,LepoAcmXo2BVf10vvFeq3A==
e71f3eec-819e-4e55-9b63-3272655943d7,200,280.7829,Success,10a26eca-5c09-4810-a497-0cbacf64ea63,TuJhRcoGqb9OFiZnxCchfQ==
e71f3eec-819e-4e55-9b63-3272655943d7,200,270.9562,Success,af682552-b32a-4296-bfe0-107b530aa534,cIU_ZBhzSNYJdExd7ziN5A==
e71f3eec-819e-4e55-9b63-3272655943d7,200,271.4499,Success,09acb4c8-1c9a-4305-83bc-120cc390670c,9RMGmBt3FFOgFCbue5QraQ==
e71f3eec-819e-4e55-9b63-3272655943d7,200,298.5966,Success,922554d5-e28a-4edf-adbf-d730952280e0,IyvnSK-IkzBUCYqVNXWSng==
e71f3eec-819e-4e55-9b63-3272655943d7,200,287.309,Success,dfcf360a-68ac-4f82-bb0d-5b706e41e8a4,Jj9D5vYCZgA4eDwj2zKpiw==
e71f3eec-819e-4e55-9b63-3272655943d7,200,263.668,Success,01497227-30da-4e80-a09a-ee3e3f386160,BtcVM1Ch1W4Hj_In88oXGg==
e71f3eec-819e-4e55-9b63-3272655943d7,200,277.7194,Success,2f2fcccc-f9d8-49fa-bbaa-19dc0dda96aa,ZFsQd_pQDFdqDHrTTKAB0Q==
e71f3eec-819e-4e55-9b63-3272655943d7,200,296.8737,Success,e00840cf-0c45-4097-b929-76b2ecb88778,8XlyV2Sg3M4QgBhU4HRy0A==
e71f3eec-819e-4e55-9b63-3272655943d7,200,264.4506,Success,27434c0d-53d2-43fd-872e-0fbba5e356f1,dgkjguHBAWRzp7AC5KHqew==
e71f3eec-819e-4e55-9b63-3272655943d7,200,269.1108,Success,3a8b11a6-fb80-4dec-8242-c4f55d6cd40c,vT86KeFi4lG2096TnvkbxQ==
e71f3eec-819e-4e55-9b63-3272655943d7,200,287.3893,Success,7cee82c5-ca82-4890-9ce4-4e69f09c6889,62D5WCA3pfEQi5sP_HM95A==
e71f3eec-819e-4e55-9b63-3272655943d7,200,301.4443,Success,e854a2de-3677-4e03-b327-5b128f498e4c,UVF2DMYR0uEqoAlMI-dqDA==
e71f3eec-819e-4e55-9b63-3272655943d7,200,283.7556,Success,5a70c3ad-7ffa-486e-878b-82fd94c3787b,MHaRSPeSpVPpdY_i-vMPgw==
e71f3eec-819e-4e55-9b63-3272655943d7,200,287.5515,Success,adb0800c-46e8-4f1e-ba9e-8536c59622c0,AE7_QLRSXUvfZGH8A6PV9g==
e71f3eec-819e-4e55-9b63-3272655943d7,200,313.1934,Success,7c0f5c64-1a71-4165-95fc-6d85b5492bd4,JzZGMSPvFinsht-LijYD0A==
e71f3eec-819e-4e55-9b63-3272655943d7,200,284.2668,Success,c23dd91c-c710-4b1c-a21d-9014848a3b03,9yiS3IMXyTNxVD5_eIoSyg==
e71f3eec-819e-4e55-9b63-3272655943d7,200,311.3325,Success,9963bb7e-db0b-4b58-823d-1d997f915d2a,FnDxbWxYLvVTqvQ6q-7hfQ==
e71f3eec-819e-4e55-9b63-3272655943d7,200,326.2582,Success,ce6f23ec-85fe-444a-857f-941914988322,ord3jNJyhOYvW-2Kt6Vjig==
e71f3eec-819e-4e55-9b63-3272655943d7,200,283.8438,Success,9daeb4c1-3ebc-4fd3-bb83-895de40398c4,4ikx0wC8ZsjVrNvmCAMpFw==
e71f3eec-819e-4e55-9b63-3272655943d7,200,305.881,Success,4b0eae6d-87a0-4e0e-9454-681ba289d19f,sEqtd-gXE4Xa96WqK95mTg==
e71f3eec-819e-4e55-9b63-3272655943d7,200,294.8808,Success,3444b989-3e0e-4e13-b674-29924f5dc7d3,FYuyjI_6srXcoNbvR1OD-w==
e71f3eec-819e-4e55-9b63-3272655943d7,200,289.348,Success,302e2ef7-9457-4a88-92cc-a1c157839d8b,Kn_CZTzs4EVBR5caodceTA==
e71f3eec-819e-4e55-9b63-3272655943d7,200,328.5034,Success,1918b006-4e06-4730-9aa0-0755bfffc93f,avv2tX_OEKdUbb025NycWg==
e71f3eec-819e-4e55-9b63-3272655943d7,200,404.5421,Success,e9e22fcd-9f65-4adb-8577-7910179065f2,WDVXgS-bHpZqUPCMIV6zzw==
e71f3eec-819e-4e55-9b63-3272655943d7,200,285.5993,Success,0632a6fa-29e6-491c-b2ba-41c31b2a3061,FY07h9y-4esnOYjQKIaM-A==
e71f3eec-819e-4e55-9b63-3272655943d7,200,302.3024,Success,dd3c7d99-3357-4ae0-9ed7-56452ad39435,L7jb7N-sNNuUG_jkbLEasQ==
e71f3eec-819e-4e55-9b63-3272655943d7,200,310.9806,Success,cbd46169-304b-4eb7-b4aa-187b95f49355,sJ5FW8MxMGoU10agvd51vg==
e71f3eec-819e-4e55-9b63-3272655943d7,200,282.477,Success,ea9ebfc0-077e-4e22-ab37-68263b19d239,mk9uO71lnVUBdT-BFL2klQ==
e71f3eec-819e-4e55-9b63-3272655943d7,200,282.025,Success,51fa0144-723d-434a-ad98-6c17380505d7,rDrSgc8DQC7Q9NZgNzUnaA==
e71f3eec-819e-4e55-9b63-3272655943d7,200,270.3934,Success,30fad236-7952-43c1-a11b-0a30144259dd,qVcdeJZfYJvGVUTYPzIxSQ==
e71f3eec-819e-4e55-9b63-3272655943d7,200,291.1059,Success,f7c29e60-9cc6-4c1b-9ee8-fd37e790b0b9,uLuH4qd6OKVq1PJX9GL8-g==
e71f3eec-819e-4e55-9b63-3272655943d7,200,309.6586,Success,d92259ad-6826-4d2e-8a21-99ccb27a3171,6NpYAzBCF9i_7lLzKvOigg==
e71f3eec-819e-4e55-9b63-3272655943d7,200,284.7495,Success,1f40863d-e088-4198-bddf-e938f276c616,TaG5vx6tgIgTn3uJ4o2qIA==
e71f3eec-819e-4e55-9b63-3272655943d7,200,315.9047,Success,fc6b42c2-b913-4eb1-85c7-97a49f16782b,yW70uCoqWnM-iOBJqcgFVQ==
e71f3eec-819e-4e55-9b63-3272655943d7,200,307.7554,Success,59cd7c13-5105-461c-a45d-337a64d827b8,p_wM-101D3DBh8eohtlw3A==
e71f3eec-819e-4e55-9b63-3272655943d7,200,312.1158,Success,aa608ee5-1650-4189-aad7-b5280c0f1983,FNaVACzNFftsxr2qmB0rWA==
e71f3eec-819e-4e55-9b63-3272655943d7,200,290.8167,Success,9a12054f-1fea-4218-b8c5-580f34433b43,yfdo46Ucq5erClvWwu98hA==
e71f3eec-819e-4e55-9b63-3272655943d7,200,345.5663,Success,0e4f2db1-f298-4b0e-aafa-9533f6e5ceae,7gOwCogn-HITzZhu_iWhyA==
e71f3eec-819e-4e55-9b63-3272655943d7,200,309.7625,Success,34ac5af4-c889-4fea-b742-71f653ff1a18,hNZ7-DCUkrtgIjc6tGlXmQ==
e71f3eec-819e-4e55-9b63-3272655943d7,200,310.8339,Success,a178bd4c-358a-42d4-8adc-3c628635612e,3GKJsWwAF_kUZm3H9AvU2A==
e71f3eec-819e-4e55-9b63-3272655943d7,200,289.4194,Success,53d26bcd-9939-4d60-a830-e6fde6a32970,vPystAem3oL0x6kFNT-iHw==
e71f3eec-819e-4e55-9b63-3272655943d7,200,294.6865,Success,43106061-efba-48f9-bb3d-5bab1ea05a71,siSACELV-yg_WKLMRVZeIA==
e71f3eec-819e-4e55-9b63-3272655943d7,200,279.5085,Success,67f749b4-3974-405b-b459-ffeaf6fccf24,Mj6vVwYqG23lkSKXe-VypQ==
e71f3eec-819e-4e55-9b63-3272655943d7,200,280.085,Success,cdd44bc6-8f1d-4844-94d7-93e6d83b84c1,FaU-qle4o9oWKBUyuRQAFg==
e71f3eec-819e-4e55-9b63-3272655943d7,200,275.9728,Success,0ebcf694-68a6-42b1-882e-22caef915c3f,zsrq_zR0ErzS8IIiKbVpog==
e71f3eec-819e-4e55-9b63-3272655943d7,200,302.3274,Success,b58cccf9-6ac9-4bbe-aca7-db2e371dd976,N8fjLLigc0MJIQv1MnVPXA==
e71f3eec-819e-4e55-9b63-3272655943d7,200,284.8706,Success,6cc15764-954f-4cb4-980a-d7c7458d53aa,TZPKZJgQq43m5iRvMPQwBw==
e71f3eec-819e-4e55-9b63-3272655943d7,200,279.0747,Success,af8c1a62-dc85-4787-bf86-41591791683c,LqpGLo72tPqV6fIOE7dbjw==
e71f3eec-819e-4e55-9b63-3272655943d7,200,301.8885,Success,95d395d0-de9a-4d04-aa38-e7a86689426e,TRGT8ELllwclS4iuew3OrA==
e71f3eec-819e-4e55-9b63-3272655943d7,200,315.0996,Success,5c8df887-c13a-465f-abfe-d404d6c21160,pbJLB4QpvYYqMd3xvoBM9Q==
e71f3eec-819e-4e55-9b63-3272655943d7,200,307.5789,Success,292fc170-dfde-4d46-80bb-981cf8a43914,-0u41d2xj6wYeLghuBpRYw==
e71f3eec-819e-4e55-9b63-3272655943d7,200,329.0097,Success,890d479a-3101-4299-a9de-12e10a6ec0be,rOY0dYFCs7YDvzMqpWVNLg==
e71f3eec-819e-4e55-9b63-3272655943d7,200,306.9805,Success,6d1f6d9e-c632-4462-8250-15dbaaded969,s2iaUy0JZXyfTqm-n-Kdhw==
e71f3eec-819e-4e55-9b63-3272655943d7,200,298.5115,Success,977c3464-e174-4132-ab26-315acc71a587,3IoLyJ4OSy0gxrvATZCJ1Q==
e71f3eec-819e-4e55-9b63-3272655943d7,200,303.4942,Success,d1e62d39-ce5d-4a67-84d9-841c33f7864d,-2gOn8lR9XI5h2t98r9p6A==
e71f3eec-819e-4e55-9b63-3272655943d7,200,280.7327,Success,0e99e824-2fe6-4cf0-a2f2-eab3da70f09b,1PYSInnn5F7c1X1SiAhxBQ==
e71f3eec-819e-4e55-9b63-3272655943d7,200,294.9695,Success,84b70f6b-9ede-4681-962b-533f450644ef,K-6u74D25Da5HJ7NWISvfQ==
e71f3eec-819e-4e55-9b63-3272655943d7,200,297.6785,Success,8e8f0f1b-bfb1-476b-9d33-fcd915f70365,f9wcDquvzV5oopibwKLcfw==
e71f3eec-819e-4e55-9b63-3272655943d7,200,300.9762,Success,4f9ac109-059e-4391-97bb-9ed475aab413,5jITHPlw3XynKB95czUegQ==
e71f3eec-819e-4e55-9b63-3272655943d7,200,296.1994,Success,25578090-d7b1-4f12-86be-dfa0899d8c7d,XXxkFQi3M-5ytCYfeCQ3mg==
e71f3eec-819e-4e55-9b63-3272655943d7,200,288.3382,Success,1f4685a1-8b8c-463d-b945-d26bbba15403,l_32KgEnZAJ0lF8EzirieA==
e71f3eec-819e-4e55-9b63-3272655943d7,200,327.922,Success,e97e25d1-04f0-479f-bfa4-25fa42a851b6,GE7q7qKtqdFM4jO3Hgg-Qg==
e71f3eec-819e-4e55-9b63-3272655943d7,200,312.0567,Success,045404b9-f728-431a-8dba-a3a2021d860b,APlWIdNQ8Kyg0SufRglWpw==
e71f3eec-819e-4e55-9b63-3272655943d7,200,325.2522,Success,df6e13bf-56f6-4588-83ec-35cfc1b1d808,u3Pohw4KrzjK3O9AhsFIaA==
e71f3eec-819e-4e55-9b63-3272655943d7,200,312.4915,Success,55f37249-3c07-4cc3-b3b5-92194b287825,veYxXTveiE1Sn6dFxKVaRQ==
e71f3eec-819e-4e55-9b63-3272655943d7,200,318.9917,Success,30cab1c0-c63e-41da-8cef-6bd13a7c75cb,wUVOSOIkwBLNF_fqbNd9xA==
e71f3eec-819e-4e55-9b63-3272655943d7,200,336.4659,Success,014f85c1-2490-4106-9b91-d1afeaed9c0f,-a-2V-o237IC2SKSXoV6_g==
e71f3eec-819e-4e55-9b63-3272655943d7,200,300.45,Success,0fb4163c-6467-46ac-8fee-39a578150942,KRP4j4tsCMggsvV0KOpRXg==
e71f3eec-819e-4e55-9b63-3272655943d7,200,289.2533,Success,800fe604-428f-4471-ae59-109be4593f38,xPGfraAEOXwqyCZnzcnRdw==
e71f3eec-819e-4e55-9b63-3272655943d7,200,946.4874,Success,bd43a749-8598-4b84-8e57-b0061a619249,8Pk12BrXZmdZ_paxZObjqw==
e71f3eec-819e-4e55-9b63-3272655943d7,200,779.3516,Success,db6f47a9-26a0-46ab-b3b4-9e966c0da31d,n03D6cz5UcHqI7Z0uOymHQ==
e71f3eec-819e-4e55-9b63-3272655943d7,200,308.9775,Success,c8d3d1e5-1a95-48f4-b913-a7877a51f17d,fQgo-ccEPN04-8xGJdvD7A==
e71f3eec-819e-4e55-9b63-3272655943d7,200,297.0595,Success,cc95db7c-34de-425c-8f8a-ecc7f8db8b7e,cbZcu6fFszTkr9m0VPa1PQ==
e71f3eec-819e-4e55-9b63-3272655943d7,200,348.6027,Success,b9f318f0-57c5-4487-be35-8931448db20b,qJ2UVqyb385-EA16vejsSw==
e71f3eec-819e-4e55-9b63-3272655943d7,200,442.4468,Success,9a911860-a37a-4388-af47-0ea4740cc118,BmCQL7d8cwXPTU2PcIF8uQ==
e71f3eec-819e-4e55-9b63-3272655943d7,200,446.0144,Success,886ce589-82c2-44ff-b08b-e2c347b4b6d8,tJA5AndtjeNUmbLY0WlTCQ==
e71f3eec-819e-4e55-9b63-3272655943d7,200,464.3692,Success,2718b54e-7d7a-44f1-bc6b-8aad282896ca,ojQ-rHDJpeSFot4wzKPUlg==
e71f3eec-819e-4e55-9b63-3272655943d7,200,510.3701,Success,7fb4a4af-6935-4d24-9b82-f0aaa15bd34f,4VHfoPNzgmFZJuULT9xCYA==
e71f3eec-819e-4e55-9b63-3272655943d7,200,510.3574,Success,228b8dbe-9f66-4c09-acf3-f1b10953cc86,PaaOLUJdjn0ra3m85C-dAQ==
e71f3eec-819e-4e55-9b63-3272655943d7,200,511.6504,Success,ac51f2a6-6e74-4849-b3fc-b046b54b8ad2,SYCN8cQK-M4coloFTCkOqw==
e71f3eec-819e-4e55-9b63-3272655943d7,200,518.9134,Success,92b43b79-d2f4-4c98-a653-1bd855337778,cy3gy1lwwvOT6E2C8YbDRQ==
e71f3eec-819e-4e55-9b63-3272655943d7,200,553.0013,Success,438313c0-ac9a-42fc-8227-a9b1ac8005a8,qv9IyIddMsSefBsBSR5hXw==
e71f3eec-819e-4e55-9b63-3272655943d7,200,553.8163,Success,4eced9bc-5d2b-4387-9af0-2d5e4c745288,JNwwnInK8JzU4dNzLtuKYg==
e71f3eec-819e-4e55-9b63-3272655943d7,200,553.8163,Success,718fb517-18c1-41ab-b57a-12efa4153493,ZdIw4WdA1s0IZgcl9pWZVg==
e71f3eec-819e-4e55-9b63-3272655943d7,200,363.9378,Success,6dddc3ab-2632-4221-81d2-162be3cbd96a,4dVn8Q8wrdEGL5OXGdLHvw==
e71f3eec-819e-4e55-9b63-3272655943d7,200,283.9595,Success,3847773e-f5e5-41aa-9277-277b5a84c567,RFkWhU_GZzSKwDURtxqg6A==
e71f3eec-819e-4e55-9b63-3272655943d7,200,289.9309,Success,7ecb6873-611f-4620-8021-24b0a30e2e54,oZewZ-lasQROCK2SYNlK-g==
e71f3eec-819e-4e55-9b63-3272655943d7,200,270.3927,Success,1d4812c7-59fd-4c44-a759-1d6be903d8d0,Z4gwqGLkUngnFVIcN92LyQ==
e71f3eec-819e-4e55-9b63-3272655943d7,200,301.6661,Success,a0b466d4-a84d-4860-b0e0-838fed96fdb8,zotv0KQe8aJARQ9Tc53YrQ==
e71f3eec-819e-4e55-9b63-3272655943d7,200,283.6469,Success,8bdd04ef-c972-46a7-bea6-8c30b8b0587b,32jIMgzI9bolS3xiU3vxcQ==
e71f3eec-819e-4e55-9b63-3272655943d7,200,287.8713,Success,b2c5f148-20e1-4db1-bf08-095f14af2344,S0-SjDxp0bcGn2BARVhCwg==
e71f3eec-819e-4e55-9b63-3272655943d7,200,295.416,Success,ebf825b0-0a4e-43e5-aa7d-31d8ce981071,8jIAkh6pe-kFauAXqjNwvg==
e71f3eec-819e-4e55-9b63-3272655943d7,200,301.2577,Success,4181ead2-d010-43b5-a0fa-dd8f67fbcca4,20AkfZmyR_W7929l12qHAQ==
e71f3eec-819e-4e55-9b63-3272655943d7,200,296.5802,Success,b8c4860a-bfe0-4541-936c-04d6535a469d,wbILKZvFSQ_B46hW_cNOhA==
e71f3eec-819e-4e55-9b63-3272655943d7,200,294.611,Success,6ddc13f3-8594-44f2-aa74-0e108a2cfa4e,jNDmhmoZt-hY4taDS7F6cQ==
e71f3eec-819e-4e55-9b63-3272655943d7,200,323.6471,Success,ace64f71-6ada-4e0c-adc5-d15c735338e9,tiVHD3NTps59P8jrRQL-QQ==
e71f3eec-819e-4e55-9b63-3272655943d7,200,299.5698,Success,8f222c10-3ae6-4a75-80d0-bac1c07dd3a6,8Df7IIY_qvJGsBdf4yhB8w==
e71f3eec-819e-4e55-9b63-3272655943d7,200,298.1303,Success,4eeeb941-e024-42f5-90ab-1a091a39733c,vCRRu_hg8j6Cnd4eAr1ucQ==
e71f3eec-819e-4e55-9b63-3272655943d7,200,295.6154,Success,38254662-4766-48b3-953d-3fb7815915fc,YMQsyknXO1aClLDC9SL7Pw==
e71f3eec-819e-4e55-9b63-3272655943d7,200,327.9549,Success,eeedbcca-0411-4c0d-9eb3-7a574a58f234,u7tK4_CKvIyiCvkkO3RwwQ==
e71f3eec-819e-4e55-9b63-3272655943d7,200,295.3773,Success,0b02b179-8799-4f5c-ab0d-2beaf9f1ad78,mqCzAryp1aoD9RWHdLI5YQ==
e71f3eec-819e-4e55-9b63-3272655943d7,200,282.1546,Success,5f85154c-ef5a-400f-90a1-13d613f39948,kRAfQnvTzdldYgkXWvvf2A==
e71f3eec-819e-4e55-9b63-3272655943d7,200,304.2015,Success,d24f9628-e95e-44b5-a021-80d5bbe4bd41,04JoH5Ir0LgN0BKvn1NcyA==
e71f3eec-819e-4e55-9b63-3272655943d7,200,288.9411,Success,698b7a82-94cc-4f00-94ac-7b447962b3ef,CLTvGmMw8LI_-R-_l6ASpg==
e71f3eec-819e-4e55-9b63-3272655943d7,200,306.8479,Success,b09bfebe-bd0b-4f4b-9bf0-4c427ee6b4b4,S0MS2NFmM41NcJlLIZMmkQ==
e71f3eec-819e-4e55-9b63-3272655943d7,200,279.3175,Success,16095461-90c0-4c26-8000-ea5add7f9409,CC-yF-fuqhYszjAhC4NXzQ==
e71f3eec-819e-4e55-9b63-3272655943d7,200,264.1753,Success,ebb429c4-c715-4d85-80d9-4c91aa0faf97,My6AdgH5OtxnVxlxIRyzWg==
e71f3eec-819e-4e55-9b63-3272655943d7,200,286.7582,Success,e38c511e-6d07-48e6-a83b-d09abbf07a1f,P1nUaLJYgy-CeymGmgzPqw==
e71f3eec-819e-4e55-9b63-3272655943d7,200,410.5955,Success,c756316a-5573-42bf-843c-f27e194c8c6f,mKz6l188IAe_g4lzdcoPWQ==
e71f3eec-819e-4e55-9b63-3272655943d7,200,287.7194,Success,91620581-a2c5-45ee-a075-e5a8f5864bab,3_Eyi3NlxFuevEPWsa9oYg==
e71f3eec-819e-4e55-9b63-3272655943d7,200,373.4796,Success,9a913884-9d46-4adc-b1a8-40e214c9ccd0,4y_VMjrTO_-RSwd7V3ftuA==
e71f3eec-819e-4e55-9b63-3272655943d7,200,277.1028,Success,1396fa40-09dd-446c-9282-4575a5d94b1a,eBPRaCM8Kn9T6REnjdaBQQ==
e71f3eec-819e-4e55-9b63-3272655943d7,200,257.7769,Success,f55fcb83-8fd2-499f-813e-196143d5a396,Q4EQ5WEKSYFBGBtUchGTmA==
e71f3eec-819e-4e55-9b63-3272655943d7,200,359.8037,Success,bcbd6428-03d0-418d-bfcc-af64bd7f6f42,mRSaQYo8C37Z-aUKFrdSbg==
e71f3eec-819e-4e55-9b63-3272655943d7,200,561.6805,Success,6c52bd06-ffec-4da6-9f63-c635be96e21d,uuLHI-2WpMSzG01EYSdsqg==
e71f3eec-819e-4e55-9b63-3272655943d7,200,405.2251,Success,6dad0364-58eb-4e15-ad72-cf335db0b576,cvK77bVG1puLk3x5TajnPA==
e71f3eec-819e-4e55-9b63-3272655943d7,200,412.909,Success,5629eb5e-ce0b-4492-8c26-2ab9fce3ce4c,8SlFNZexg0S1zUtGTeMh1g==
e71f3eec-819e-4e55-9b63-3272655943d7,200,429.5173,Success,031eb72b-5dce-47a4-9beb-180e52e74ac6,biDHw6pEy9aya_CCsyEBgg==
e71f3eec-819e-4e55-9b63-3272655943d7,200,865.6879,Success,eb2f2928-f93d-420b-ba7d-acfc5a770749,ako6oOy95167SU7JXl2MAQ==
e71f3eec-819e-4e55-9b63-3272655943d7,200,292.3491,Success,6e310e82-dc6e-4e99-9080-0387ad39c249,eRv8nPz6mvDisZoaqMOUpA==
e71f3eec-819e-4e55-9b63-3272655943d7,200,384.5948,Success,b5971dfb-3e73-4f97-817e-a55e564ade84,MleKgNAQ8ZGQERugz4U3Dg==