e71f3eec-819e-4e55-9b63-3272655943d7,200,313.6036,Success,a3d2ec83-4340-4f92-a918-17be75849284,GRlRvUuG-PUiMMD0EzzCbg==
e71f3eec-819e-4e55-9b63-3272655943d7,200,278.038,Success,d65f0fc6-d030-4bc2-890e-5b2c4a9b0321,nhhlYl7ITucHH2urAgf6Bg==
e71f3eec-819e-4e55-9b63-3272655943d7,200,277.7228,Success,352a64d7-ab79-4935-bfe7-36212b3861be,Cd2QLjQ9WUIcWl7HQdMD4w==
e71f3eec-819e-4e55-9b63-3272655943d7,200,306.6368,Success,c971ca7e-79fa-445a-b8d1-75e4f7cbaff1,-z0B98AWV3c9xxV6oE_vcg==
e71f3eec-819e-4e55-9b63-3272655943d7,200,307.0157,Success,ad0fbef2-e474-40aa-9b3d-f4183e86fc8d,-xHpVaILqNkyn6e0dvvR6Q==
e71f3eec-819e-4e55-9b63-3272655943d7,200,317.7973,Success,2c6b6dd4-e81e-4b23-957b-790b40a63f13,l85sKQcqUC_Yqxgr7HN0iA==
e71f3eec-819e-4e55-9b63-3272655943d7,200,279.2499,Success,e767b137-365e-4b41-b66a-c168a68e3199,a2TOTheeBz6pQzk0bo993Q==
e71f3eec-819e-4e55-9b63-3272655943d7,200,274.804,Success,55d18dc4-416d-478c-bc99-04cb7fb99e7d,3rMSz2FVP3linPQ4Xa1kNg==
e71f3eec-819e-4e55-9b63-3272655943d7,200,280.498,Success,619d367d-d335-4eed-aef2-dbe4af9dc365,uRp4ve4-6r8U7xNEBitlxw==
e71f3eec-819e-4e55-9b63-3272655943d7,200,288.3624,Success,50c83e5f-7813-4c3d-8f93-9ed8e6a02732,Bdr6GI-vtz3OyWyxRfulMA==
e71f3eec-819e-4e55-9b63-3272655943d7,200,268.0866,Success,799add15-7ebb-486b-91a6-46223d5c089c,FFRmheoDZpYLH52BrUT56Q==
e71f3eec-819e-4e55-9b63-3272655943d7,200,318.7818,Success,e3723b90-b434-456f-9ee9-da5c87f474a6,pmRS13KvzlK4k0jsaPOpGA==
e71f3eec-819e-4e55-9b63-3272655943d7,200,306.7169,Success,e9ab19cf-0d8a-4162-9d9e-76d488f0243e,8E8HlZfC9VMbqxtNzIEgpw==
e71f3eec-819e-4e55-9b63-3272655943d7,200,280.3578,Success,ca53acbb-6398-4294-8055-713703a50d23,QfmOZy0TAKhQZ7lMCNwnog==
e71f3eec-819e-4e55-9b63-3272655943d7,200,283.141,Success,38b21926-8ab1-4ed5-95f9-2143d73c8ca2,IpmU0V2767ZdGAdggEhiFQ==
e71f3eec-819e-4e55-9b63-3272655943d7,200,310.8589,Success,10e66b9c-11a7-4aa5-b6d7-035a01f46687,TfMOr4mxIK6jHs6b6s1d2w==
e71f3eec-819e-4e55-9b63-3272655943d7,200,288.6715,Success,47754db5-b994-4f48-a0dd-1c205b5e63fb,ItcoSRsGTcIO0BRFqkyfTA==
e71f3eec-819e-4e55-9b63-3272655943d7,200,340.0647,Success,d4a03d64-6521-4495-a1e6-9dcfd30e5ad2,X8wsBY6PEObibb54vNed-Q==
e71f3eec-819e-4e55-9b63-3272655943d7,200,319.8501,Success,5f5ab342-094a-46d1-8cfc-440dfeb5d012,cEZYH6XD2o2vey0-KRoyvA==
e71f3eec-819e-4e55-9b63-3272655943d7,200,413.495,Success,5649a8dc-74fd-4859-8aa7-7f59f32d9a4f,6F6Wcodo2jt8oUMt-fha9A==
e71f3eec-819e-4e55-9b63-3272655943d7,200,454.0523,Success,5445bf95-925e-4bb2-b531-ab1dceb59b4a,tmHC9ApRyGg3pMYsfsj-cA==
e71f3eec-819e-4e55-9b63-3272655943d7,200,402.3441,Success,dcc7a101-79c8-4ae2-a891-80a7ada225d0,bAEBtU-cRrd_8CGzzgqNGA==
e71f3eec-819e-4e55-9b63-3272655943d7,200,382.9293,Success,0fc5a6d8-20e0-4795-869d-afeb0079f191,-k79QkCiHZ9nFsOPLIDZtA==
e71f3eec-819e-4e55-9b63-3272655943d7,200,298.0016,Success,6abd1403-c720-45b1-9a82-285e8f3820a7,OZlVPKOloKmWQNYImIMSbw==
e71f3eec-819e-4e55-9b63-3272655943d7,200,302.6085,Success,b0de262e-ec2e-4f51-80c3-3267630785fd,7ECAiyi26ciLj4D16Y2flQ==
e71f3eec-819e-4e55-9b63-3272655943d7,200,287.0721,Success,e64bc84f-c35f-4b76-8b11-fdf781db6b31,VPpkwasHFfdStF2wSqEhXQ==
e71f3eec-819e-4e55-9b63-3272655943d7,200,274.4322,Success,d390e7dd-1a55-4724-a92c-ce5565cfd1c2,_fhaHRt7TsoECyODJlz-Tw==
e71f3eec-819e-4e55-9b63-3272655943d7,200,289.5119,Success,b32280ec-dcf4-4791-9451-b00893ebc209,58UF6sPr7lSrx7UT4SHSXQ==
e71f3eec-819e-4e55-9b63-3272655943d7,200,274.9668,Success,79862b0f-74a2-4f9a-932d-ebf6f23ec35d,Kb2AE-kjMyfkjEL2-zPPTA==
e71f3eec-819e-4e55-9b63-3272655943d7,200,290.1511,Success,8b1111cc-5bb3-4c88-9ef3-4939c2c928e2,senyk8U8Z9zb-ef8IArzvg==
e71f3eec-819e-4e55-9b63-3272655943d7,200,286.4628,Success,fa28a512-95bc-487c-8258-367168871ea4,8IVhWmOQPgjT5v0Nvj_h5Q==
e71f3eec-819e-4e55-9b63-3272655943d7,200,288.1252,Success,b0d6679f-cabc-4fab-b6ea-b0d2187e5321,jS3I1ZAjPuLc1SH0gxIyOQ==
e71f3eec-819e-4e55-9b63-3272655943d7,200,335.0462,Success,06afca60-8dea-4b58-8ed6-0e526cdbf1d9,mb0dlmKJFq_Js0ANIhpAwQ==
e71f3eec-819e-4e55-9b63-3272655943d7,200,303.7959,Success,65e15f46-9317-481e-8f20-8236598ca33c,A4ive1yc53e07YnvZQcvpg==
e71f3eec-819e-4e55-9b63-3272655943d7,200,297.244,Success,7d82bd37-3b83-49ac-bacf-695f24ffe9ae,kXVmfN4uYXncRr7AG90-2Q==
e71f3eec-819e-4e55-9b63-3272655943d7,200,364.0527,Success,645433a8-dc6f-4960-84a3-9101f010d4dd,GnNFsUnm2oY3Fm2EV6KBbw==
e71f3eec-819e-4e55-9b63-3272655943d7,200,325.6954,Success,16fb915f-dac8-45e0-baa9-360a924cc13a,WZiV3vXFlL6yljUhoTEJSQ==
e71f3eec-819e-4e55-9b63-3272655943d7,200,305.5017,Success,9671bb06-1c11-4d1d-9594-42d0bcc1e03a,dcPMn550X_RPapnCmGWxbA==
e71f3eec-819e-4e55-9b63-3272655943d7,200,323.6685,Success,1edef085-05ae-4b54-b32f-112e0f56263e,W4lhRfEf0iQP1lVjDS3SwQ==
e71f3eec-819e-4e55-9b63-3272655943d7,200,302.2913,Success,e9188eac-df09-4170-9c22-5b9fa21d6437,txHnZ2NILsiQqHZKz_CR6Q==
e71f3eec-819e-4e55-9b63-3272655943d7,200,313.7089,Success,82f68fa9-83cb-429a-9a4e-1544a906901d,rOn3pPnKFqslBiuShcyh4g==
e71f3eec-819e-4e55-9b63-3272655943d7,200,284.422,Success,1bdc5d39-3bcb-4f92-a947-1f366930fcb2,yqYTRl3h9Yuh0yV-UOOwWQ==
e71f3eec-819e-4e55-9b63-3272655943d7,200,263.6929,Success,92d9ca26-3659-40e2-9bad-2e1189788a27,RshBMZVL4maFHtD0uFdB1Q==
e71f3eec-819e-4e55-9b63-3272655943d7,200,275.5369,Success,14825a35-6c19-4c97-89d7-4ab5f698b6fd,YlIzNtJHdVTl8dKTywg4Pw==
e71f3eec-819e-4e55-9b63-3272655943d7,200,315.3832,Success,427bc68d-b438-4975-b048-1ae27fe14bd4,YdxZFnDNTSGtc0buX7GmZw==
e71f3eec-819e-4e55-9b63-3272655943d7,200,295.0165,Success,c0172bcc-be60-4aef-b492-1d0d24d2d390,qsnKsBLCTj8DRMORV6EZvA==
e71f3eec-819e-4e55-9b63-3272655943d7,200,277.1337,Success,144ef30f-e448-4554-90f3-baca18b68ce6,XkD9gHp1Dbu5oMZfTrZ99Q==
e71f3eec-819e-4e55-9b63-3272655943d7,200,272.9758,Success,ad31dcef-ad7f-494d-a16c-f798be6c63ab,ekLVsidP66olgkV1skpSnA==
e71f3eec-819e-4e55-9b63-3272655943d7,200,292.4729,Success,991e2746-5ce0-41cc-947e-e694ae167a7f,NyDJBVJrpyv9HH6427uSZg==
e71f3eec-819e-4e55-9b63-3272655943d7,200,357.7245,Success,742e0636-b1eb-4011-bb87-cc94c93654af,KQKCe9lT2z7IfhkbhmAqGg==
e71f3eec-819e-4e55-9b63-3272655943d7,200,292.8132,Success,d83de7fc-727f-4c65-8a10-2f7cb110c8b5,i7cye1hHgzHO1LPM6E_I4g==
e71f3eec-819e-4e55-9b63-3272655943d7,200,308.1096,Success,35463619-0c55-4519-a60b-3468758f31a0,fpcf-pMtd-jN7ctFLB-W7Q==
e71f3eec-819e-4e55-9b63-3272655943d7,200,281.923,Success,c22a467b-0ab2-4c95-aa6e-8de0ba80647a,L9eYRHfXE7iZAuqzjn7RgA==
e71f3eec-819e-4e55-9b63-3272655943d7,200,287.5948,Success,ae1b05e8-6960-4bc2-963c-61e21595f13e,2_961C_ZDQbxzrjCgXFVVg==
e71f3eec-819e-4e55-9b63-3272655943d7,200,289.6343,Success,7f69b7d2-2a0c-4f9a-8ebe-3b0945b1304d,JoakwkKrNwzbbRE2I-F66w==
e71f3eec-819e-4e55-9b63-3272655943d7,200,297.9387,Success,71061e61-99ef-4ca5-9586-8fc6e4319240,ddhLJZCLLFUmoCaWzNEysw==
e71f3eec-819e-4e55-9b63-3272655943d7,200,290.7247,Success,43ea19cd-ef17-45dc-b4bb-c7e4d5e720da,aaykYMo5kjVYT8WWoGmFdA==
e71f3eec-819e-4e55-9b63-3272655943d7,200,292.429,Success,3a4e9852-3762-4310-a0c3-906b9b405987,b-uGM3it95XBfXGW3ltVxw==
e71f3eec-819e-4e55-9b63-3272655943d7,200,269.9465,Success,ac62f364-f439-4650-a3e5-9000e4998751,InHuOGoVklfq62XVYlPC0A==
e71f3eec-819e-4e55-9b63-3272655943d7,200,291.8895,Success,cadedd54-ece4-4b17-890c-e064f1f4c276,4zDiS553Zoss2GSkWI8T8Q==
e71f3eec-819e-4e55-9b63-3272655943d7,200,298.3306,Success,0185e399-36ec-44a3-8fb3-5b3bc6351946,qU53zlzH23Z3bnua3_Comg==
e71f3eec-819e-4e55-9b63-3272655943d7,200,282.6684,Success,916b9149-b3f8-408c-856a-6ca7ae1fb152,M263A5yLTRk2sHQ7I1lvnA==
e71f3eec-819e-4e55-9b63-3272655943d7,200,291.4489,Success,8a64fc3c-63b1-4a75-991b-bebbc90001d6,WDaSOHqaGx4uJoXi5Jtbqg==
e71f3eec-819e-4e55-9b63-3272655943d7,200,263.3564,Success,81362d8e-5939-4499-9c5c-b4b80e25b3d5,wZBF3jdRNHIjg_2T1GFaEQ==
e71f3eec-819e-4e55-9b63-3272655943d7,200,277.3817,Success,07857ce2-4621-40c3-a2b2-cf68e02ef159,TZkrqfFQbMWQ10Ozv7oyNQ==
e71f3eec-819e-4e55-9b63-3272655943d7,200,269.6552,Success,4f786809-1d29-4360-8a11-f3ba9a5b53e2,KhHrqCdQ2unqlYnaJ1oUSA==
e71f3eec-819e-4e55-9b63-3272655943d7,200,283.0763,Success,0769a66a-6ed7-4d90-9ae9-8f16338dc139,nqFFQ3M007fiF-I6vI5tuQ==
e71f3eec-819e-4e55-9b63-3272655943d7,200,280.1085,Success,5f44fdd1-d3a4-4688-a904-e8de5b2350cb,Mjb13JDpST7SjUMZW2qSEw==
e71f3eec-819e-4e55-9b63-3272655943d7,200,340.7827,Success,56d4d847-3e5e-465f-bf61-146d24cea7cf,vqHhFNW7-74UL9EIlOXfew==
e71f3eec-819e-4e55-9b63-3272655943d7,200,313.3297,Success,897c2aad-f3a9-4607-bbc9-a1ab8b0acbaf,hJTnUiVNKSYUncsVGZN3mg==
e71f3eec-819e-4e55-9b63-3272655943d7,200,287.2773,Success,e8088a66-e690-4b29-81ed-9721b4bf97cb,PoaveeJeZQ1I2tWkTtreFg==
e71f3eec-819e-4e55-9b63-3272655943d7,200,322.2929,Success,9c3934f9-1ce4-44ed-a812-0a995a2c5b19,i7KBoz6IwYxXDVJXSR9A4A==
e71f3eec-819e-4e55-9b63-3272655943d7,200,288.5252,Success,cc07f4e0-4753-427e-aea6-79964f6719a6,smTkun0kB6cWCoqDDUgfuQ==
e71f3eec-819e-4e55-9b63-3272655943d7,200,304.541,Success,22952299-5b86-4508-837f-667fafc56443,tOVn6ABKOU8G_0aZX3_PYg==
e71f3eec-819e-4e55-9b63-3272655943d7,200,365.4664,Success,294de42b-8d93-482b-b1cc-1e16c89d6813,kO3Rl2StK4oHkHOZAkUjnQ==
e71f3eec-819e-4e55-9b63-3272655943d7,200,342.115,Success,0f0459a7-9caa-40c9-a655-525488dc222e,U2lUMsXSRQ3Ps6z8qvGNqw==
e71f3eec-819e-4e55-9b63-3272655943d7,200,340.458,Success,2e8a8b9e-5bd9-401c-b318-1427a8016af6,aozHAezllWSH4fTtFm6axg==
e71f3eec-819e-4e55-9b63-3272655943d7,200,342.7451,Success,920b2722-b97b-4616-8bff-8dafb2f2c62b,gVvyZQsDFDKYDMySvHT6EQ==
e71f3eec-819e-4e55-9b63-3272655943d7,200,284.3258,Success,2ac7cf38-0c53-400b-add6-68325ec39856,fgY1qZFYLD8J_hhMoHlXLQ==
e71f3eec-819e-4e55-9b63-3272655943d7,200,297.6837,Success,d0cee8fc-5423-4028-8f64-c67ba2fa6cea,Qw5fd_X0sFg3Sy6Hukno9A==
e71f3eec-819e-4e55-9b63-3272655943d7,200,277.5634,Success,93dd77f5-00c4-405b-910c-f7f9b993dbcd,zQEF9SK5ikNbZ209VIEJ9Q==
e71f3eec-819e-4e55-9b63-3272655943d7,200,329.2985,Success,7f5435ab-b7d5-4a39-a910-366e0a1bedea,UmSTV69BHvySg1aInRUqeQ==
e71f3eec-819e-4e55-9b63-3272655943d7,200,282.7419,Success,b066ad4a-77d2-468b-b636-0c8afbba3483,zFThVngDgrBRFnDw6_6mWw==
e71f3eec-819e-4e55-9b63-3272655943d7,200,293.3899,Success,3fb83314-143c-4d52-ab71-83b9c8b23ad7,ssXFkC8ra9bhvreXdVpSiQ==
e71f3eec-819e-4e55-9b63-3272655943d7,200,371.0925,Success,ce88d176-b958-4c70-940a-53d0eaf7c69e,UgtcwrpJDv7aTKWKJHtPcg==
e71f3eec-819e-4e55-9b63-3272655943d7,200,282.8857,Success,c5778fbc-86d1-42bd-ba6e-4a1320169126,WUGMEinyGbln_F6Mi2Pp-A==
e71f3eec-819e-4e55-9b63-3272655943d7,200,263.6764,Success,c36a6fed-eb72-4edd-885e-a31ce6f1c62d,QOm0u1vGOqBgirr1FyLlIA==
e71f3eec-819e-4e55-9b63-3272655943d7,200,284.684,Success,d4b33295-a757-4d11-8d50-c7ef01b46c08,GkwoDW7c7yG7RQIDVwa4SA==
e71f3eec-819e-4e55-9b63-3272655943d7,200,299.6753,Success,a7b010ad-cc1d-4157-a647-b4cb1ee42b87,PYdRp7rQ50ySb0FTjt07AA==
e71f3eec-819e-4e55-9b63-3272655943d7,200,267.5651,Success,69075ff6-7a84-4d1c-bf92-66a8aeeabfa7,bu1SquL2PicjMlQlTgN2Sw==
e71f3eec-819e-4e55-9b63-3272655943d7,200,271.0128,Success,c15d09fb-2c13-4a47-ab73-ffe8fece7176,beJxahwGoyWOztEWWfxqkg==
e71f3eec-819e-4e55-9b63-3272655943d7,200,301.4284,Success,ec0b011f-92f7-46e3-b3b4-1b88cad381ca,eijZFdudBJzadEQm4ACZGw==
e71f3eec-819e-4e55-9b63-3272655943d7,200,278.7583,Success,727ca2b1-4301-40f6-84ab-f6e969c0c5b4,npb6rLpXgbElormYH6JPoA==
e71f3eec-819e-4e55-9b63-3272655943d7,200,305.7701,Success,2ada9f35-9456-4f4d-ad66-4d1aad598593,pfuF4UW5HUVlNvagO4sVSA==
e71f3eec-819e-4e55-9b63-3272655943d7,200,278.6505,Success,ab13fd72-eaee-45e8-aaad-3d1c30e296eb,VFjR2TgZVAGfiaSv-bn56g==
e71f3eec-819e-4e55-9b63-3272655943d7,200,300.6175,Success,3b47d76b-22c9-465b-a06a-e0bbf5cccbea,zKM8Eg_AuK6pSCk-Cp8BRQ==
e71f3eec-819e-4e55-9b63-3272655943d7,200,316.319,Success,4c7f2388-c875-40cd-a39e-4039210cc7a1,EDvBoEyfyrGMch4vAupTFQ==
e71f3eec-819e-4e55-9b63-3272655943d7,200,328.2266,Success,7ee37139-7ddb-44ab-a8ce-7e67e0e5b52d,qN3ykZcMgW5JeNu7G3RjxA==
e71f3eec-819e-4e55-9b63-3272655943d7,200,285.7613,Success,d9a7b9fb-4a25-460e-99c0-46ccd66b9694,tK3Kt1a1woCuC3EzkRIIRw==
e71f3eec-819e-4e55-9b63-3272655943d7,200,266.8627,Success,a75541f7-ba9f-4207-a1d9-234b855fde1a,-yqVHYrkG8-RFntT9MeUIg==
e71f3eec-819e-4e55-9b63-3272655943d7,200,361.8802,Success,50f3311c-adc5-40e6-8faf-a77cf8850840,1SgOxMXsrG8YjM84hs_wHQ==
e71f3eec-819e-4e55-9b63-3272655943d7,200,327.1417,Success,c8401339-8440-436a-83e4-3c57c0e4ce71,bzJYAuBEcF_-tEHoWxL02w==
e71f3eec-819e-4e55-9b63-3272655943d7,200,332.1588,Success,0310e22f-3407-4458-8b5d-cdbfaa15356a,B5tnrVyx4WYlTyxM1-maIA==
e71f3eec-819e-4e55-9b63-3272655943d7,200,296.6403,Success,f3a17f6e-efab-485b-a217-db9e776d8488,k4c8cISnOtVR7uNINhuiOQ==
e71f3eec-819e-4e55-9b63-3272655943d7,200,305.6826,Success,fbbcd2a4-7b7b-4122-a7ac-a3767e0791d9,PidbztDQHUnlWEmDzpC7oA==
e71f3eec-819e-4e55-9b63-3272655943d7,200,284.3109,Success,f87ab828-06d3-49bd-81a2-1ff5372190e0,QjrWTIQbaCcZEcGQAJetuA==
e71f3eec-819e-4e55-9b63-3272655943d7,200,292.0934,Success,e8f9e6a8-194d-44cf-bfde-07c4affe6888,19SLurLiIOpa8_jRL0Z4pA==
e71f3eec-819e-4e55-9b63-3272655943d7,200,312.4863,Success,a8e9372c-a030-494e-b25a-2be4b39602e0,yc1PgJHEV5wIwawI_0Q8JQ==
e71f3eec-819e-4e55-9b63-3272655943d7,200,296.7263,Success,774fd986-ea91-4e71-badb-69fcc2b48fb6,kijLNjMGV_X7wy7Vy9T7gQ==
e71f3eec-819e-4e55-9b63-3272655943d7,200,292.9705,Success,17b6648f-1b84-4c65-9157-db61d1bae8cf,SKaaDiiwDC2REKqOY1tQrg==
e71f3eec-819e-4e55-9b63-3272655943d7,200,293.1244,Success,15d4a374-b378-4264-9b7e-388638458543,tc6z1q5qAUrj-SRGREr3zg==
e71f3eec-819e-4e55-9b63-3272655943d7,200,285.6031,Success,46e32ad8-c81e-4d6e-b2f5-b36d7b740fd1,nWOCbitY7nplNLFryxEJJw==
e71f3eec-819e-4e55-9b63-3272655943d7,200,296.3929,Success,e903503c-915c-4016-a225-8cebe9257c8d,Iz2heDUdoecGsV8pA7zr5Q==
e71f3eec-819e-4e55-9b63-3272655943d7,200,290.4146,Success,b2efdb00-df49-4942-9d8e-7aa0dd1463ca,oP0CJHqICPATRABKHUb4UQ==
e71f3eec-819e-4e55-9b63-3272655943d7,200,304.5454,Success,413737dc-e079-4f46-ab80-b6cab5f9c864,Hsif9j_jgjEnHG-3TPUPbQ==
e71f3eec-819e-4e55-9b63-3272655943d7,200,299.6948,Success,830c712a-0ec6-42d4-847e-b6dabc98f83c,brfEyXwwqQ8nepBhFFscVQ==
e71f3eec-819e-4e55-9b63-3272655943d7,200,301.3195,Success,b53ba01e-5c7f-4a5a-87fe-bbf5cf360c90,8HbjkYj-VvZYtMU_M6PC-g==
e71f3eec-819e-4e55-9b63-3272655943d7,200,289.6751,Success,ea06d9d4-a9f2-45dc-b73a-184a0ed9546c,bBC0WnDFnNoxetnJbeXByQ==
e71f3eec-819e-4e55-9b63-3272655943d7,200,318.921,Success,834f6fba-635e-4bf2-b81a-4e6896a4b097,gBcnih-yRKTYTv8yTumjqw==
e71f3eec-819e-4e55-9b63-3272655943d7,200,298.12,Success,ed1f76a3-3f87-4954-b5de-c000211f121c,NSV2cMckcylo_-yFrvExDw==
e71f3eec-819e-4e55-9b63-3272655943d7,200,333.7051,Success,1eb26344-0ab8-4928-97fc-093e4d6a0ebf,-iFdfwX9i3H-P65hM7iLlw==
e71f3eec-819e-4e55-9b63-3272655943d7,200,296.6163,Success,240579fa-b2b4-406e-bcf0-9229b69a6d7a,ePkNhpo75IYiySA2u0txAg==
e71f3eec-819e-4e55-9b63-3272655943d7,200,280.7064,Success,8d7792d4-d625-4bbb-a7fb-a7a92ff08893,Dco1B5uy_aqZhAjfGYXCZQ==
e71f3eec-819e-4e55-9b63-3272655943d7,200,265.46,Success,ef9de5ff-53c7-4549-b669-68caab05f5c8,sPr_7OmTF3DGYhj2hDrZiw==
e71f3eec-819e-4e55-9b63-3272655943d7,200,278.9275,Success,4013654b-4cad-4f55-8f56-da9b24bc75c6,6j8rfG0uj-0M1nHijPpTOg==
e71f3eec-819e-4e55-9b63-3272655943d7,200,270.4662,Success,a76ff73a-548f-42eb-bc63-3e214a214a21,ReNM8OxslR-P0wD8_JC2kw==
e71f3eec-819e-4e55-9b63-3272655943d7,200,308.6999,Success,b34867c4-c1cc-44be-9aa8-002f2ba2ab14,lFBHui0dbqFm-tT4_HneYA==
e71f3eec-819e-4e55-9b63-3272655943d7,200,282.939,Success,1ed5cf02-9d49-40b3-8381-4fbe986a51c6,INE7w2KwBd1PLCkIcizboA==
e71f3eec-819e-4e55-9b63-3272655943d7,200,285.7235,Success,d02c7b0e-2c3f-4ce5-b746-82041ba8a9cd,bYcuAN-fTo1XbTOmZLbhUg==
e71f3eec-819e-4e55-9b63-3272655943d7,200,287.5526,Success,685ab96e-075d-48cb-9e78-acd14863465c,lbvBxA19uSUKl0jotpfobw==
e71f3eec-819e-4e55-9b63-3272655943d7,200,281.0248,Success,bf711dee-5b46-40f3-8203-327be76ef438,kzUyHHjG36CxYWBbKpG_SQ==
e71f3eec-819e-4e55-9b63-3272655943d7,200,277.1848,Success,da693d82-ba1d-4b30-8364-67217cff241a,kD4WBF2rzyHnnWkhf2L8bQ==
e71f3eec-819e-4e55-9b63-3272655943d7,200,261.8062,Success,c4a1b304-f5b9-442e-bdbf-27850d0c3432,k1WXBvkRj3e4DsfjpbwVXw==
e71f3eec-819e-4e55-9b63-3272655943d7,200,272.8721,Success,d18c8345-2ed0-4058-872d-42691009fe3a,yPCD5xzM2GUZjVusMVt1UA==
e71f3eec-819e-4e55-9b63-3272655943d7,200,279.2075,Success,364d9703-9fc6-4333-bfa8-8cc8d0d2933b,fNsr2ikl6w-vuEeu7_LTxg==
e71f3eec-819e-4e55-9b63-3272655943d7,200,288.9385,Success,16ce3ebf-41ba-4df5-85c1-172bb7fe9be2,WGpVMBjHErKZ76bT9wmMbA==
e71f3eec-819e-4e55-9b63-3272655943d7,200,266.7962,Success,c894ec4e-9f17-4f60-ba25-f0295b229479,6NpQnDa5EsXboqAdssxQKg==
e71f3eec-819e-4e55-9b63-3272655943d7,200,311.6121,Success,6b4d270d-77e4-4cbe-834e-2c13e127fe73,Zki7D4gb4cT9tjW9zoo2pg==
e71f3eec-819e-4e55-9b63-3272655943d7,200,293.5325,Success,9ad81bef-dfcd-463e-a6d7-164c9784afc4,JmwiIlj4tRsP02R8wsKN6A==
e71f3eec-819e-4e55-9b63-3272655943d7,200,357.1263,Success,52e8b8c2-3d37-488c-b6be-0f43102c783e,DuqUBzuiE5Ilvc_o2TEOhw==
e71f3eec-819e-4e55-9b63-3272655943d7,200,308.3288,Success,87c3c847-41ec-4cc2-b8aa-27c5c6ffefd5,aOE-v2PzAIYNYzGIZenQNw==
e71f3eec-819e-4e55-9b63-3272655943d7,200,315.8988,Success,e84ca9c8-4287-4e00-972c-d719f3e122e0,DFyVqx-17vxw19d-kFxaAQ==
e71f3eec-819e-4e55-9b63-3272655943d7,200,353.2248,Success,707aaf28-3a76-4e92-a18b-48da27b0c443,Fb7YH5LCoYiLs_YS0ur2fg==
e71f3eec-819e-4e55-9b63-3272655943d7,200,297.0527,Success,c34e46d3-20e8-48f2-a790-592a0578bfbf,tIC7hGN5xnwAqbmTA7xQZA==
e71f3eec-819e-4e55-9b63-3272655943d7,200,338.9967,Success,c8043461-c9f1-48a0-971f-6967519f73a0,RfQwcaQFqoFGsKrjY5w_aQ==
e71f3eec-819e-4e55-9b63-3272655943d7,200,297.5391,Success,dfdc0b3d-d3b3-458a-b2ca-6412ac1ff9b6,c1CiGwAGrONEt50PQ2zRGw==
e71f3eec-819e-4e55-9b63-3272655943d7,200,311.4672,Success,0901be6a-9ae1-4edf-8343-4730584c6751,TfbClzrbFsGGH8wfEXJBKg==
e71f3eec-819e-4e55-9b63-3272655943d7,200,282.5019,Success,80a218a0-43fa-4b9f-90b3-f9f7ab671c40,gx_gMv8-7FlmrU-oUJkWjA==
e71f3eec-819e-4e55-9b63-3272655943d7,200,283.7314,Success,81dfc99f-517b-4125-8a22-e57041cd5112,e6u1ger3ZZ8TcSFlK4owHg==
e71f3eec-819e-4e55-9b63-3272655943d7,200,288.9729,Success,91916ba4-e916-4cc2-919a-0db3599a969a,GuU21XjsyiUJYkjulmZ2Qg==
e71f3eec-819e-4e55-9b63-3272655943d7,200,291.943,Success,9f2b6cf1-cb83-4e41-8825-ec5f22c6d293,7q4T8OIrS2DD2qZNFjHQWA==
e71f3eec-819e-4e55-9b63-3272655943d7,200,302.7791,Success,275d7c52-e43b-43d0-9ef2-1b8c2d2c276d,8ZH_beinCVj_-mZGBHyUfw==
e71f3eec-819e-4e55-9b63-3272655943d7,200,289.9884,Success,b6a7b3c2-54c0-4bd0-ac28-7219149ec560,HodNzLnh04FuHwWCYHT4ZA==
e71f3eec-819e-4e55-9b63-3272655943d7,200,268.9861,Success,a0b49169-ed06-4ccd-9226-2e2d37d2abb4,kTRFyzIoJRZqIGa21awVHw==
e71f3eec-819e-4e55-9b63-3272655943d7,200,291.216,Success,4167e1d2-54fd-4b9c-9836-549cd07ebb07,LJNcy3Cr2l__NlcJ83pYuQ==
e71f3eec-819e-4e55-9b63-3272655943d7,200,278.2736,Success,0d57ac3e-a540-4fb1-827a-25f661911eb7,A7JPd6Up0bZowbKAo8U97A==
e71f3eec-819e-4e55-9b63-3272655943d7,200,332.6158,Success,380badc2-1027-4d7b-be76-9ed085056ab1,efq7GwCgpO67Uq7p_IdLrA==
e71f3eec-819e-4e55-9b63-3272655943d7,200,291.8553,Success,9c0430c6-1541-45ec-a667-703691741f53,UpvFKtHAqEVFJ5CvolsWNQ==
e71f3eec-819e-4e55-9b63-3272655943d7,200,298.2141,Success,77319973-70c8-43d2-8f3a-89f6c3feaf1b,IU36a17oMRFnicrniK583w==
e71f3eec-819e-4e55-9b63-3272655943d7,200,286.7643,Success,078c7112-6cfc-4b83-adf7-0255d3df7881,NfokxO0x28w_MrximUVkTA==
e71f3eec-819e-4e55-9b63-3272655943d7,200,309.0754,Success,6e0ec681-fc81-4164-9ad0-40c3e49fa87e,Q4-cmjycmH34PNHnUD7yDQ==
e71f3eec-819e-4e55-9b63-3272655943d7,200,294.2767,Success,e3d429bc-1671-43ae-a40b-8f6666010ff5,9nEfJc4eSNp8LDHJmUAGcg==
e71f3eec-819e-4e55-9b63-3272655943d7,200,283.4428,Success,1165c97d-4a6e-457b-b3af-4f154afe3e60,edj5rHqNH0g245kAsYqCYQ==
e71f3eec-819e-4e55-9b63-3272655943d7,200,306.482,Success,e4051a57-4092-4bf7-b513-0ed7b90c2741,CSGRpWicBOkvr_rwAoA0dA==
e71f3eec-819e-4e55-9b63-3272655943d7,200,301.9919,Success,8f4876ff-064f-459f-a7c2-20d25e761f8b,kPSGXhvcqQbEF8OWhqQnWA==
e71f3eec-819e-4e55-9b63-3272655943d7,200,293.1122,Success,d19bf022-e040-4083-850f-be33c8f5f6de,4RIkDVpqCrgsoHuPIzaGrw==
e71f3eec-819e-4e55-9b63-3272655943d7,200,270.2858,Success,b4fb0690-790d-4f90-9314-cd22d7b36df8,cY2RXyw4rPy0afJ9Bj6KwQ==
e71f3eec-819e-4e55-9b63-3272655943d7,200,285.9074,Success,f2ec9389-c48e-4bda-8cee-9047e23af69c,B-Amq80Qdwc6m1TssWDP2w==
e71f3eec-819e-4e55-9b63-3272655943d7,200,294.9707,Success,8214a771-7ec4-48a9-ad1c-4a5c8438ccd5,WXv57-ZeAGzEqF4c5vLvRg==
e71f3eec-819e-4e55-9b63-3272655943d7,200,291.0717,Success,f62ee8ed-52db-4c5d-89d9-3401b34f70c2,Ivti9542Y4gkiXm7ZCa0OA==
e71f3eec-819e-4e55-9b63-3272655943d7,200,285.1418,Success,93860682-c547-418d-8b75-9b52a120ef6a,DvZ2ATNqr29P74OGbzGaJA==
e71f3eec-819e-4e55-9b63-3272655943d7,200,281.9071,Success,08bce996-e089-4eb5-a0eb-d767a2afa1be,cIzv_VZGmu_awnQHLCtjvQ==
e71f3eec-819e-4e55-9b63-3272655943d7,200,290.6154,Success,575ebcf9-3d97-4a9a-ac64-4c22c69c80fd,zlk74zkGxJNOuRQsqmr52g==
e71f3eec-819e-4e55-9b63-3272655943d7,200,288.976,Success,dc1bb158-5f27-4efe-8866-8b3e612bbf62,j65e8KwSHFBNWaNyHj82RQ==
e71f3eec-819e-4e55-9b63-3272655943d7,200,287.1076,Success,62d4d35f-fb3d-4dd1-aa89-0629abe1025b,r3fOAj1q5maD964x6EzVZA==
e71f3eec-819e-4e55-9b63-3272655943d7,200,261.6673,Success,f1122499-de30-42a6-8d8f-18cb5e68f4e2,6fqU2ULp0DmAyxf6xdp8eQ==
e71f3eec-819e-4e55-9b63-3272655943d7,200,294.4178,Success,cf7dc7bf-5a12-4fa7-8bb8-c79fc3e4d45c,7KO4xf62e3mlJ1fEHiNYkw==
e71f3eec-819e-4e55-9b63-3272655943d7,200,272.2763,Success,5fc36209-4922-4040-ac09-9ac9492d41cc,Kg9bCPZ4R-H8iX1cZIrwRw==
e71f3eec-819e-4e55-9b63-3272655943d7,200,298.8032,Success,1ab812c7-d4c5-46a3-9119-e092f154d790,CKz3IQB9F7H6NLH6jXHouw==
e71f3eec-819e-4e55-9b63-3272655943d7,200,319.7222,Success,b5a97459-5603-420f-9b6f-7827de70a9d4,XHQqjJ9yQcrBcakhET1yqw==
e71f3eec-819e-4e55-9b63-3272655943d7,200,339.3406,Success,66deae10-c670-43c6-a2e4-13421aab6d49,G8jVoAmxrvx3ll96AVor5g==
e71f3eec-819e-4e55-9b63-3272655943d7,200,374.4856,Success,f32164be-aa01-454c-a341-1b8e0f7c03b2,lvKACiq4U6cHiU4U-EqLNA==
e71f3eec-819e-4e55-9b63-3272655943d7,200,333.9503,Success,1ae392fc-fb72-43ba-9b76-4f1ea5bb464b,q0lhHqNp_wnkYc1FB-YZ2Q==
e71f3eec-819e-4e55-9b63-3272655943d7,200,292.8927,Success,c3475046-c1e5-4edd-a45c-bf0111625a9c,sr-UzE0VizUKYf_AGDwJZg==
e71f3eec-819e-4e55-9b63-3272655943d7,200,282.4185,Success,a4d152b0-4108-4445-8668-342208a74523,ikEcwf6Onh2OEUaUJbNgow==
e71f3eec-819e-4e55-9b63-3272655943d7,200,264.7281,Success,f737bd7a-4288-41a9-a5a2-d7364558f9a0,6tZN2HhYxkV1y71-KK9XpA==
e71f3eec-819e-4e55-9b63-3272655943d7,200,282.7135,Success,e7d9b66c-cc91-4b4a-b0ff-7c82a05a1288,Nl0z5HaoCe-HbUPXXMWTZQ==
e71f3eec-819e-4e55-9b63-3272655943d7,200,286.1756,Success,f605ba07-29a8-47de-b591-ec4cd392b94b,qHTQg-1IYPVF6QFGVQXbQw==
e71f3eec-819e-4e55-9b63-3272655943d7,200,305.0991,Success,da62eb4e-297c-4cd7-82c7-cdbe7b8ac374,xXUQljnVEBqz87Fo6awNRQ==
e71f3eec-819e-4e55-9b63-3272655943d7,200,269.6446,Success,633eed10-23c0-4553-9fdf-d9ec8b2a59ec,r42xECeX-UwLjXgVJE7VYg==
e71f3eec-819e-4e55-9b63-3272655943d7,200,296.8687,Success,375229a4-5861-40b7-a226-bbd07a3e271b,nY_HE5zvWB46nYk96PFOnA==
e71f3eec-819e-4e55-9b63-3272655943d7,200,273.512,Success,19e7cf72-3154-46bf-a317-3c305f762807,qr5LX-Fur0pfxBOM2xw0Lw==
e71f3eec-819e-4e55-9b63-3272655943d7,200,283.7053,Success,6c3e02ee-3717-4778-a9e0-390c02266933,_9gN9Iefhm0OxoCDAKeAEw==
e71f3eec-819e-4e55-9b63-3272655943d7,200,290.0875,Success,21c0e47c-7c3c-4041-b69e-c328c98fd542,Cbbt-54j1GsdDPowymvyww==
e71f3eec-819e-4e55-9b63-3272655943d7,200,318.0271,Success,d5559691-fe02-4e22-8e8c-c0f9283bdefe,rfK4YA2YkE2wLEbw4ANnRQ==
e71f3eec-819e-4e55-9b63-3272655943d7,200,296.5473,Success,6792ab98-a077-4d92-ad04-b736feee0d21,nw4tRJVMIkqv6kaSJT_kSQ==
e71f3eec-819e-4e55-9b63-3272655943d7,200,320.8974,Success,0e00d2a3-5b37-4160-9c7a-549bd5bccc8f,J8pLSE1ptAm_Twf4CnyEwg==
e71f3eec-819e-4e55-9b63-3272655943d7,200,324.3,Success,11ad8fed-47f9-4c47-98f5-8f1df5ae4700,JxnRkLQ4P6jd6uMqYbXQJg==
e71f3eec-819e-4e55-9b63-3272655943d7,200,293.3081,Success,09623853-12b7-4a79-bb26-0ec12322bbf9,kruU1h_oQTK6DAVUOkLZug==
e71f3eec-819e-4e55-9b63-3272655943d7,200,271.5143,Success,728b545b-48b4-453e-a8df-0b113e6fb236,S_RcIOz6HvXNiMgBIRB0gw==
e71f3eec-819e-4e55-9b63-3272655943d7,200,272.9258,Success,d463e678-ccc1-4f8e-8609-f9397afbad0b,X_yg5Q6DE50C-shdBNUPeQ==
e71f3eec-819e-4e55-9b63-3272655943d7,200,265.9164,Success,3af54ad0-6fba-4213-9650-503d504ce688,av4D1Ey2rp9I-Dz7iDbs2Q==
e71f3eec-819e-4e55-9b63-3272655943d7,200,417.8803,Success,4a9fcff9-d45f-4d3d-8ce2-1e06314991a3,vjTa9ZkYgYy5I5EUg9TTkg==
e71f3eec-819e-4e55-9b63-3272655943d7,200,426.7408,Success,46464cde-a319-49dc-a019-e8cd8e57a4cc,XDuq9xkwnucif7-pJJPGzg==
e71f3eec-819e-4e55-9b63-3272655943d7,200,449.8249,Success,0214125f-f9a6-408c-960e-9d1d53781023,fvlpyj4w4YW-N3VwseRpaA==
e71f3eec-819e-4e55-9b63-3272655943d7,200,449.2187,Success,ab49b341-348d-45bc-9dc1-b2c57e9b8314,3zHQ5p0YFG6JY981NQL8pA==
e71f3eec-819e-4e55-9b63-3272655943d7,200,458.5179,Success,33edd14b-d9ff-4580-bab1-e0905d270050,PNU4DCJ7mG5Z-uhqgsEquw==
e71f3eec-819e-4e55-9b63-3272655943d7,200,460.5386,Success,f62454dc-d990-4c99-b2b8-7d8d13cf0659,yCUv-Yq1bzFW7F8iQPemyw==
e71f3eec-819e-4e55-9b63-3272655943d7,200,462.7862,Success,349839cc-ccd2-439b-afcd-4f74a03b249e,om1gFxt4SGT24poUmLMWlA==
e71f3eec-819e-4e55-9b63-3272655943d7,200,463.3924,Success,44b48ccf-2f85-450c-86e8-526c014c9e96,40Q75EJmw8KoYUMuBUK7xQ==
e71f3eec-819e-4e55-9b63-3272655943d7,200,464.2251,Success,4bcb068a-57fa-4cc6-a94f-e6ddd8706827,VKsWhiBTre5dycHqFwhfug==
e71f3eec-819e-4e55-9b63-3272655943d7,200,501.0046,Success,f89ace7f-c168-4de1-a9fd-bf0f968ff710,CXe1dNdjEfMEL2kpTsMsNw==
e71f3eec-819e-4e55-9b63-3272655943d7,200,278.2404,Success,229c51d3-e8b5-489c-9d25-17beca0a7134,JHkQQhHfnUjZ4T12-Ne0UA==
e71f3eec-819e-4e55-9b63-3272655943d7,200,279.8851,Success,8793088b-9ccd-4dc0-8735-3b4e0971ba33,Z--OoVCzAirh-JIMSjUNGg==
e71f3eec-819e-4e55-9b63-3272655943d7,200,301.4627,Success,472090eb-2135-4986-afbe-260200e8fedf,EeEC1Psuti7eOq5dJGrxkA==
e71f3eec-819e-4e55-9b63-3272655943d7,200,276.603,Success,c8a49375-9440-4f21-867f-e27424105ccf,sv98gBd7lODncTzJMuuizw==
e71f3eec-819e-4e55-9b63-3272655943d7,200,305.51,Success,e572bb1c-0c03-4fb2-9800-5ebfb43d6a1e,mbTm0gmDUbuHCWKHLfU-eA==
e71f3eec-819e-4e55-9b63-3272655943d7,200,315.0892,Success,703676da-0d35-4ee5-af30-ab561d12f334,vUmhAzX4cj0CvQAUKnLUgg==
e71f3eec-819e-4e55-9b63-3272655943d7,200,274.2895,Success,0a3e2e60-193b-4890-9db3-befb5e18b3f4,AspCn26kM8d545bQ9A-EWg==
e71f3eec-819e-4e55-9b63-3272655943d7,200,271.0901,Success,c1d51bfd-2a0f-424c-927d-4988cd6fc8b6,9bNQv4AU3TVBtTxkLgnk_w==
e71f3eec-819e-4e55-9b63-3272655943d7,200,269.4846,Success,85cab143-6e4e-4a43-bc27-b93237a5796e,lBaeigaBPQ0d-Ty6qs_p6Q==
e71f3eec-819e-4e55-9b63-3272655943d7,200,273.7827,Success,ebc4a191-711f-4a8b-a479-a9ba65dae739,L2iXmKhEFXRmL80PtX7pAw==
e71f3eec-819e-4e55-9b63-3272655943d7,200,298.5346,Success,2121788a-43e0-45fd-8197-c770dbaf7e49,kneglHK64TNnh6M7uLv7DA==
e71f3eec-819e-4e55-9b63-3272655943d7,200,318.9045,Success,5c86db53-6d4b-4736-a4a5-b0f045a484a7,3gyvRwQKUUaguwTrRsArZQ==
e71f3eec-819e-4e55-9b63-3272655943d7,200,302.1563,Success,390ad4e9-05b2-491a-b147-d55803870099,NoPktcYAqoabunF9A0ki4w==
e71f3eec-819e-4e55-9b63-3272655943d7,200,276.5794,Success,fca110fa-505a-44d6-8f57-c2437b114855,2pN2_qwu3x34xLo0V3QW7A==
e71f3eec-819e-4e55-9b63-3272655943d7,200,297.563,Success,1c773dec-818c-4966-b728-f674123395ec,uMlSgn2xBMWJDA-AxLtfEA==
e71f3eec-819e-4e55-9b63-3272655943d7,200,277.9759,Success,86146aee-cb2b-4264-89e3-0be8b3fce305,s4xNPMP_itv1mxXNxg0ZNg==
e71f3eec-819e-4e55-9b63-3272655943d7,200,270.6251,Success,664537d9-7017-4660-a47e-c3b47532f704,auWGi_fSlzsPrVE5ulE-HQ==
e71f3eec-819e-4e55-9b63-3272655943d7,200,350.7519,Success,1be15cfe-5f25-49f0-aa20-85aef3fceb1e,i1Sf_TzQUQ_moZKdOutAaA==
e71f3eec-819e-4e55-9b63-3272655943d7,200,272.2471,Success,68e183d5-fe44-4e28-9213-43b47c5a8ac6,keDZz6jVv15x8-tkj42qvA==
e71f3eec-819e-4e55-9b63-3272655943d7,200,285.6233,Success,51132ec8-d45d-4da2-afac-8ef862586395,4sCX8tsvPmndkdt1J4cBqw==
e71f3eec-819e-4e55-9b63-3272655943d7,200,288.318,Success,4e3bffb4-0ebe-493a-bbac-0bc9d363ea98,Lumea_ur8UqJRZzfgAzDSQ==
e71f3eec-819e-4e55-9b63-3272655943d7,200,271.7855,Success,cb7cdb3b-bb97-4f61-a57c-590019dc05ee,O1dInOhv_5Q8FnZHkL9hNw==
e71f3eec-819e-4e55-9b63-3272655943d7,200,307.8926,Success,5c4ee2a5-1419-4ea0-81eb-bd8aabcf2bf6,_VuI736YfVuE6nC8AuMF4A==
e71f3eec-819e-4e55-9b63-3272655943d7,200,301.3855,Success,06748b64-360f-4621-996e-e9c52c8a7088,t0mrzAmgGd9u6SG2semq7w==
e71f3eec-819e-4e55-9b63-3272655943d7,200,298.2746,Success,2bff8329-47f1-44ff-8107-d85c44800021,NUm7x5SoYKcwd-mvhC-4YA==
e71f3eec-819e-4e55-9b63-3272655943d7,200,293.5322,Success,3126d1d7-67c7-46c0-b594-4a33adcc5efe,PaxQuiBKVhdM61kK634R5w==
e71f3eec-819e-4e55-9b63-3272655943d7,200,305.1843,Success,8661b968-7321-456e-b98c-a180d4cf56f4,9W4v7DSzZ2GGEhfo5-FBNA==
e71f3eec-819e-4e55-9b63-3272655943d7,200,317.0207,Success,ecafac19-bb88-4e45-b34c-6ecadfe5289c,7HEIiLfQs6kcnpgS_7WBLg==
e71f3eec-819e-4e55-9b63-3272655943d7,200,431.3894,Success,10769500-496a-4b3d-a257-d00632abd8e1,Dnpltr39b-ATpCM7ixYskg==
e71f3eec-819e-4e55-9b63-3272655943d7,200,432.8765,Success,c84ba246-71cc-4e33-9c18-e95f0f4a5d6d,lTTMqFzD28BkbgeChDs_HQ==
e71f3eec-819e-4e55-9b63-3272655943d7,200,438.6608,Success,74013683-aae9-430f-84a5-4ab9254b1c7a,Q4g-c2CwyjJlyvYzGdbHZA==
e71f3eec-819e-4e55-9b63-3272655943d7,200,358.0456,Success,24d50229-2fd1-477b-8954-680e7b2fe8d0,uP6nw8K3xjGo-Pw1eGTkvQ==
e71f3eec-819e-4e55-9b63-3272655943d7,200,311.03,Success,fb0133df-3b0d-4093-ba14-057e37b2eef3,6ee3FxKOj0fLBcjvNxhOiw==
e71f3eec-819e-4e55-9b63-3272655943d7,200,294.8925,Success,f970e085-8043-4dff-8b9b-027312cbf9c9,KchRkUqQw4UU5qeftNNFRg==
e71f3eec-819e-4e55-9b63-3272655943d7,200,303.41,Success,668fce74-3a8b-437c-904f-88525e2c0be2,9CQF8H9c9cHkQK3TkI1Zjw==
e71f3eec-819e-4e55-9b63-3272655943d7,200,307.7278,Success,082e673f-41b8-4410-80be-b4ffe973eb5e,5oLGwgSxO24BC0iNDLe4nQ==
e71f3eec-819e-4e55-9b63-3272655943d7,200,288.8039,Success,ec025dcd-85c8-42c8-90c0-885ee86d42a3,n-r8F4ANt0xR8sLJZGcXqg==
e71f3eec-819e-4e55-9b63-3272655943d7,200,303.8566,Success,0d995061-cd12-4f47-989c-786ed0708d25,2TQIlxtpoDaD7MQaxP1YZw==
e71f3eec-819e-4e55-9b63-3272655943d7,200,311.1629,Success,480181ba-1aab-4fc9-bf60-bea0f2140ae3,XXgwBmFBAD9gxqO8qbmEaQ==
e71f3eec-819e-4e55-9b63-3272655943d7,200,304.4606,Success,c56fa59c-496b-4ade-9037-eafc34fd333d,UsUmLgD63DS-Jher4Wfvug==
e71f3eec-819e-4e55-9b63-3272655943d7,200,312.54,Success,a7c6d900-022f-4456-8a00-0c3e069ba863,4kUciUxOln93KovI-h-VIQ==
e71f3eec-819e-4e55-9b63-3272655943d7,200,333.4431,Success,519a9f29-feb2-4da3-a602-a3aaace15c9e,2kXdjw5LyHzkYR6pt9tpFg==
e71f3eec-819e-4e55-9b63-3272655943d7,200,303.3784,Success,da8fd42f-87ab-40b2-ba77-d30c29bca7e6,IDtDwj664A1KadBmwyU-VQ==
e71f3eec-819e-4e55-9b63-3272655943d7,200,320.2042,Success,ae3f918c-bfbe-481d-83af-0c7217e2f558,r68DFoCS5En-19swlOjYuA==
e71f3eec-819e-4e55-9b63-3272655943d7,200,276.0529,Success,c363635d-e817-458b-9ba0-f697d4818137,wwpdvdBRB81vRQz7CFtGrQ==
e71f3eec-819e-4e55-9b63-3272655943d7,200,332.4934,Success,6c3139b7-45c4-4d9b-abdf-24d73e777c2a,Sd9mAx7XhQd5y4ydfNVOPA==
e71f3eec-819e-4e55-9b63-3272655943d7,200,304.0962,Success,c6f91512-d079-4a71-8bf0-5c897b1b480f,zTeS_SgdYAe00MPzQGeCPA==
e71f3eec-819e-4e55-9b63-3272655943d7,200,322.6705,Success,db82aaa1-dc06-4d23-a15d-837828f78ef6,4nDIiEDXQrmOZxDxnjtWbw==
e71f3eec-819e-4e55-9b63-3272655943d7,200,306.579,Success,3d4fe5b5-e10b-4ec8-88a9-f4c190565606,lho65d8SVkSYxmCGEw76ZQ==
e71f3eec-819e-4e55-9b63-3272655943d7,200,292.0697,Success,242bf91e-2194-4769-a077-85f5215c87bb,CLmk-Mfa-_73hn9Yz6zbbw==
e71f3eec-819e-4e55-9b63-3272655943d7,200,275.4456,Success,bcdbdb09-4378-4724-a8e8-ca4e0fcf1f30,oTaMcCV_Jdw4rxC3dz1lcg==
e71f3eec-819e-4e55-9b63-3272655943d7,200,286.788,Success,77518253-d552-4918-a31f-b2927742de83,sdIw9kXaQvZY6ODXJmo3nA==
e71f3eec-819e-4e55-9b63-3272655943d7,200,316.1777,Success,7b759e03-6952-4048-a6f8-586d1defdd94,0NIdC3iuyFn_Ds8EsMc1Uw==
e71f3eec-819e-4e55-9b63-3272655943d7,200,301.6001,Success,52bd0d8e-bbcd-48e1-9a89-8e4efaedb78c,Q8WGmQ0Z04Yg-kCee-0nhw==
e71f3eec-819e-4e55-9b63-3272655943d7,200,295.8817,Success,0a608043-2520-4702-bdd0-3e2db841e811,WCd0jeBLgdunUTobGSJ7UQ==
e71f3eec-819e-4e55-9b63-3272655943d7,200,368.5057,Success,f2482e97-bd3c-4a67-9e40-cee7b48eea2d,wJV4jSzmYMhu2bHuTO0_tA==
e71f3eec-819e-4e55-9b63-3272655943d7,200,297.4751,Success,6eed41f7-7d68-4172-9003-0d8cb9ddce5c,A9iTpR_G9CwNCqn7hw-Dgg==
e71f3eec-819e-4e55-9b63-3272655943d7,200,337.7338,Success,5f63f1f4-e33a-4931-b77a-f599b3ddf926,il-hHCcudhWsO1fvaSy0Rw==
e71f3eec-819e-4e55-9b63-3272655943d7,200,267.0406,Success,dbc8c9f7-e2d7-4ae5-975d-bd1d419e66e7,8HIbjfLIkfgPODGhw5f3Rg==
e71f3eec-819e-4e55-9b63-3272655943d7,200,293.4755,Success,576024e9-66c6-4125-824c-56ac05999578,JYDPgsHLMQwuU5GbRpVEoQ==
e71f3eec-819e-4e55-9b63-3272655943d7,200,293.5314,Success,8e6ea07d-78fa-407a-b82c-f948d4e39a93,-_XnFciNuf-5rdtA2RO2kQ==
e71f3eec-819e-4e55-9b63-3272655943d7,200,304.1151,Success,5ed485ab-6c41-4fd3-92ed-e31cc8130a2c,trSYG392beGh-iT1M3yd6Q==
e71f3eec-819e-4e55-9b63-3272655943d7,200,281.1076,Success,ede87c9a-32de-4afc-9850-79a5b0d1e02e,KAYsCxRXw-cuZ5L1kBNh9A==
e71f3eec-819e-4e55-9b63-3272655943d7,200,276.5589,Success,19247820-f75c-4c60-8e82-b8f398a09663,Hx-RRGle_cqmYUT8bq0PGA==
e71f3eec-819e-4e55-9b63-3272655943d7,200,299.7333,Success,f43e98eb-cfa2-4e2a-8b9a-848ac5112a9e,NN7OmkUKEhZcgGBVoesUcg==
e71f3eec-819e-4e55-9b63-3272655943d7,200,308.6832,Success,ae40f1bc-3e45-4362-84d4-7a20a12f9e71,yC0CeBheOVPspqahKxv-Mw==
e71f3eec-819e-4e55-9b63-3272655943d7,200,288.299,Success,018cad20-0be2-4980-8e3c-fd233204b876,dCu60tsKWf03qcVu9K36LQ==
e71f3eec-819e-4e55-9b63-3272655943d7,200,296.1949,Success,076ed99a-56c6-49cf-a691-3ce5ac438fbc,wEzQoj-bLKD_gEl6IaezpQ==
e71f3eec-819e-4e55-9b63-3272655943d7,200,293.4966,Success,2de18556-3412-43bc-b16d-0f3bebeb12e7,-1ndWAFiVvlh12CLxPkAxw==
e71f3eec-819e-4e55-9b63-3272655943d7,200,306.1703,Success,fa3fe56c-780c-4071-b063-cf37500d292b,SkGfa9EaZHZiDIGA9T-Hjg==
e71f3eec-819e-4e55-9b63-3272655943d7,200,286.773,Success,9130cfb1-ce11-4c70-b434-2f7bd3e2cadb,fylBBL7eyl4IMfVmd18y3Q==
e71f3eec-819e-4e55-9b63-3272655943d7,200,278.8386,Success,0938a394-11f6-4319-8f0e-0164f9d060a9,fvGUgB5f_mO-c45vKQqVfQ==
e71f3eec-819e-4e55-9b63-3272655943d7,200,291.2322,Success,21b8cf1b-755d-4325-829f-1f761d723385,K9iVRVryWTYkmwatxTbasA==
e71f3eec-819e-4e55-9b63-3272655943d7,200,290.2009,Success,c4e4860f-13a8-4eea-bee2-1667d8b8c64b,LERsXfkoN5IPKyls2m29IA==
e71f3eec-819e-4e55-9b63-3272655943d7,200,331.6808,Success,5f365060-ef97-400e-93f8-65ddb0e14ad4,JciKB5gL21Cwql8PhyN7bw==
e71f3eec-819e-4e55-9b63-3272655943d7,200,312.3098,Success,2769bb7d-9b9d-41a7-9d11-7a1d0f8306ee,fA9k2MkrCX4zSgkll4RaIQ==
e71f3eec-819e-4e55-9b63-3272655943d7,200,322.9302,Success,3e6e3e90-1156-4818-83bd-49f8c18615d7,_LDaeUvea9z32npJe04DZg==
e71f3eec-819e-4e55-9b63-3272655943d7,200,321.324,Success,663ac6aa-0f8a-45d9-b5ed-e10af6c2dbfe,liSrQnxaFHe5KeOD4ZDbdA==
e71f3eec-819e-4e55-9b63-3272655943d7,200,311.9102,Success,4213acfc-4ecc-4589-9876-91041db015b6,C563Kyg0Y9t111XXFL2FSg==
e71f3eec-819e-4e55-9b63-3272655943d7,200,336.3057,Success,822c59b0-6100-43a3-a0f4-d62623d1ddc1,oABfEX4OTUsslJvUFLvjmg==
e71f3eec-819e-4e55-9b63-3272655943d7,200,321.4722,Success,38015d13-124c-4f5e-844c-f28a8f07fc66,X0JjSv3BR6QZAs7FYKEG7g==
e71f3eec-819e-4e55-9b63-3272655943d7,200,341.4192,Success,45448e87-a50c-4246-87fa-812f13394071,UXbtoKu-tj-jG7UsrAEtuA==
e71f3eec-819e-4e55-9b63-3272655943d7,200,307.807,Success,556e6909-f74a-42da-984d-b7922faf8b13,zfwJ2BrWg2riQcYlb9OBbQ==
e71f3eec-819e-4e55-9b63-3272655943d7,200,299.1216,Success,51ce955a-1fcb-4af6-a15e-405b55eeb362,nvm2NN5QuuIzuJmtH3l4wA==
e71f3eec-819e-4e55-9b63-3272655943d7,200,307.6106,Success,17e3c584-524e-4a1c-9d3a-050fd280b497,dmTtDpaB3sAKium0tz0_IQ==
e71f3eec-819e-4e55-9b63-3272655943d7,200,329.1043,Success,8d5e5fdf-1873-42e6-b45d-77323308b1f9,Ebq6FhwhTWhGWRVeHpSWcw==
e71f3eec-819e-4e55-9b63-3272655943d7,200,299.9232,Success,831120dc-4156-4831-8077-b2370b9783ad,PawLYKdfzwGjSe-c5nRlOQ==
e71f3eec-819e-4e55-9b63-3272655943d7,200,306.74,Success,86a30286-dac3-481f-b576-78b977cb5797,M95MzrCPDZDsQcX2YLfqcQ==
e71f3eec-819e-4e55-9b63-3272655943d7,200,298.5348,Success,5248be5a-3257-4ce6-b02c-46b259343b27,4_VhX1KukpKWVu6Wj4Izqg==
e71f3eec-819e-4e55-9b63-3272655943d7,200,303.0581,Success,fad26d23-9fa8-4385-8f2e-958ff593732b,kcbKuDEFlVJTwDOkBggAFQ==
e71f3eec-819e-4e55-9b63-3272655943d7,200,315.8919,Success,f77d715d-b378-412a-bf5b-97d23200954a,iYmbia0-OYLcRpf0s5kUhw==
e71f3eec-819e-4e55-9b63-3272655943d7,200,301.1638,Success,389cc1bd-c437-463c-ac34-60e558d1815f,eMhCOax_yAFUikkUPihozg==
e71f3eec-819e-4e55-9b63-3272655943d7,200,298.0811,Success,36d73026-90f5-45ac-a747-924a6ef17c7f,-HX4U_YXjw6bjeAVVL5CsA==
e71f3eec-819e-4e55-9b63-3272655943d7,200,366.4642,Success,3fe43523-ab83-4c5d-8fff-69fe19b1e190,5dgPGga4vUsXZoch3F1tTg==
e71f3eec-819e-4e55-9b63-3272655943d7,200,316.4646,Success,31a74d6e-675f-45fe-beaa-77f46cec1dcc,yUkjSrsZrX9zlQT9w2Wmug==
e71f3eec-819e-4e55-9b63-3272655943d7,200,284.1993,Success,def328f4-84af-4843-9f7f-d714d8475c88,4tTU9Lk1sQGRCQtbbOQKBQ==
e71f3eec-819e-4e55-9b63-3272655943d7,200,288.8256,Success,956ad490-b8af-4fca-a9e1-025efc6731f4,3Hh9GKaDGMHhulumw9wRKA==
e71f3eec-819e-4e55-9b63-3272655943d7,200,284.8994,Success,70c426a7-88a3-4b44-8d74-2c49c812e3cf,LEXBDsMbytQmrzbqEEv7_Q==
e71f3eec-819e-4e55-9b63-3272655943d7,200,271.5495,Success,4796f8b2-7dc8-42cb-af8a-3d85114d44d0,Gtzq_yxqS7O-uWjVuRm8Lg==
e71f3eec-819e-4e55-9b63-3272655943d7,200,294.8582,Success,7d5ca986-47ed-4d1d-9a60-eb6c35c0ae09,-jOGwMm0sblLUOehTtpCHA==
e71f3eec-819e-4e55-9b63-3272655943d7,200,300.1918,Success,05eedfa3-09da-4f7d-882b-32a73ed4dae1,TJTLuna28Qr2lVuz5PtL6g==
e71f3eec-819e-4e55-9b63-3272655943d7,200,284.5701,Success,a1e90ced-f6c2-443f-92b9-3520d7ff0cc4,en0DqTbAzFjY5V0ZmwTanw==
e71f3eec-819e-4e55-9b63-3272655943d7,200,273.896,Success,ae032441-50b0-4a56-8304-920414fd22f7,LjDAc782N7AoOqzkLaMp4Q==
e71f3eec-819e-4e55-9b63-3272655943d7,200,310.2377,Success,b622edc6-a7c9-46ff-aa0f-0ad3d16d12e0,Cx4fYnWc1Jg61u1yAMhnuA==
e71f3eec-819e-4e55-9b63-3272655943d7,200,308.1188,Success,8b9080cb-075a-41cc-baa3-102ee6636df4,9QxvTLq3n5_johmSy90lKg==
e71f3eec-819e-4e55-9b63-3272655943d7,200,273.1362,Success,48f2aa50-f741-474a-a93b-816e9570c512,NbO2r3GmjkMqjVYJr_nnyQ==
e71f3eec-819e-4e55-9b63-3272655943d7,200,269.5889,Success,40099a75-ef61-40a9-823d-d0989015e132,ijH1_21VklA0xkiF02cBuw==
e71f3eec-819e-4e55-9b63-3272655943d7,200,287.5121,Success,44e91365-c7b4-4e47-82d8-deb0baa042d8,UjTx9B23xBJEOjPrLFFB8Q==
e71f3eec-819e-4e55-9b63-3272655943d7,200,287.2582,Success,92a9da21-08db-4ace-92c5-271b07c3ad27,VXGn6vGVz9z2OhUryppShA==
e71f3eec-819e-4e55-9b63-3272655943d7,200,287.1964,Success,cab81fc3-b8a2-4d33-afaa-b46760ae5b73,h-Cct83FZcJuRCPHWk4etA==
e71f3eec-819e-4e55-9b63-3272655943d7,200,294.6326,Success,d6321e55-2e17-406c-8be5-ff0ac3bc18de,LluT2JNXsLUUpvYCOKvIeg==
e71f3eec-819e-4e55-9b63-3272655943d7,200,301.865,Success,2ae639c7-11ab-454c-9320-bfea7bac1604,EPyndoXSTivgegc5PVHuBg==
e71f3eec-819e-4e55-9b63-3272655943d7,200,268.6065,Success,6119b822-e473-4913-8a89-8d2d8aaf1fc9,29oYESyB9uMl-NiHapHdoQ==
e71f3eec-819e-4e55-9b63-3272655943d7,200,283.0713,Success,69cb05a4-45cb-483a-986d-a1020180e5e7,zK8GVA1GDRU9wGWPyNkudA==
e71f3eec-819e-4e55-9b63-3272655943d7,200,272.4467,Success,1f1a4a07-f2d0-43be-bee7-ea2adbed7651,VVZvyMQG-sHrQcmVRx5qTw==
e71f3eec-819e-4e55-9b63-3272655943d7,200,280.2317,Success,6a919a21-6cc0-401f-91da-7441c95f5745,xBtAlpTSyC20-g5icqOuOQ==
e71f3eec-819e-4e55-9b63-3272655943d7,200,317.2645,Success,ef5b39ae-bdb1-4d93-9786-55a4052b3f92,wE6cwJNwQ25kVemNwNUDXQ==
e71f3eec-819e-4e55-9b63-3272655943d7,200,316.0633,Success,2fcb33d0-415d-4339-a354-bcf09fc09ce1,tdBQx7l-fWzfDUfBYFXHIg==
e71f3eec-819e-4e55-9b63-3272655943d7,200,310.3905,Success,b79bc38d-b141-40e6-b63e-52ffd019b689,F21rvUMcLYc9YN0kYtAkDQ==
e71f3eec-819e-4e55-9b63-3272655943d7,200,289.4688,Success,224dfe50-73b8-46b0-86c9-b7cf054ef966,VYMKT3pmGAg2ZJk7DA0E4Q==
e71f3eec-819e-4e55-9b63-3272655943d7,200,298.2689,Success,75295c8a-422e-487e-b668-75d9229054d7,1-MaLS5wfMurpjU520LO6A==
e71f3eec-819e-4e55-9b63-3272655943d7,200,305.4809,Success,56792047-58aa-4da5-84cc-3576c30e61ca,jGTThs-P696Ptskpinq3pw==
e71f3eec-819e-4e55-9b63-3272655943d7,200,303.373,Success,257211da-9bf0-4300-82c1-299e21aaa010,G_QNuMwY7-qZHHpdBORIfw==
e71f3eec-819e-4e55-9b63-3272655943d7,200,292.2387,Success,6a3b0a97-43d6-4502-98b4-5cdd8301d353,3AbiSJoGSuwgBCeVKx40Cg==
e71f3eec-819e-4e55-9b63-3272655943d7,200,307.3662,Success,0de83013-0aae-448c-9642-9a95acccc4a7,V9zqlrayI9f5ZY9GH6_SoA==
e71f3eec-819e-4e55-9b63-3272655943d7,200,285.5571,Success,5f374da4-ef61-4b27-9a4b-afb749975111,kF16a7S5RKNSOzO4uslXMQ==
e71f3eec-819e-4e55-9b63-3272655943d7,200,325.8088,Success,00e9d974-a42e-404c-87a9-3c6fbf219b67,cGmBSB9CJKs7WZgY2euaaQ==
e71f3eec-819e-4e55-9b63-3272655943d7,200,283.6841,Success,d7c08d6b-574f-4eb9-b219-a4683fc06feb,ifbZ-uyv2lw9a1Rg49qFCQ==
e71f3eec-819e-4e55-9b63-3272655943d7,200,303.7941,Success,a3dad0cc-f9f0-4105-92d1-37170dc864c3,07OJOhQv1UF6Ddd7HcUoCg==
e71f3eec-819e-4e55-9b63-3272655943d7,200,276.4808,Success,a52ab498-2fbe-4f91-88d3-7f03b67b288b,P6l-L4SWTNsJq4wLjSiA2g==
e71f3eec-819e-4e55-9b63-3272655943d7,200,272.306,Success,0053c824-9c47-4ba5-ba87-7a43aeff4d56,7X6ocnkH9M0mwlVlEeZ_qQ==
e71f3eec-819e-4e55-9b63-3272655943d7,200,305.0653,Success,92384fbd-ef5b-409e-a145-3815b06c8c83,3GtkpFZsy5U-CpI7zheQMg==
e71f3eec-819e-4e55-9b63-3272655943d7,200,291.3592,Success,f94f0ab7-735e-4ba8-8102-c2db8c6b0af1,h3j0RoaFeyuvY9rsK3A_1Q==
e71f3eec-819e-4e55-9b63-3272655943d7,200,295.9693,Success,927e783e-9529-4212-accb-ceb697c95487,1Z5_RqWbu_e6SyKBGwyIqg==
e71f3eec-819e-4e55-9b63-3272655943d7,200,267.8278,Success,0075c89c-2381-443a-bb85-24680f5a76d8,76QL0KJNF0c-40xAfGEhWQ==
e71f3eec-819e-4e55-9b63-3272655943d7,200,266.7911,Success,d7ef6f28-8b1a-4ab4-9cdf-c92ddcd88dfd,MxmHqWiJlyCYdsHM1opnUw==
e71f3eec-819e-4e55-9b63-3272655943d7,200,286.489,Success,6027bfb8-2dd8-492a-a149-1f20ceaffabe,pBnqvopbpwrEYtlVPjhCbw==
e71f3eec-819e-4e55-9b63-3272655943d7,200,277.2152,Success,49d1ae32-f184-40e9-bda8-6bfbd8245682,0heRmMMOAUcjqz69tUWvKw==
e71f3eec-819e-4e55-9b63-3272655943d7,200,269.4487,Success,e57542ce-73ac-4c78-aa87-0c6e1a50c73f,5nVPzs3cTug-uIlI4tnS0Q==
e71f3eec-819e-4e55-9b63-3272655943d7,200,271.7477,Success,62f11b3e-cd15-44cd-a848-caf975352d61,6pSufdBs4dEvWqp4QzkT1g==
e71f3eec-819e-4e55-9b63-3272655943d7,200,307.8156,Success,e9b23292-c739-4808-aad8-ce2d3c835d2a,WqeV79VNo1vMV5oge09Gtw==
e71f3eec-819e-4e55-9b63-3272655943d7,200,313.3316,Success,0486130e-a103-47e3-a618-c2c4a0696bf5,848ReSqGVncsY8c3spGH6g==
e71f3eec-819e-4e55-9b63-3272655943d7,200,289.9789,Success,3ac58994-75a8-4273-a44a-00cba54f1596,jQJyKQSZQKpFYKGSIrRFTw==
e71f3eec-819e-4e55-9b63-3272655943d7,200,291.4932,Success,02af5976-c967-40d3-948b-7f60f894b6de,6iwb0ezW6tB4DaRilSPrIA==
e71f3eec-819e-4e55-9b63-3272655943d7,200,286.0491,Success,cc5f5004-5730-4ed4-b2d0-852081e10066,SD6sHY9uv-y64OXsWWjbMA==
e71f3eec-819e-4e55-9b63-3272655943d7,200,270.6316,Success,c307e1f7-80d5-400a-bcd8-6944dfebe99f,fOzka6ncR6qgdXfHfnZmEQ==
e71f3eec-819e-4e55-9b63-3272655943d7,200,288.8367,Success,da3043a0-2f2c-46d3-9402-91d0821781f1,hZex18ytEZeY1op4B4uMIA==
e71f3eec-819e-4e55-9b63-3272655943d7,200,268.0563,Success,9d15e481-f2b0-485f-8ecd-06e97a962a52,NmuxLbLNf0OiNuSJm-aXSA==
e71f3eec-819e-4e55-9b63-3272655943d7,200,261.9928,Success,4e8d8c7c-9c1d-4424-8f6f-8244bb00927e,f-Yc02lapa2leCY9whM2Qw==
e71f3eec-819e-4e55-9b63-3272655943d7,200,266.4545,Success,66a6a039-c248-4d75-93f2-f3a83b0d7df2,FgRiga0Mt4ifsQiQjzPKsA==
e71f3eec-819e-4e55-9b63-3272655943d7,200,258.2452,Success,03169bc8-75aa-4801-b1db-ca5ad7f5b6e9,N6BpD-o01bpSZff0ERs4Aw==
e71f3eec-819e-4e55-9b63-3272655943d7,200,301.4157,Success,209aa5cc-9a97-42dd-b6c5-dc1bd76fe923,jfmEGCaBK7fDel_4Y2UPuQ==
e71f3eec-819e-4e55-9b63-3272655943d7,200,416.715,Success,35e517a3-649d-4633-9696-5a92e8d1e668,jl6AzoM-ZzGmIQKjzYJzmA==
e71f3eec-819e-4e55-9b63-3272655943d7,200,346.8472,Success,e8f13631-3ee5-431e-9912-2d752c68c11b,pKULKUn3SYLn0t7bIZwTkg==
e71f3eec-819e-4e55-9b63-3272655943d7,200,325.7855,Success,3f0c9072-2c5d-4840-b99a-5255e13bc4f4,yE3knwBNc25mcnTiwZ-TvA==
e71f3eec-819e-4e55-9b63-3272655943d7,200,321.5931,Success,feac664f-3294-4032-815c-f0c784b3b79a,CxwdUASS15wET2mLDf-Kuw==
e71f3eec-819e-4e55-9b63-3272655943d7,200,328.4908,Success,6ac4ebde-57d6-469f-9b03-3bce050c427a,aDPMEI58tmJEpn2mWbW6WA==
e71f3eec-819e-4e55-9b63-3272655943d7,200,316.5784,Success,78978a74-955f-4d66-b4d3-19934b75689f,bXZ67dq0Dox44N4labRReg==
e71f3eec-819e-4e55-9b63-3272655943d7,200,311.3534,Success,26e1f11e-1060-46ea-af95-88814cc35df1,5qM8H3uxGzy13gsUA0_Lbg==
e71f3eec-819e-4e55-9b63-3272655943d7,200,330.4665,Success,dac566f5-45f3-43aa-b7d4-a56b0399c023,7wk3flL9PbbXhE4Un2QMkg==
e71f3eec-819e-4e55-9b63-3272655943d7,200,347.7717,Success,3269d529-e211-44b5-8c2f-aeb135dde8c3,8kndl2vAKM3DvunpGtacig==
e71f3eec-819e-4e55-9b63-3272655943d7,200,286.9414,Success,c4c4cb89-8de1-44bd-a972-c5c65de4e124,BoFbnGlc1MGw2BsB2bLC9w==
e71f3eec-819e-4e55-9b63-3272655943d7,200,287.4395,Success,a6c15c00-28e2-4b5a-a893-98fa82af0da2,6CIHyS1fsJpiM531XVcAYA==
e71f3eec-819e-4e55-9b63-3272655943d7,200,287.0948,Success,9636e51f-eb25-4bf7-819f-b89279496d11,T7HjcLTZbqP1Nl7NR0187Q==
e71f3eec-819e-4e55-9b63-3272655943d7,200,297.3936,Success,f43e6191-0f9c-40be-b750-443bccea9150,4gG2mb2Z3u6KU5AMs6Y9tA==
e71f3eec-819e-4e55-9b63-3272655943d7,200,302.6373,Success,5b9169de-0398-415d-af88-054701d01322,ZvCcLGtoR5LVZBh3C9l_IA==
e71f3eec-819e-4e55-9b63-3272655943d7,200,277.3136,Success,a9baa6ed-5ed8-44c8-bbd0-c81221695df0,EepZk2FeSeWVyuLREpodyA==
e71f3eec-819e-4e55-9b63-3272655943d7,200,283.8147,Success,46c3a99a-bd92-486d-aa00-6c8d12658fd4,_I27ivRZS_E0-KvUWeo79g==
e71f3eec-819e-4e55-9b63-3272655943d7,200,400.5928,Success,076e4c49-10cf-4cb2-9eca-4f848ff3f6a3,o9UYsPDS7MDx5YOXkF7x7g==
e71f3eec-819e-4e55-9b63-3272655943d7,200,283.8372,Success,5887e834-ba10-469e-bf6b-da4b284fd879,n7EVY9C4JVUrKmKSvrf5bQ==
e71f3eec-819e-4e55-9b63-3272655943d7,200,272.9411,Success,a23ed8a8-0392-4b9f-b947-d46f26b6adee,WrFoaCvmvmNr1eYyLKl5EA==
e71f3eec-819e-4e55-9b63-3272655943d7,200,267.2267,Success,64588950-1bd8-4dfe-a5e0-5b80dc3f292c,7sAma98XzZ_PnpcLQpkZsg==
e71f3eec-819e-4e55-9b63-3272655943d7,200,274.0812,Success,aefee66c-4c0c-4b95-86b2-777f5269dbc5,MJKNm5eT9HbjAfInjzVOAQ==
e71f3eec-819e-4e55-9b63-3272655943d7,200,275.2371,Success,d858dcf5-f27b-47d7-b28c-d69d027b282c,sLzTQXrCCgmgt1y7G69shw==
e71f3eec-819e-4e55-9b63-3272655943d7,200,291.7853,Success,52c30882-bb46-4158-9632-e440d6a51290,NSRqSigq4wdjjjJNIl-rrg==
e71f3eec-819e-4e55-9b63-3272655943d7,200,273.9624,Success,346ba874-521c-4f9a-8e72-4e0f2d5f50f1,ZOz1mdO5QRhxIajN6N2t6Q==
e71f3eec-819e-4e55-9b63-3272655943d7,200,267.7038,Success,ff259dc1-a08b-4b63-b64f-b7d256ad3097,mYN6CNU1VzOEPgiPrWrmRg==
e71f3eec-819e-4e55-9b63-3272655943d7,200,273.0502,Success,dedba091-c7cf-45ea-80bd-851a27183b28,xBXHywaSFXrPzwhyBTWxEg==
e71f3eec-819e-4e55-9b63-3272655943d7,200,272.5881,Success,cd8a7752-5b74-4cf1-bdd0-5092412e1e42,u4hpxFSSPEzVvQ9FFCQIxw==
e71f3eec-819e-4e55-9b63-3272655943d7,200,278.1666,Success,9729c840-2780-4472-ad73-4f20a90756ad,-uJbfAZ0IngkapiZLKXnOA==
e71f3eec-819e-4e55-9b63-3272655943d7,200,285.4908,Success,4642e3f7-d52e-4ebe-af44-e9a6d1e04be3,uqwGB6RbqZUM759sAJYL2w==
e71f3eec-819e-4e55-9b63-3272655943d7,200,289.8088,Success,5803d224-3517-4faa-9b43-f2cf3e56c8b4,xzV8I_fzdtBTgNOHKDbYpQ==
e71f3eec-819e-4e55-9b63-3272655943d7,200,280.5805,Success,a26ecd45-4e85-41cf-99f7-c747f098898f,RftGfpatkTR0aq9A-FeAwg==
e71f3eec-819e-4e55-9b63-3272655943d7,200,266.0635,Success,35a9a179-cb23-4ed8-8eaf-89a05c45c668,lK9aCJNZhhh1Ojk6Xpa9dg==
e71f3eec-819e-4e55-9b63-3272655943d7,200,277.5281,Success,d282ae47-933c-4a1e-992b-452a3b66eb6b,rKGErjHKfyeQOZzKa2UVtw==
e71f3eec-819e-4e55-9b63-3272655943d7,200,305.8849,Success,9338aa50-8aa4-42a8-a141-4a85294564a7,rQyBM2o4fGKyvgIyshXSOQ==
e71f3eec-819e-4e55-9b63-3272655943d7,200,312.3771,Success,9901552a-6a16-4242-9aca-e1ba6038a188,NSUYBy8-7eKR9bdcwIjaAg==
e71f3eec-819e-4e55-9b63-3272655943d7,200,268.0116,Success,c954e106-ad33-4691-8bd7-c0d8d882138c,9sNoPmZW7BFEEhgP2tm21w==
e71f3eec-819e-4e55-9b63-3272655943d7,200,269.3049,Success,71ef0b9b-ff06-4c22-9ec3-d4878a69f227,ArJjSOxQfsUs358R2dyvPg==
e71f3eec-819e-4e55-9b63-3272655943d7,200,272.0205,Success,86ff03a5-004b-4347-b7f4-ae8d17db077c,e-zD6UzOmU8JNQgoOr4Wrg==
e71f3eec-819e-4e55-9b63-3272655943d7,200,282.771,Success,01d9e5f4-50ed-43e1-9ec1-0b4614286e46,9pRsxh9vt82L78jn3RUHCg==
e71f3eec-819e-4e55-9b63-3272655943d7,200,275.2579,Success,a235e98f-d187-4a8c-baf2-7747ef6c2fe9,hJCNSI4bJEEGrLMBxpu5Zw==
e71f3eec-819e-4e55-9b63-3272655943d7,200,289.454,Success,b2fa0af4-cc6a-4dda-804d-91c08da94a6a,TcFOrJYWiz4AXMjqdvY9dw==
e71f3eec-819e-4e55-9b63-3272655943d7,200,293.5451,Success,f21df243-2871-4c01-b015-fe79dcac09f0,1KIkE9YtHtUeQfp9D5nR-Q==
e71f3eec-819e-4e55-9b63-3272655943d7,200,289.8573,Success,a12b0faf-4335-4bf7-b986-f4211fdcc313,PdeiGO3FdJ16SpXC-XqMvA==
e71f3eec-819e-4e55-9b63-3272655943d7,200,299.8256,Success,30173833-ce83-451f-83eb-8081c472d150,UUpyK8gHEDxStvDBRv2njA==
e71f3eec-819e-4e55-9b63-3272655943d7,200,298.7432,Success,bfa97d50-e6f0-4b7b-9f3f-ab0fd911def5,pZG5EOYnxb7xoeL1PVCNPg==
e71f3eec-819e-4e55-9b63-3272655943d7,200,290.504,Success,b1cec08e-9b7b-4e06-b9bc-370afd9ee29d,tKeSmF7k6ehO70oCQtxl4g==
e71f3eec-819e-4e55-9b63-3272655943d7,200,281.4755,Success,a98380b4-fecc-47b1-b88c-dd2f98a8c6ab,HLD4aLhXdwxBO8vv7gDkmw==
e71f3eec-819e-4e55-9b63-3272655943d7,200,311.8288,Success,225f2ab5-451d-4e7e-9001-f6eeceed78f5,RGo6WFCWwa-xGnKEi2inZw==
e71f3eec-819e-4e55-9b63-3272655943d7,200,302.4973,Success,c2657a1a-654c-426e-8483-c65f9e2eb506,82LPZawDtabsLHbSHumjHA==
e71f3eec-819e-4e55-9b63-3272655943d7,200,283.8221,Success,6ecef5e9-d53a-4c0a-bec0-34e81cf7627b,VNnvJ4HLGQNIJwYoTJirsg==
e71f3eec-819e-4e55-9b63-3272655943d7,200,331.2741,Success,d95ab7f6-128b-40d7-a21b-20cb16a1fdd9,z8gVWzRegpKtqTR7iHnnKw==
e71f3eec-819e-4e55-9b63-3272655943d7,200,311.858,Success,1d876f3b-3e73-4cb9-9bfc-cccdd0fdb8a2,-IJFpsbGQq39HcccILp8bg==
e71f3eec-819e-4e55-9b63-3272655943d7,200,269.0071,Success,47397040-2e08-467f-a14f-dffca677131c,xbab-aZDhcU2OJGw6y_hKg==
e71f3eec-819e-4e55-9b63-3272655943d7,200,291.4353,Success,e93488dd-c831-4549-ade0-ad1f2661d664,IQ90skLwEp-NeVOSIGUCOA==
e71f3eec-819e-4e55-9b63-3272655943d7,200,276.6822,Success,77d693e6-57d8-4470-bb87-e55479aa9af9,ny0s_IbJnXBnD9xpzqmFgA==
e71f3eec-819e-4e55-9b63-3272655943d7,200,271.2565,Success,8fa842b3-5f30-4c48-a8be-b94239a2661f,NSPpAzq7xlAG4m1RRvRXww==
e71f3eec-819e-4e55-9b63-3272655943d7,200,275.2447,Success,f4bacd86-80f1-4448-91c5-c22a13f3f191,VSFs0AjXz4FLxbyH2olE7Q==
e71f3eec-819e-4e55-9b63-3272655943d7,200,287.5484,Success,a5f73e10-b810-4e39-8fae-51d90a2f9465,CgWVbNE9Wkx16VziFxnH5g==
e71f3eec-819e-4e55-9b63-3272655943d7,200,290.2909,Success,fa4fb689-a706-4186-a8bc-cbcfe959d29c,zIq3srx_068uzRMIQKepAQ==
e71f3eec-819e-4e55-9b63-3272655943d7,200,286.1767,Success,43cd4848-f413-4c4d-8aa9-ccd38c97c62b,8Y-WMFb-aZMYgrDLzG39dQ==
e71f3eec-819e-4e55-9b63-3272655943d7,200,270.9274,Success,0c53184a-3401-4995-8f2a-2e5aa6328886,qth812rrkecUmyGuHlN9Kg==
e71f3eec-819e-4e55-9b63-3272655943d7,200,294.0459,Success,fc08e1aa-196b-46e1-934b-e4cefd3a32b4,tSNeNa5g1wyDnzHWX9l09g==
e71f3eec-819e-4e55-9b63-3272655943d7,200,264.2216,Success,a8e93271-4e43-4d5f-aa1c-b0d7208488cd,jz98InroA5SHTETQa0Aygw==
e71f3eec-819e-4e55-9b63-3272655943d7,200,281.7927,Success,6edf7450-d045-4a27-b2b0-a75d6d81408f,GqH6JOW3RYjP1gQ1on6B7g==
e71f3eec-819e-4e55-9b63-3272655943d7,200,292.4168,Success,e5469899-edf7-4113-97d1-da1549d06b43,DBxq3lj09dJCLVAEtsq93w==
e71f3eec-819e-4e55-9b63-3272655943d7,200,278.1164,Success,aec214a2-e99f-4bbf-8100-6f36d612a18c,3RMeO-oXFTrILYT6w-w5iA==
e71f3eec-819e-4e55-9b63-3272655943d7,200,279.3726,Success,8e3d40f0-87b6-460d-8611-4b573692739e,rYk9Xw3p9BvOEOsGkX9VkQ==
e71f3eec-819e-4e55-9b63-3272655943d7,200,286.9879,Success,3ec1ecb7-a1e1-49be-a658-7722b5ff576c,uq9_18cfJ__rIJAQUvbYeQ==
e71f3eec-819e-4e55-9b63-3272655943d7,200,278.3218,Success,41609f26-dc00-4411-aa1d-6a7083c23569,2OeyDA4LIqxJ1DFGKleHjw==
e71f3eec-819e-4e55-9b63-3272655943d7,200,296.9592,Success,b57023ca-3504-408a-861a-b00a9157e07e,WfAhWN3Cn47N25xx-vz3dg==
e71f3eec-819e-4e55-9b63-3272655943d7,200,266.0847,Success,040a1732-b5f5-433c-9bf7-8502aa47805a,j0RsSZMiad3wAe0OVmZpDg==
e71f3eec-819e-4e55-9b63-3272655943d7,200,263.3166,Success,e5ff7902-2d9e-4ba4-b07e-b4077c6c8ee7,OqtTZ3BmTP9LkgTDwuND9Q==
e71f3eec-819e-4e55-9b63-3272655943d7,200,281.3123,Success,c1509543-9bf6-4717-9971-27e0a3e17c2f,WTrjqV7YTV6PxNDVJd4yVg==
e71f3eec-819e-4e55-9b63-3272655943d7,200,267.1642,Success,2f55f0f4-f530-406f-8df2-f2d8656621e1,n0Q8C0y1JLnuBxfSiw4nqA==
e71f3eec-819e-4e55-9b63-3272655943d7,200,293.6362,Success,4df75877-e8b6-4eec-9599-b747d8f32bc1,3ACbb-XDB6SD5c9c48_CZA==
e71f3eec-819e-4e55-9b63-3272655943d7,200,294.5649,Success,b3b1585e-209e-4403-87da-463f2ed3ca07,N-YahbAfQaXxfAtOjIULNQ==
e71f3eec-819e-4e55-9b63-3272655943d7,200,337.789,Success,89c55e1a-cac8-498c-9789-7ebfbbb1dd80,cjuu6hMKmqJfp6w303aEvg==
e71f3eec-819e-4e55-9b63-3272655943d7,200,303.4345,Success,694044b2-1d30-417c-b871-f821b504c221,IvvNrz7bpwWSALoireLW0g==
e71f3eec-819e-4e55-9b63-3272655943d7,200,280.9174,Success,26c3b938-ffca-4d39-9f90-c610e33501c8,9-3LJGK6jQmgKdb4_scPGg==
e71f3eec-819e-4e55-9b63-3272655943d7,200,307.8474,Success,b13cedf2-166d-4d3f-9e11-a9e7a118098c,5HJP-TEhwNzRuueL1KfZeA==
e71f3eec-819e-4e55-9b63-3272655943d7,200,296.4615,Success,e509628b-15df-42f4-8944-9c262fe55b08,uYfgg3Huy3PdA8SYsoga3A==
e71f3eec-819e-4e55-9b63-3272655943d7,200,363.7866,Success,58d26488-ff14-473a-adf8-6147218aa907,crGgoz17GR6zDr0jqkrbTA==
e71f3eec-819e-4e55-9b63-3272655943d7,200,324.4804,Success,605a0f6c-b2d6-4f0c-b2d0-300555de0b27,skGWKqRwfOE1xnbjC1ynfw==
e71f3eec-819e-4e55-9b63-3272655943d7,200,306.1186,Success,0c65ce70-c312-4f88-ab62-0fac9a5653cb,_BiGawLupK5e73VQgUZSww==
e71f3eec-819e-4e55-9b63-3272655943d7,200,293.2981,Success,dccf63ed-6559-4188-93cb-f4ff7b9d288e,jqPgLbPZ3fOp0IlbUVw0RA==
e71f3eec-819e-4e55-9b63-3272655943d7,200,302.7047,Success,80f60f48-1c63-42bf-b7ec-c282f808d3af,qYyR49pqk94c5ynwCuaSjQ==
e71f3eec-819e-4e55-9b63-3272655943d7,200,274.7753,Success,4e944a49-c741-47b1-b5b8-bd4e1602404e,FotfE4Yj45ehoiDHYWWdYg==
e71f3eec-819e-4e55-9b63-3272655943d7,200,287.3017,Success,51c451b2-2c4c-43be-82e2-9c6c6ec9605c,bH1TUPjn4ga9gFEUfYqlZA==
e71f3eec-819e-4e55-9b63-3272655943d7,200,275.9157,Success,cb45dd42-4120-4b8d-8064-42e0a67c0842,wXb-hEYR7STRAfRgIs2CuQ==
e71f3eec-819e-4e55-9b63-3272655943d7,200,293.0408,Success,bf14426e-7ecf-4fa1-905a-8b67236fa5e6,iiCxC7cauAKoC4LmRZ7JCw==
e71f3eec-819e-4e55-9b63-3272655943d7,200,289.6194,Success,37c36a48-7928-464d-9e05-3325d0afd27f,gN0Izn_DYXfNo344Np_6Xg==
e71f3eec-819e-4e55-9b63-3272655943d7,200,290.3966,Success,70a04f63-f951-4090-9908-b2fcde187dcf,MbsN11GKNi8hyXuyNcWTcQ==
e71f3eec-819e-4e55-9b63-3272655943d7,200,294.6316,Success,130ae92b-4610-455d-b874-7f369e46e53c,2l4sKpjEKrb2bwWOZC9Zqw==
e71f3eec-819e-4e55-9b63-3272655943d7,200,291.3046,Success,90c85e05-ffbc-4290-b0a1-4ff830349bc4,uzUQXJgUj5vcHG9AZfTDvg==
e71f3eec-819e-4e55-9b63-3272655943d7,200,280.8113,Success,56d197fc-2c30-4865-9a74-5b22bbcd0083,IHMVEeKgTFY7M0xfuMwVtQ==
e71f3eec-819e-4e55-9b63-3272655943d7,200,286.7502,Success,1e6900a3-8bb8-449f-b8a1-d289d569db07,5VFN4cL9JYO43ScjYlU4zQ==
e71f3eec-819e-4e55-9b63-3272655943d7,200,262.084,Success,a07d49e5-d0b0-48f1-baff-00d22aaab6b4,OI5-k5W3WjYPnAt4aGzNeA==
e71f3eec-819e-4e55-9b63-3272655943d7,200,286.1592,Success,c45cc5de-776b-4d10-b60a-1bf11a879bb9,iHBp_KTTOVqp8Jj_UDBjPw==
e71f3eec-819e-4e55-9b63-3272655943d7,200,280.0749,Success,ca5d660a-51c0-44c8-9440-22cdf95ea314,ef_kI-MhBKzue3kfPQWY9Q==
e71f3eec-819e-4e55-9b63-3272655943d7,200,299.6541,Success,273e28f7-6450-4631-8862-bab213a6f5e5,1ZvMrEaRO8PM2fJtrxewJQ==
e71f3eec-819e-4e55-9b63-3272655943d7,200,280.7797,Success,92932ad6-4db4-4f84-b282-983f3bea9eea,CKohl3T5h2q7BKPWQHC-Dg==
e71f3eec-819e-4e55-9b63-3272655943d7,200,286.8613,Success,e421ac79-427e-46ad-a6a4-6bc4bee57a02,CF7ZSN5axdmP-_iJRixQ9w==
e71f3eec-819e-4e55-9b63-3272655943d7,200,291.5946,Success,f4c080d9-3446-46e5-bf8f-c9331ebfe120,dPW1zA_Lv4_gbDyRZSD5Rg==
e71f3eec-819e-4e55-9b63-3272655943d7,200,405.3225,Success,5a3cbdfa-2e19-4e75-96d4-3732084d5b39,L9J0k-HZBnXMx9Q0cpqUew==
e71f3eec-819e-4e55-9b63-3272655943d7,200,272.499,Success,9b1bae0a-efa1-4a3d-bca5-dbb4c2674c4a,qX28l24frHSe1plVBoqFLg==
e71f3eec-819e-4e55-9b63-3272655943d7,200,290.8585,Success,af3150f8-bfd8-4eb3-877d-61c26b779ef9,uNRLVUCocOffkC_GUl4SOw==
e71f3eec-819e-4e55-9b63-3272655943d7,200,283.3668,Success,a55b230c-4063-4e10-a7b7-3bba350bffd3,L2UH5xQMxtbreJ2hI6I1GQ==
e71f3eec-819e-4e55-9b63-3272655943d7,200,276.9492,Success,bbd6becd-a904-47ec-998b-95a884abf9c2,TkBL3ZgToEDiQuEPf0KkYg==
e71f3eec-819e-4e55-9b63-3272655943d7,200,318.1082,Success,ac033206-3590-48d6-9ed4-24a232b83bf7,EMhWEzSy4n1oO-HLyWomiQ==
e71f3eec-819e-4e55-9b63-3272655943d7,200,332.5789,Success,019213f0-fca5-4fe1-8def-47cbf136b713,kDDtKiIRbQBVxcOQCDC3IA==
e71f3eec-819e-4e55-9b63-3272655943d7,200,276.7986,Success,cb447060-f80b-4b75-a742-1223de78aa39,twwLdb7UiaYQfDHWVVW_JQ==
e71f3eec-819e-4e55-9b63-3272655943d7,200,284.1291,Success,8298adc9-bf3f-4bce-b6d3-7fa7f0653371,pntG5ej2z7NBKhAPZ0WOPg==
e71f3eec-819e-4e55-9b63-3272655943d7,200,289.4692,Success,e717bbac-3840-47f0-b871-9c8e616aa5f3,PJfCahG_LbmMul9HSuaTSQ==
e71f3eec-819e-4e55-9b63-3272655943d7,200,285.5178,Success,6b6c39d3-c38b-4a4f-9915-0a262fd3390c,X6cfj_MvaKlxUipqE9N7gA==
e71f3eec-819e-4e55-9b63-3272655943d7,200,384.5948,Success,b5971dfb-3e73-4f97-817e-a55e564ade84,MleKgNAQ8ZGQERugz4U3Dg==
e71f3eec-819e-4e55-9b63-3272655943d7,200,348.0431,Success,ff236183-46c6-4d25-af17-1dabd16da8f8,hTPdtXeAfwaQqAm5k3btKg==
e71f3eec-819e-4e55-9b63-3272655943d7,200,288.8735,Success,4184a5fe-2c88-4063-afd0-893d0eab5c47,eKiCzE72_5k1YUow8QoUiw==
e71f3eec-819e-4e55-9b63-3272655943d7,200,291.7183,Success,1e3d4c5e-df25-4b4d-bc69-7ae7bdab11ff,gyZ9zXZALYzNxDSMYXnIjw==
e71f3eec-819e-4e55-9b63-3272655943d7,200,317.3367,Success,822cabc3-e94a-44b4-aded-54b865609d17,XP7fpy1AW3Q5APe08j-oNw==
e71f3eec-819e-4e55-9b63-3272655943d7,200,299.2863,Success,cfe90da0-1ae6-4326-9067-8042d6aa9471,7raOI7JXTBIRQ1OzTIMoMQ==
e71f3eec-819e-4e55-9b63-3272655943d7,200,293.7093,Success,62aad8dd-1d66-4fd6-8142-f59aa7041be7,0VHDfUmb3OQx5zbygAsCKQ==
e71f3eec-819e-4e55-9b63-3272655943d7,200,258.4728,Success,9fa26ce8-f12e-4e19-8be8-b994b1c2e72d,DBI1wYJOmsJm1MVBDlaj7w==
e71f3eec-819e-4e55-9b63-3272655943d7,200,282.0532,Success,dbd7973a-bc39-48f8-886d-3df9d6f62f29,fHqusCtldd06SGsqELgjyw==
e71f3eec-819e-4e55-9b63-3272655943d7,200,277.4982,Success,f4ab7f80-9374-4ea0-adf7-7a305fbd9373,SkGTPf6d64cFtx3oUDzy5w==
e71f3eec-819e-4e55-9b63-3272655943d7,200,268.2623,Success,c93e9445-ea78-4509-ac6e-5a661fdfd945,g_IZtQcN92CMIh-hGwWqFg==
e71f3eec-819e-4e55-9b63-3272655943d7,200,282.3291,Success,b8603b45-12be-420b-9131-702e5c39e4fe,iAPWiZuloI5JUPc5zYbk1w==
e71f3eec-819e-4e55-9b63-3272655943d7,200,286.17,Success,614f5c21-4cd2-4a13-8bc2-1fe1c7a6cc94,7HBi8bhIlS_exGILdQkvWw==
e71f3eec-819e-4e55-9b63-3272655943d7,200,271.5291,Success,e6ac88d0-3d26-4eab-b3d1-2975d8ab2aa2,bZDGyT7bT3fwyNJKmkeIhA==
e71f3eec-819e-4e55-9b63-3272655943d7,200,279.8978,Success,835ae7e2-f462-480f-9317-f095313fb784,t4W8ZreEL3RCLXobmlhrlg==
e71f3eec-819e-4e55-9b63-3272655943d7,200,268.9266,Success,5e2d26fa-0d93-492e-ac8b-11a5b992cb21,rqUW3M9GQwIR9V_I27ShvA==
e71f3eec-819e-4e55-9b63-3272655943d7,200,272.9045,Success,5692c75b-ca50-47f1-b351-b413eed7c8ea,TdjKJ-LW0tkn0u03l0IaOw==
e71f3eec-819e-4e55-9b63-3272655943d7,200,276.9403,Success,a07c207c-3969-41e8-9eb3-fc2ce9580c8f,6ZxUxaKWJKk3XHFLhXfkPg==
e71f3eec-819e-4e55-9b63-3272655943d7,200,334.4367,Success,c4dc18d2-5347-4798-b5be-d0162b99b321,ZKRoFYbVoj3VLml91Z2-HQ==
e71f3eec-819e-4e55-9b63-3272655943d7,200,283.1085,Success,e3609ad5-12c3-48f4-894f-56aab528fa1c,UhfG5CTUCKStFIUvfMAB8w==
e71f3eec-819e-4e55-9b63-3272655943d7,200,261.5084,Success,37b6a92d-253d-49b2-99a3-b83e62018f90,v-YORnaEdi4_P8CwNfaznw==
e71f3eec-819e-4e55-9b63-3272655943d7,200,260.4537,Success,e119b895-2caf-4d4c-bbaa-7a0152bca30e,tGh6Jw7AwLOjg7CBJFWyOA==
