res.status,res.timings.duration,message,sessionId,fileId
200,3323.7907,Success,74ae2144-e701-4287-bf37-fa1149512b53,
200,3875.2001,Success,1065ba2a-616b-4fd0-a0d7-ef72b52160c1,
200,3922.423,Success,7914dbb3-552e-4bdc-8b75-acadbf60fcf2,
200,4358.3239,Success,0ce563f2-6d82-482f-9393-5eb7c72d8ce3,
200,4790.9292,Success,38f2c772-1198-48de-9c1c-be76714c5e2d,
200,4996.7742,Success,bd3c6ea6-6fc1-4b25-a3e9-ffad32f043f5,
200,5295.3139,Success,0120dcfc-9b03-43bb-983b-216534b2f3fc,
200,4949.3187,Success,533e6b94-9d70-4194-9e99-94171653da83,
200,4875.2787,Success,e5a6e769-923d-452f-97e4-a757763c3188,
200,3465.3143,Success,52e27ead-f367-4dc7-b1af-d46f53d3e675,
200,4390.8362,Success,b8a0e807-76e2-43d2-abfb-daf8c9ff3d56,
200,5635.1218,Success,07658f90-67bc-4ee7-8cac-5f4e6b28a323,
200,4759.6936,Success,be9a2709-3671-4cd1-9327-68e32af17ef4,
200,5599.0065,Success,4f8dd01c-ba76-41d5-b1e9-5595ee85caef,
200,5359.8798,Success,0f173f23-6c14-4e6f-a0d1-b437a0cab435,
200,5683.7677,Success,04bd6a27-6805-4636-8725-896f2942ffac,
200,4687.4234,Success,6cbbfb9f-564f-45fc-a030-1961a0ccaed6,
200,4689.354,Success,d3b7aa54-efdd-4439-87c8-f2334a141b3e,
200,6603.8825,Success,2eb63653-9e08-462e-9278-a3c9484d918d,
200,6306.8935,Success,e0140461-6c35-4b93-ace7-346ab263dd18,
200,4955.8546,Success,ef43c1ee-d521-40af-ae77-cdd6fec4c760,
200,5478.1631,Success,95e9e504-878b-4bfd-b1ba-5967977ff3f3,
200,4778.726,Success,f204aaf4-e7a0-4d30-8ca2-81e28696172b,
200,6110.4759,Success,ef39c5f0-31de-408c-a562-e98f67294548,
200,6956.7645,Success,412dd7e6-4816-4191-91f2-93b24fcccb5a,
200,6955.7651,Success,29c6db26-94c0-4805-9e83-48839bff63bc,
200,7656.0329,Success,aca3ea9b-6c5b-4261-8162-343f14bf11bb,
200,7250.7192,Success,a768fe30-5900-414e-a0ef-912fefce54c4,
200,6856.7674,Success,e14c9976-936f-401c-99a5-85847d24074a,
200,7611.006,Success,d0582604-c032-4ccd-9b23-7144102098cc,
200,5647.7037,Success,75dcd922-eb4b-42c1-854a-3e36695470a1,
200,6002.5495,Success,b97dc3c1-edbe-4325-9ce1-9d8b774a02f4,
200,5991.5735,Success,8c022259-f12d-470c-b4b9-8a7f02ac7964,
200,7857.3466,Success,60d850d7-a5b1-4ae8-b49e-41b81036e402,
200,7550.8771,Success,01504502-4eae-4c70-a25d-84d39672dabb,
200,7577.6001,Success,ea1b473c-4460-47d6-8524-704f57c4413e,
200,7736.0816,Success,8616e082-fbb8-4975-94cf-5af32f62ca43,
200,6712.995,Success,0d4874c6-18a8-4ecc-a088-dc2f75331e9d,
200,6255.9096,Success,9d19bd85-48d3-43bf-8523-a1eea85d243f,
200,7532.0314,Success,b8dad463-dc91-4db9-aa86-08ab3491dcfe,
200,6925.0005,Success,77e6d661-853a-4b70-8711-c9857a0ca9d0,
200,7111.162,Success,795bcbfc-a7ac-48ac-b506-e9ee92c4842b,
200,6210.9146,Success,1866b084-b77f-4794-952b-36d078645717,
200,7300.1694,Success,51b88c47-232c-49e9-82db-af84c96ace11,
200,8136.9996,Success,079d059e-7dc0-4ba1-97aa-0f2a323f1d4e,
200,6353.4484,Success,6c7ebd57-e7dc-4eb3-ad33-4f4b2b6f1a04,
200,8312.1026,Success,0ed10a57-bfcd-4476-a311-07b63bc45346,
200,8055.5847,Success,c9f94016-d11e-4000-8e2d-d71731a40e71,
200,7959.7692,Success,5d2ca3e1-d10d-4113-862a-e663bc7b9590,
200,8243.9114,Success,97644806-5aab-460c-bc49-9763e288daff,
200,7046.7205,Success,4765a715-4c7d-461f-9aa8-9b0d44e99397,
200,8190.6614,Success,ad7db6b8-e01e-4d45-96b6-fb6c481dea38,
200,6668.7963,Success,36ab4635-0224-49b0-a748-212048be88a5,
200,8309.9846,Success,7d9f1bbb-21df-4d23-a671-eb269f3553a5,
200,8332.9435,Success,ed314888-19cd-40f0-8f7d-42a0039a0b9e,
200,7057.1507,Success,4608bb6c-66a2-486e-bb63-7df1eae1b536,
200,8926.7412,Success,1959a55e-1a86-4cb7-b0b7-a5fc2316a01f,
200,7578.7297,Success,bb2df7d1-599e-458c-ba47-6ebabf0b6709,
200,8978.2967,Success,0989b2cf-aec0-419c-8935-3bb2369a6df5,
200,9010.0888,Success,2e0cf1ad-8841-4856-b738-facebd2fbbbd,
200,8770.4774,Success,28dff0cf-286f-4dd0-96c7-262ea61ca617,
200,8526.9002,Success,4a7a7553-5594-4724-a323-604b0e7c4aee,
200,8760.5281,Success,46dabc7d-97f3-4e32-9906-714ece894db1,
200,8621.954,Success,ad9c585d-9116-4fc4-a168-de7653df0ed3,
200,7177.8783,Success,6985ab3b-be6c-4ef6-8927-f10433eac692,
200,8155.4082,Success,e453bd32-32a8-4de6-a6a6-9bd6deed2745,
200,9007.0411,Success,7043bc63-24c3-41a4-ba42-21c245294f7e,
200,9312.4903,Success,e35f144e-8834-4a07-9e23-c613a60006cb,
200,7908.4067,Success,9305a712-0601-4fe4-810d-fa323a452082,
200,8979.0148,Success,4a9e2d4f-3ae7-4bbf-af4d-fbfc4df457eb,
200,9163.0071,Success,aa1c5422-5e9b-4c17-92e3-2244248abf50,
200,8804.3172,Success,3da90cc6-5a50-4c5c-9fb8-ff5826f56e90,
200,9414.071,Success,aabf9550-8e66-4208-8565-e8ba5abfb5eb,
200,9070.8537,Success,d7112f08-a0bb-4857-b608-de612f5e1b3d,
200,7942.9294,Success,786d5ff1-1405-4f77-b8a9-9e82a32c0586,
200,8934.1055,Success,d77eb905-89ec-48a4-8487-3fc710468a7b,
200,8970.2869,Success,71336bcd-2af2-45ff-bf01-97ce8fbb8278,
200,9175.4505,Success,f1b62ea8-8497-475c-89eb-0b38921f3324,
200,9308.0315,Success,a8eb3a1d-6950-4e7c-823f-c231c5f99974,
200,9147.0472,Success,950324a4-d9c8-4bcf-824c-95a0d452b8c3,
200,9674.4873,Success,6fd5420d-2910-4800-8e72-7766cc8c2add,
200,9240.1402,Success,b181c75d-c745-4d46-a430-9b2109e0f20e,
200,8893.9788,Success,eb7ad288-dcb7-4908-bd42-5999204147c8,
200,9587.1537,Success,cac5b678-2959-49fd-945b-50452dfdd772,
200,9439.2927,Success,366177ac-4456-485b-8f24-655d6fb03f8a,
200,9553.791,Success,b08e1534-9563-4c8e-8723-c4bc732dcdfe,
200,9797.6855,Success,403811d2-8545-42c7-9f1f-3dad1f18a18b,
200,9912.6424,Success,c054bbd0-96fc-41d8-bc92-692d2234d08e,
200,7749.9249,Success,e388994b-6794-4755-b1a5-53b8c0347472,
200,7879.7377,Success,4b279cc6-0ade-4045-9635-5e13a41ca357,
200,8473.3665,Success,21c08a52-f824-4266-85ad-ba4f9059daf3,
200,8593.3877,Success,0c343724-8650-4be4-a58a-6fd7aadf5001,
200,9693.0205,Success,708c95af-a591-4e52-bc5a-1cca5787b35a,
200,8688.9383,Success,ac29c8e2-170a-4412-bd9d-8edea1979239,
200,9677.8296,Success,b7d3cf07-9ead-407a-90c8-d67089195b35,
200,9705.1604,Success,90eff85e-c86e-4c6f-9f07-9acfb98d61be,
200,9836.001,Success,2659e732-7c30-4384-8adf-c38de6303038,
200,9598.3691,Success,1111aa5f-e387-44d2-ae34-9f915a400196,
200,7744.2541,Success,4bdf6ea4-c712-4c96-8dc6-8ed2e00ea34b,
200,9230.4448,Success,b877ace6-fcc4-4219-bb6d-ded4c050133a,
200,7964.4348,Success,6bcac471-b768-41a1-a26d-a54684c3dc90,
200,9749.4659,Success,e231c7d8-07c2-4b24-a89e-1e1db92e168c,
200,9708.0677,Success,d70a4631-da8a-48c2-8d62-141453933dc7,
200,9900.3806,Success,ee155922-8059-42ed-a675-2d9bb436a010,
200,9555.6775,Success,378ef799-90a4-4397-9604-3439997b5bbc,
200,10017.789,Success,ee3a91e8-3185-4e67-a876-a0c00c8abdd0,
200,9910.0063,Success,1368b196-ed1b-4a0d-b22d-28e935daca91,
200,9398.9984,Success,6c063e88-d602-404a-a4a4-3c8ead61d0d3,
200,8050.9945,Success,45be2b13-2424-4097-ba84-64f740224d3d,
200,10038.7224,Success,918f6802-b9c9-49b1-beba-2a1ccb354c23,
200,9742.9001,Success,737e20aa-3661-41f2-80ee-fa3ad78d273d,
200,10225.2965,Success,b55798b6-755c-4250-8bef-fa76cdde72ac,
200,9902.9244,Success,9e08ecc7-c6f7-421b-834d-1fd926705c26,
200,8405.118,Success,38bbb8e6-499c-4db0-8d4a-1e3e8018ffbb,
200,8411.0889,Success,b4a05d88-7b5f-4577-9864-32c9cb889b2c,
200,9546.5315,Success,032f25f5-d44b-45c3-9de0-038b62770716,
200,10167.2803,Success,35a919fb-cda6-42a2-a3be-62667c9d6567,
200,8528.2916,Success,2a9a78ba-b375-4f11-b02b-a2e56c87faee,
200,9836.8084,Success,feb66678-37ac-4bfd-bb2d-a07319fc7cbd,
200,9922.8787,Success,4d0811c4-4a7a-42b8-add9-1a07039f92da,
200,10231.6392,Success,c22a7f2b-dfb7-42cb-908e-30ef409b719d,
200,9834.6086,Success,e05f3793-3551-4b86-8dae-9d085ba56405,
200,9116.1842,Success,afd2eb55-b14e-489e-b10f-b41acd9d513b,
200,9758.1622,Success,1de7dda1-7fab-4aaf-b9e4-a6a17d7e8dd4,
200,10205.7321,Success,2f54cc77-2a6c-4847-8d31-7db548e489a8,
200,10006.2638,Success,cc327dba-6f6f-428e-b310-08fd5a569a91,
200,8246.6146,Success,80d26102-2512-4e42-8989-7870b3febbcc,
200,8381.7233,Success,6c2640cc-88d2-48d2-8d97-a21f6da3433c,
200,10122.6545,Success,3b9e4069-4583-4273-9de3-ab0b8a1befe4,
200,8481.1429,Success,893b6ca0-b9c9-45e3-99d4-fb212684dc53,
200,10213.329,Success,f500d63f-f5c7-4d6c-ad07-7b18a9fe24dc,
200,9750.5777,Success,408b0cb2-2a2b-4845-820c-f4ae151f2698,
200,9487.008,Success,6026e2fc-9ff1-4e2b-8e03-40ead62b8d20,
200,8345.1848,Success,f2b6cf3d-d552-4614-8c66-232b341b6e47,
200,9774.7795,Success,715ad498-21e7-49b7-abbe-f6b2ed407bb1,
200,9552.3072,Success,7cfe6561-6c15-49e5-b653-be0d386a8929,
200,8616.636,Success,b6146591-11e0-4bd9-a648-13b6f465472f,
200,8661.1502,Success,9ba45a98-21ab-4a10-bb21-49df37e468af,
200,10588.1743,Success,eddeb9f2-c386-4233-b333-b91e29a94723,
200,10719.4178,Success,a8fd5ba1-eec5-4a50-877f-2a2dccbd2131,
200,9530.1373,Success,69346f2f-3c95-491d-aa48-07307a0e25d7,
200,8876.5975,Success,0b8f86dc-289d-4260-ba44-8bb6c031dd83,
200,8878.541,Success,a98438df-f3fe-4645-99cf-41a29b733df1,
200,8828.9656,Success,76df501a-32d1-40ac-a077-cb98908ad688,
200,10650.4252,Success,68b1ca21-2ec1-4107-a95f-b03a3c2e62c7,
200,10224.5933,Success,b774f663-b8f8-45a2-b309-03bff49c6bc2,
200,9033.1078,Success,cd74ce9d-1b0e-46ca-acb2-817cd70928a8,
200,10088.9341,Success,8682b994-941b-4c64-8ec6-c14ff58ea770,
200,9952.2466,Success,d3b410df-0e34-4b33-997c-08e3891b4261,
200,10880.0388,Success,4ed1493b-47b0-44c9-aead-06e6db06ae1f,
200,10613.5138,Success,6263f791-10ba-4872-a93f-c6a7dccb1a10,
200,10612.3687,Success,f3c49a95-ac2c-49dc-89bd-ce4c633e758a,
200,10913.7811,Success,477872e0-d16d-4c8e-9743-634d5a343053,
200,10546.0733,Success,239c053b-7571-4cae-b7c2-b2f6709272a7,
200,10572.817,Success,18a69520-171a-42e4-88f3-d74913d9cfbe,
200,8832.5038,Success,04395d92-3180-4f1f-bd22-61d6fa3ddacf,
200,10704.4532,Success,3b1bae50-95cf-4f52-a5e4-489e7ba47c7c,
200,10541.7915,Success,6dfbac79-cafd-4ec0-ba28-af797e8ab378,
200,10472.0785,Success,b8bb9e25-d5b5-4c59-b28d-c91e25391386,
200,10136.28,Success,5e208794-e1a5-4382-9a52-0608a9568927,
200,10446.2355,Success,b165adff-2dde-4b88-abd9-ea610298b54f,
200,10312.7477,Success,0b5de621-3f86-401b-83a3-04c0a9e3ba0d,
200,9713.0467,Success,4db35a10-e178-43bb-bc2c-4b6adae601ce,
200,10132.3381,Success,66661bb4-498d-4593-8339-f78ff19d3341,
200,10503.4353,Success,78b3b4ff-0f71-4619-a539-4d49f9fb02fc,
200,10181.1151,Success,1164ad07-01ca-4373-b110-1ac732501ed8,
200,11015.7903,Success,e139f94d-24d7-4ba6-9073-8822714a7ec4,
200,10448.7653,Success,0dea2d6b-af35-41e3-876b-4999ef9f0d06,
200,9873.1776,Success,ccc0c412-c96e-4929-89a4-03fc473d1043,
200,10482.8,Success,16c15319-dfe2-4b9c-bd3e-9f0cfc318eca,
200,10775.0157,Success,1090a922-7ed1-497d-aab1-389aa97eedf3,
200,10980.1016,Success,5345399a-96bb-4771-8f84-b95f49f7cfd5,
200,10721.7739,Success,d14e8437-ebab-49c1-92c1-4766c582d077,
200,9745.0099,Success,15952804-af7e-41e3-aaa5-b1ac3711e933,
200,9185.3821,Success,faf593f8-5df9-47f9-a578-e7afbf507d96,
200,9539.1053,Success,ecf55d03-9980-4445-b85d-a13e2610e0b3,
200,10542.3647,Success,b7f4b731-42b9-4558-ad11-47180e07d736,
200,9055.7005,Success,d90ece52-d22c-4e6b-854c-d9cc88e0cae3,
200,8949.8566,Success,2cd89f92-6fc0-401e-9552-e6b5c62cc299,
200,10167.7942,Success,cfbc1664-a213-49c9-9937-f5f77627414d,
200,10853.7216,Success,12d39bff-60bc-448e-85f7-ffa857541b4d,
200,10943.3067,Success,a50f515e-c905-4d4e-925c-9ac4c7f94e6e,
200,10559.9809,Success,07b037f5-4514-4309-8b77-edb98afe5bb4,
200,10144.6928,Success,ef579230-e3f4-4381-a2f2-dcda1e1838af,
200,9151.9998,Success,efedba43-3be2-4dc7-ab75-d33cc8954c74,
200,10948.9524,Success,028c624b-75eb-46d6-a414-fede79b50923,
200,9209.6698,Success,fa503e0d-e0f5-4e8c-8fb6-89ac61c78629,
200,9155.4052,Success,682535e7-aea0-4346-bf57-057adcf1a2c0,
200,9466.8333,Success,f510dd9a-eee5-439a-a81c-42b0dd1949e3,
200,9148.2343,Success,5efd89ce-93f2-4407-b9f9-26ba6a51ff97,
200,11124.179,Success,cb868dc2-628a-48a6-8340-7420eaadbb6c,
200,11433.0706,Success,a5ba0ca3-1234-4259-96ce-88184c711595,
200,11032.6629,Success,e6f16533-effc-4a16-8723-48a94b7a5fd9,
200,9226.3492,Success,130cf4be-03f1-4a9f-a580-da5c0a011037,
200,9324.8731,Success,24e25f46-02b9-4a4b-9498-c4e341cb4f44,
200,10079.8011,Success,5c84264f-05c0-434f-be49-6780918412a5,
200,9642.4489,Success,29176ca2-6909-4ffa-9023-cc3887d6a6be,
200,11448.3813,Success,7904bdc6-3404-4759-9392-fcbf6c1ded74,
200,9160.6559,Success,80928720-de33-45f8-9627-6ad92326d7e2,
200,11089.5618,Success,1a3be834-2b4d-4e11-8079-4e333e3e74c9,
200,11333.2576,Success,fa39eafb-f92c-4483-9dec-445f42370559,
200,9254.4522,Success,5080d16c-88a9-443c-9cad-f5fa39f0dfea,
200,11415.812,Success,9fa814fb-18fe-4cd0-8eca-ec72a7f7c086,
200,10993.6325,Success,cda1c933-4220-40eb-963e-a272a6037b0b,
200,10620.6627,Success,735d0eff-acfd-438e-a7b0-a36631f0cb6c,
200,11663.3582,Success,0db09f58-06b4-4c07-a2a3-351971728bea,
200,10536.2506,Success,afcabc7b-21dd-4369-9a27-9f681103abdd,
200,11109.336,Success,d30e1982-0a39-4801-bbe9-b992b3b61b24,
200,9604.6908,Success,4c6508ea-1190-42c6-bb06-f92b7a62aed0,
200,9977.8921,Success,cf4f0e69-b2eb-4a33-8ca6-8b73a953e58b,
200,10783.1861,Success,9fe2d0fe-93a6-41fd-99f5-b275938339cf,
200,11878.4506,Success,7856b353-e058-4c0f-b14e-e4f9c260fbe3,
200,10069.908,Success,00fbefa0-3264-4cbe-a102-8adacfe37f83,
200,10148.4055,Success,74a0d715-c07f-42ec-9b22-cb034d50395b,
200,10005.1747,Success,8acf2028-fe4c-4bbb-8549-905b48e5a568,
200,10183.4469,Success,eb5ed3c9-cee6-4252-a257-7fb8594f7495,
200,10241.4282,Success,7e7d624d-f740-46c6-b111-23fac8d6f862,
200,10114.2778,Success,cfcc7786-7f06-4ee4-abf7-66745d6b730b,
200,10801.0401,Success,cb0b0928-7a56-4af9-a06b-dfa5b0f8d62a,
200,10545.3577,Success,9a10a480-2603-4c1c-afd7-ca58f5c895c0,
200,10443.7915,Success,eb262136-1776-490f-9dbc-7ca1c8f778e2,
200,10721.572,Success,bbd69c98-3d34-4b30-8b3d-4a71c6c507cf,
200,10791.4675,Success,d3cfa3fc-00dd-42a6-af39-9b64d258a3f8,
200,10743.2512,Success,7242c1c6-2971-424e-8865-9137b58c83dd,
200,10772.2074,Success,a2543161-00ab-47a0-866e-94c803c8d7bb,
200,10900.3346,Success,9136ab8b-8a4b-4e34-b6d4-3b964dd6a0ee,
200,10934.8793,Success,8b6dc2e3-7d5d-4279-9bf1-d016efedb8b7,
200,11033.3597,Success,3ff4d32b-b3e9-426e-98fe-a9aca3099545,
200,10854.6642,Success,ba190536-2ec3-4a28-a41d-b4ebd2131822,
200,11070.1523,Success,b42dfa48-ad61-4b69-b3f7-0bfccf16ab5d,
200,11163.475,Success,fc34150d-da8a-4bbb-ac78-edf66ef17415,
200,11312.2534,Success,862cb628-453d-4a18-9196-be5b8de4b48b,
200,11060.5693,Success,e6f1b507-2145-48de-8a48-8baa0a40e89e,
200,11755.3315,Success,516a900a-2d9f-4f11-bcc5-66d20fbdf1a7,
200,11721.3173,Success,89a2f401-1955-4891-9568-9ebcb70b2967,
200,11910.8889,Success,573c07eb-fe88-480d-934d-cc9716cbed93,
200,12063.5482,Success,89b6b0c6-58d7-4b16-ac08-c64ff1613f60,
200,11959.5813,Success,773b25a0-5faf-46d6-9bc8-3e27ff0683f9,
200,11861.2263,Success,8d2be910-11fa-47c7-baa1-db8ef121606d,
200,12030.421,Success,79d9a113-7eb2-438f-a631-d5118865aa41,
200,12099.6377,Success,68444222-a8c5-4eb5-9228-1b941b929148,
200,12320.5699,Success,7cfe8bf9-006a-4ffd-abc9-f6f7b60899cf,
200,11758.0811,Success,9a36523d-7f69-4a07-949d-199cef54dda2,
200,12112.1754,Success,71822436-242e-48c6-8427-4fc0c0fa22c7,
200,12355.2811,Success,4f68b30e-6ebe-4656-b865-70a548fb8f27,
200,12190.6484,Success,55c4af67-f5ac-46fd-8cfe-9e0640dd2c16,
200,12652.4932,Success,fb71d3a5-9792-42fe-9cda-9ffb9dda40c9,
200,12441.3818,Success,28d24f99-d4ed-4c40-9e3c-a6ae6208feac,
200,12545.3527,Success,e37c1015-bf35-4f65-9719-d77420e8301f,
200,12600.9557,Success,ec1121b8-c1ff-4e27-95e3-b9634a4cbdb3,
200,12293.2106,Success,21e5ffbd-168f-4194-b734-da40b5410ccd,
200,12592.6493,Success,14990d12-f791-4251-9722-6d2a8b9a2069,
200,12804.6652,Success,ab6173f8-ea03-4e8a-9098-89e24f31fd3a,
200,12601.1167,Success,e3406668-41ed-42a4-ac37-959196a8c37b,
200,12537.5983,Success,118c8b88-08e4-48e3-bed9-25b1c2fc15bf,
200,13030.9272,Success,b058d6b6-16fa-4155-86fa-6fc6e5f60a28,
200,12424.9287,Success,9e2a84bf-bfa7-4a9c-89a1-c22bc493944b,
200,13102.5085,Success,fbdbf36c-3592-461f-8b21-051cfc4726ce,
200,12877.1789,Success,38b88b3c-2399-4959-82d0-bf28378bba9b,
200,12936.5371,Success,434ae1e8-4e26-441c-a5ad-098e923ac944,
200,13359.93,Success,3b9a269a-c1c3-4fdc-81b0-488eb387485b,
200,13272.6698,Success,0bfa69de-26e3-4033-894a-73c462747dea,
200,12995.5567,Success,5cdf95d6-3a2f-4002-ada0-3a11ae11cabc,
200,13208.6558,Success,103de56a-3bc3-46ad-962d-6622cd6d0e56,
200,13355.1133,Success,babcdc6a-02d4-4acc-b530-d8f3b5c0ee11,
200,13544.359,Success,949358e6-6783-4bf8-87cc-5d337409ec9b,
200,13274.6382,Success,6321a229-fac7-4dd2-bd6c-3971dd0b1786,
200,13133.2179,Success,87f0edbb-ba6d-415c-8993-5ce8d5e1d442,
200,13200.1745,Success,d761244e-66fd-40bb-8f6e-eafe0512c6b5,
200,13695.8882,Success,7c8fedab-26ba-4b65-aa3d-9845db3eed25,
200,13270.2637,Success,72675491-8cb2-477e-9841-5331dc9b88aa,
200,13198.5685,Success,436132df-e0d3-4eac-aef8-cc79e0146701,
200,13633.2086,Success,5ffcb6dd-4868-4dcc-8087-d3ec2cdd2300,
200,13691.1467,Success,efe13430-7fa2-49d1-9ab0-72d08600fdab,
200,13737.7078,Success,2782c8bb-0b33-43df-8691-2c217c8a1601,
200,13102.2057,Success,2f2abbe3-38b0-426c-a28e-31648b65c232,
200,13441.9318,Success,09ea8a25-f28d-4a69-ac5b-bc7bc04f5e84,
200,13275.7501,Success,a81d8772-79d8-4bf9-bc77-75f4ad02f807,
200,13731.1893,Success,3721a7a2-633c-443b-b0e2-998c02f8e792,
200,13568.5098,Success,4ede47c1-943c-4931-8966-05416c785467,
200,13909.7334,Success,a0c5e3d7-691c-4cc3-81cc-f09a103f466e,
200,13862.6605,Success,cb6fa795-0f2d-4b99-9fb3-4835c47f0c1d,
200,13527.8001,Success,c4246185-0f7a-4f93-8380-5dcac9d142e7,
200,13865.0257,Success,988f7bb4-1d3f-4677-bcfc-32d8cbba7de9,
200,13539.9667,Success,4c1ade19-5a43-4e02-97f5-86d418fd28de,
200,13597.8872,Success,8e8625d9-495e-4761-b4be-d116a4ecc4b9,
200,13717.145,Success,b883dcc2-e921-4ee1-be55-d90420741625,
200,13691.575,Success,3d7d203b-2867-45de-a543-856d3ab10f38,
200,14144.8472,Success,86ed9d0e-507d-4028-a303-6cf0b226035d,
200,14467.4139,Success,a08b0659-b602-47e4-9d93-80663437b2d9,
200,14278.0041,Success,62b3f655-ea88-4047-be43-ff043644b0fa,
200,14275.1825,Success,afaf9980-4c36-44c2-80a4-81fd87b79b44,
200,14231.8434,Success,9993beb9-4263-449d-8736-47cd383743db,
200,14286.0877,Success,bcaaa515-316e-4ff7-bb79-cba9d1bb7e46,
200,14255.4841,Success,06d243f9-2e00-4e09-9baf-86ac3ff712c9,
200,14181.4904,Success,7bb3e0d8-788d-4cc7-93c8-158f4ac0a5b0,
200,14495.1299,Success,02b85c3a-cce5-449a-a26f-4052f75fba6c,
200,14372.6267,Success,e864a278-21ad-4d18-b25b-4f9922aa609b,
200,14443.0677,Success,cc1da32d-e45e-42de-ba4e-21ff3450eea9,
200,14201.2146,Success,48022666-c0d7-4b31-9abf-f042d788e75b,
200,14573.8876,Success,0d6176ca-11d6-49be-bc86-5b97aa142234,
200,14594.9354,Success,6648ebc0-9fc5-49ba-ac7c-408dfbe42556,
200,14281.7289,Success,f49449f0-6c6f-4fc2-a695-e1e665e7f469,
200,14410.385,Success,acd526ea-02e8-4523-a101-f9408ec6fea4,
200,14874.4177,Success,80218129-ba02-4bce-93d6-cbdec4a46ca4,
200,14930.517,Success,65f183d9-71c9-474b-92fa-f8255f0b6908,
200,14218.5958,Success,53bd1ef4-95c4-4bf3-8c7d-a8a82474a787,
200,14502.0181,Success,bc38ee93-6302-4674-ac13-de5e17245dc1,
200,14534.6457,Success,b937166a-db44-46d0-930b-2dc14810fe03,
200,14703.5261,Success,26910eb4-64da-4b66-9fb6-b90e7183c46c,
200,14453.2999,Success,f1e8d07f-b524-44c1-bcc6-2626ffb0d497,
200,14576.0655,Success,fc1c6a4f-071e-48b8-86b4-3d775f77e82f,
200,14781.6123,Success,199904e9-915d-4c73-88de-57e8a6e773d1,
200,14481.0326,Success,5dc22748-1a01-4fd4-b680-d0caa7203972,
200,14355.3141,Success,cdb6f7b7-ff3d-4217-8b44-e643b0a87c83,
200,14749.1343,Success,7438749f-9c64-4dac-be88-d22d9b9f46e7,
200,14843.7947,Success,830877b0-8f47-4d28-9b25-2229ea1f2e79,
200,14421.2389,Success,fd904321-d4c9-4802-a04f-7104d6f1a1a2,
200,14501.0674,Success,43a3d5a9-6f81-4c5b-bef8-9189e8fecf67,
200,14799.3544,Success,fb89d791-b34e-46db-9650-98030ef8b520,
200,14880.1803,Success,d3cf0195-7afc-4ddb-9985-ce628ea7663d,
200,15059.8446,Success,39a62894-21be-49bf-a885-b52f9d94e41c,
200,14839.5404,Success,087a1388-6bd4-4b4e-bb95-58c89d9caed1,
200,14606.0697,Success,53bf7351-3648-4cea-bcaf-85ecdb7c4174,
200,15149.862,Success,70af6379-0be7-47fd-bd05-3dcdbd30485b,
200,14606.8318,Success,a3bec522-794f-4cf1-b29d-a78eb970ca0e,
200,14629.6202,Success,35f39301-27f5-471c-b250-1260fd78cb4c,
200,15143.664,Success,65cc674b-3ed3-4098-a8c6-b3e25e696917,
200,15483.8558,Success,82882a91-6f7a-4f49-bf91-34f49eae8b72,
200,15164.9191,Success,db329bf3-daf3-43b7-8363-48e0cc0b42c6,
200,15414.7052,Success,88776d61-7b57-498b-9f40-daae01ec85a7,
200,15065.3247,Success,a7df259a-e220-41dc-8dd3-742788668cc7,
200,15221.3145,Success,5ed590b3-fcb7-41db-b138-cd1837d1e48c,
200,15082.5028,Success,8627f900-257f-402a-9aec-412a2c13f501,
200,15278.3174,Success,b8e9699e-5c27-4ba5-a35e-d15f93e8ea6b,
200,14876.5283,Success,050a34a4-9f42-44e2-9814-e754c9d0cf20,
200,15282.042,Success,0587aa09-bc53-4369-8051-ccac5b48f136,
200,15160.0453,Success,b1c4e1fe-b678-43de-b862-809756a52f34,
200,15349.6641,Success,77053386-97ca-44a2-8187-23e43e320603,
200,14970.3209,Success,01087120-5696-4858-9fc7-d6582eeb28e5,
200,15431.9281,Success,60628f77-8f9b-408b-8fbc-5d52c55600ea,
200,15166.4391,Success,c8de1b64-1594-4888-b006-1be7b93d9610,
200,15064.6994,Success,c390b9e3-22df-40f5-b850-dbd407e68cbb,
200,15220.0901,Success,97435db6-8924-4f16-a91c-551f13c5e030,
200,15528.2298,Success,8fb184cb-0216-4db6-bf14-9f9dadd81c21,
200,15566.8887,Success,6f614649-7773-462e-b9a5-d23900e64f0f,
200,15607.5784,Success,f241e1cc-74b7-465e-89bd-35f88b453e23,
200,15127.9925,Success,c1194416-4c5d-4764-8a01-0abb4b7bbe81,
200,15746.6893,Success,f8b81df0-deea-4cd2-8020-aa601753c645,
200,15250.8307,Success,0b787bb6-066c-4ab2-b0f1-a71169b7e48f,
200,15298.3622,Success,384870a3-1158-4b03-9e85-a3e6aff481eb,
200,15411.9395,Success,fec46b9b-df28-406c-b195-93d59c6b3fe6,
200,15632.6296,Success,9a09f49a-62e0-4ac8-ba30-7ee7b9e071e4,
200,15461.2592,Success,cd3f6788-9f0d-4c8b-86b7-35003c3b0621,
200,15354.2252,Success,42a43edd-4b9b-48b9-abd5-a5a487048f71,
200,15459.9145,Success,2227dc5b-d17f-497a-8b82-370145d01cd8,
200,15722.7157,Success,5af3ffd5-9395-471e-aa1b-b7ab4dc14f94,
200,15721.2123,Success,d9543397-bd69-42df-807d-dca3b163e77f,
200,15447.2247,Success,4d712564-1ae9-4f51-84d5-01d2e75309a7,
200,15616.0193,Success,16d35397-5dd7-4201-9aa2-ab1c3b166862,
200,15663.4714,Success,12788412-e25f-4ad9-b50c-aee9ce9a9b73,
200,16033.5812,Success,7efa96ec-93fb-498e-af18-8c8c23722be3,
200,15771.3031,Success,0bd7af10-0690-4826-bd7c-f6908e56f86c,
200,15674.5576,Success,c8b01546-22b2-4992-ae11-9dad51101322,
200,15579.8815,Success,4b26d375-46f3-4879-84d6-db52dfc0a601,
200,15797.6562,Success,70c30dbc-71c5-4971-8cb6-b3b980588c59,
200,15374.7175,Success,42183fa8-c967-41a3-98b1-f23325727b3a,
200,15832.9154,Success,bd20ebbb-1108-41cc-b978-2f4eb09cd6b2,
200,15693.8401,Success,9eb9162f-eafe-4f81-b1e6-d7a0db105fa1,
200,15672.8372,Success,a3b5deb0-1197-401e-a99e-82962609652f,
200,15927.3354,Success,0c9f3b2c-1c6b-4c1f-bd2d-42be552b6f1b,
200,15668.4686,Success,70a0a149-3444-4f2a-b9fe-52aa9be54171,
200,15928.0845,Success,7a52a575-feba-410f-8a8b-b18fbef91d3d,
200,15704.7221,Success,898cc9a1-6bab-4376-8977-0a25c81c15ea,
200,15570.1921,Success,d3587ff1-c5be-4085-9b1a-e758a0d62f94,
200,15739.7172,Success,9c5deb15-ce37-4643-abf1-b17080d34fc9,
200,15810.7503,Success,1ba58d72-7ef1-460f-9b7f-27139878f5a5,
200,16142.2984,Success,1b7a8624-9cd1-4773-96bf-17598b17c309,
200,15973.7824,Success,c2f9be40-a724-43f1-81a0-0a996b9869a0,
200,15939.4881,Success,74356353-df3a-4093-a979-4df0b693beeb,
200,16021.7469,Success,c8017cd3-25b0-45c5-ad67-58c79952e2e7,
200,15737.9005,Success,c853f67b-c0ba-46bf-8826-36abcece7c41,
200,16014.9768,Success,8b58a805-77a4-4dfe-95f5-d1d851b49405,
200,15825.4355,Success,c1231635-f95a-492c-b66a-040ed5a8b0b9,
200,16155.9777,Success,ecdb4d73-563e-46f3-a843-17d25b5cdb4e,
200,15998.5288,Success,a4856580-ec6a-402e-a591-7cb40e199939,
200,15952.5491,Success,f20e5ab6-2067-4628-82a0-21fe6ae1b011,
200,16340.3404,Success,a34a587f-9292-43ec-a2c8-39b001d4a95c,
200,15997.0418,Success,8ce589f0-ed20-4a01-8428-707b46581f5c,
200,15806.0885,Success,5cd5801a-5a04-4b2b-ab2a-96d5aa40f868,
200,15790.5219,Success,3dcfccda-c91d-4a16-8435-0de11d536b45,
200,16077.8036,Success,efd05ae1-78d9-4134-a57d-7ed3a462fd0c,
200,16078.2864,Success,3d173efb-da66-4eef-8517-c8bea264ea09,
200,16008.498,Success,d41ddeb4-5fac-4350-ac04-f1b5cf3208cd,
200,16172.6995,Success,329a6374-8fa1-4ed2-b8c5-c8379784c6b8,
200,15674.9248,Success,b6fbd081-e020-4987-bd81-11857dd6ed37,
200,15771.9221,Success,8cab7d2d-6bc5-4245-94d3-bd6acc1985eb,
200,15975.8613,Success,34b1140e-da1b-454a-a142-44bbd7eb3a24,
200,16304.0139,Success,8c4d96e4-72f3-49de-9a40-897874324064,
200,16116.058,Success,7a9caaea-07c4-407d-b7f4-cda6a3386adb,
200,15909.2443,Success,9f957b3f-25fe-4f01-95d0-154597ee1f9f,
200,15834.0095,Success,cc2dbf98-bd0e-4e47-a71e-421b7dbb44a2,
200,15960.6863,Success,0554d6f7-5dd6-4ae8-b6ae-fb53584b3287,
200,16007.2011,Success,69175081-2889-4f08-be49-5293520ae24f,
200,15894.3921,Success,a711988e-fc76-4a39-9670-2de471eec6f1,
200,15996.2493,Success,08037cec-c221-46c2-8e7a-774f3f984d0e,
200,15828.5452,Success,1cd16857-6e49-46ae-bd47-ae3c224af6ab,
200,16053.7089,Success,8d5dff0b-1fb8-47b4-b909-521cdd22acbf,
200,15930.9526,Success,a5237136-b584-4663-856f-87bbcc8f91a6,
200,16171.744,Success,fb6d9431-f10c-4614-ab7b-ca80b94498bf,
200,16152.8669,Success,7d4769a8-d570-4319-bc2f-d2c2eab07fbc,
200,16662.9821,Success,941be4a5-4e5f-4351-b852-960632408e83,
200,16748.2368,Success,a52aa040-abf2-4eff-bba5-70bed7780a49,
200,16243.3041,Success,2f7f5f10-6fdc-4ed8-bf0d-b41d39ee3d65,
200,16059.5953,Success,0c557cb6-fbae-4cfe-9954-8de102589a63,
200,16163.0024,Success,eba76a3c-1d3a-4c5a-adfd-ab3803194503,
200,16282.6309,Success,072545ff-d84e-430b-befc-ceeb99f244ea,
200,15993.5661,Success,594185d0-3de0-4b6e-871d-0ecbefb5cd01,
200,16442.1352,Success,6c269d26-ba64-4579-9584-b065b7ce17f6,
200,16238.8555,Success,e13ee53f-4322-4336-a0e6-1ada63cf8bc3,
200,16448.3237,Success,75a245c7-a758-4d23-956f-5a5139bf169f,
200,16277.7148,Success,36f4e7bb-5ea6-49c2-9c90-0acffe1b52c7,
200,16207.7357,Success,98f5b1ab-fa83-43d3-b7a4-a3887bf1cde2,
200,16358.7378,Success,8ee6ad18-b859-4cee-bf68-6df97ac70073,
200,16352.2563,Success,c7b6015f-07d2-4d85-8c2a-ea3d32d8f5a3,
200,16483.677,Success,8b5a0bde-bd45-4e38-ac58-dc5de00b1b6a,
200,16237.7963,Success,4cd1a155-835b-475d-b6a3-4f0f940103d3,
200,16683.1165,Success,37187547-4007-4b7c-a14a-62fb7c1c20ea,
200,16546.7246,Success,f0707c69-5447-401d-885f-a378b0a35354,
200,16936.1071,Success,95d0dbc3-de98-4fde-b093-eb5c148b134e,
200,16521.4429,Success,3e7885b2-8d2d-4ce3-8bb0-694e1861c885,
200,16519.326,Success,3dec14a2-d6cd-448a-a417-8080653291b3,
200,16399.2813,Success,97ee67c9-5bf4-4baf-8670-2394ead65e74,
200,16384.5484,Success,340c5891-1891-4cbb-8395-80f96ad1a99f,
200,16492.6388,Success,ee335046-4690-4ac3-aa54-c9e335c2c9a2,
200,16306.9134,Success,f0b04fc1-d5ce-4a6a-8cc8-39274f014976,
200,16417.031,Success,4fb24d2b-eba6-422e-ad5a-14fa3632c153,
200,16356.5344,Success,7bfab8d1-aefc-4e62-a3e5-8c4668b8b5ec,
200,16340.2641,Success,c7eaaf25-9b12-4771-8147-bfe47d737921,
200,16405.5011,Success,b5a6f6b5-fe15-4d29-8034-19123a9f63cd,
200,16355.6037,Success,30afbd2c-7405-41b1-bc97-0cc5dfcd570a,
200,16467.8886,Success,379a8874-311a-4c5f-a008-78bb2dc28f56,
200,16527.2888,Success,5063b632-1665-4578-9faf-fe7a14b1a75d,
200,16391.6402,Success,624a521e-9224-4ff2-9087-20e2c974d2d9,
200,16483.9462,Success,a8b4243a-7710-4c59-b46d-81587ae9f6e6,
200,16342.9223,Success,5eadb707-eb30-49c6-9cda-6138e6d227e0,
200,16937.3373,Success,010a8282-f5af-4f27-9ea1-7d8364ee0a26,
200,16601.3018,Success,21dcb1f4-7e7a-4baf-89a1-8ea96a62f67d,
200,16549.0876,Success,132751cf-8154-46ad-9adb-37a95fa2ab4a,
200,16412.4852,Success,50ef4158-e9f2-4797-b650-131f03a748cb,
200,16611.3341,Success,d9d732a6-9021-49eb-8a17-038753ce2e56,
200,16534.6281,Success,2ef86f49-a9a4-4b6d-b757-949916ac0701,
200,16470.3961,Success,ed58241b-914e-4adb-ab33-860e206366b3,
200,16592.2659,Success,fe286593-b11c-4fef-9831-541dcd3ed870,
200,16594.8285,Success,a7c3e9be-58ff-4634-acbd-b663ddacd591,
200,16411.7918,Success,00ea7e4c-e1ee-4cd2-8bf2-97daeec32a6e,
200,16761.3199,Success,cbb45f5c-539a-4ff9-b977-70f56c39873a,
200,16584.6146,Success,e9932545-b599-464e-902e-363b430976b7,
200,16753.7015,Success,f5e1a71d-86be-49c7-8b4c-d75d7f868fad,
200,16532.8414,Success,cf4933ce-493c-4a29-9dbb-96832ac6df8b,
200,16740.0526,Success,9d9aa6df-2504-4bc5-b1e1-e00264515e0a,
200,16594.983,Success,0ecf4a85-fbf8-41dc-a745-8fd80ec14c5b,
200,16634.7455,Success,8579f143-215f-4085-a262-6eae9004d628,
200,16541.7532,Success,deb71052-c5a3-4235-bde1-71a2db099d50,
200,16651.7763,Success,e60e63fd-bcea-4ae8-ab39-eef567b2170c,
200,16758.8973,Success,9eaf9c9b-de41-4207-9ba0-cd66d43af0f2,
200,16674.3721,Success,bc1db7f1-c801-4f38-a7aa-fff49fb3e3c9,
200,16717.1606,Success,71e06ce6-b3b9-41bd-84e5-0efec2296e7d,
200,16661.6191,Success,377b4655-8f05-4696-97e7-cfe4ab8de48e,
200,16744.168,Success,38896477-4194-40e8-b028-abb11d344ed3,
200,16861.2486,Success,830e5c47-7b4f-43a9-9a7a-8801416f3074,
200,16723.8869,Success,0877cf80-d6f0-4760-8905-bc02e9b65eb3,
200,16819.1891,Success,20409f17-87d7-488c-a0eb-ebcdf81033ea,
200,17312.6206,Success,51ad53a4-d630-4517-920e-89e07a412991,
200,16865.7038,Success,96ff2308-182c-4e12-bed6-2936d10e5f51,
200,17200.9161,Success,aa8204c9-997a-49dc-ba23-4a19bbc5232f,
200,16789.6758,Success,4ae03903-69aa-4160-b15a-a78ba22de4c1,
200,16812.2186,Success,a27723a0-a97a-4755-8f19-42ed9dae3f0b,
200,17495.1935,Success,87152e87-5504-4eef-b9a0-297be38cdb4d,
200,16900.2455,Success,95e59f9b-fa8a-4fe0-8bc6-4d6d4ab4693a,
200,16911.8312,Success,80413869-2260-4131-9fb6-b81c9ca34e10,
200,17179.3584,Success,5e5dde82-cab9-47aa-9b40-2b3d1f64a68a,
200,17151.8726,Success,80cf8865-57e0-4411-9605-eb7e250ca807,
200,17102.8455,Success,6a981984-f2cd-4f38-9694-5c8b1889c9d5,
200,16994.6237,Success,272675ae-c01e-4504-bae1-3115946c5060,
200,17093.634,Success,8166d63b-0b79-4cef-8d75-d81922f8fe78,
200,17050.9771,Success,d83c6fb9-655e-44a8-9211-268ebceb7f66,
200,17049.1548,Success,9faa8428-bfd9-46f3-8f4f-be520a545a48,
200,16935.722,Success,0f8af587-7ba3-4a2e-a649-d79109e477a0,
200,16902.2661,Success,9de372a6-ef78-4c70-8b03-d3da54e10dc1,
200,17012.3892,Success,b392540a-466f-4908-9972-f24ae6245e80,
200,16920.1862,Success,7d23acbd-dcda-45fb-9151-1f0af6cab111,
200,16993.7359,Success,f1973626-4ed9-4c29-863d-d8642bf33215,
200,17034.9006,Success,4255aeb9-b0a2-4bd2-9d96-b0f2abd2ef63,
200,17094.7457,Success,6eb0783e-a408-47e7-a3fa-b5812bbcc733,
200,17086.0611,Success,1d10a191-2ea3-4ce9-8e63-697aec0e407b,
200,17021.2124,Success,22e752b5-d3a5-487a-95fa-bbab1a7b3eb0,
200,17123.2999,Success,de6d360c-163d-4fca-b488-7dfb0614f5d9,
200,17040.8993,Success,a27ec493-f72b-4c43-9d23-0d38453cdca1,
200,17051.9361,Success,0365d784-4946-435a-964b-c31c896e3150,
res.status,res.timings.duration,message,sessionId,fileId
200,3466.8264,Success,d18c4110-d9ed-4be6-812e-0478bc401b54,
200,3597.5087,Success,31d9f057-4868-414c-b670-07f898a87784,
200,3505.0678,Success,71e5a6cd-d1d9-40e2-a70a-965607016291,
200,3435.3012,Success,41b5d02a-0155-4360-b7ce-090e7e0df648,
200,3673.4246,Success,7d6709a0-6f6a-4324-b573-4fb76a330e78,
200,3574.6299,Success,e2a115c2-c11e-4919-b9d1-06f8d7aba9d2,
200,3714.6468,Success,572a1bf1-e433-402d-b4ff-1962ceedf8a5,
200,3636.6617,Success,3c0beb11-e0ab-48fd-be36-b22f6878b365,
200,3608.0399,Success,4c3d153c-4a30-4352-ab84-8a12367cc5bd,
200,3654.0607,Success,76e667f0-5130-4633-a749-ed409f672cd1,
200,3694.6272,Success,f916ff88-e4a8-464e-812b-72843fd84f76,
200,3495.8722,Success,40d88719-50cb-4c7f-8cda-70c1ab96747f,
200,3761.5617,Success,65c29f75-3e82-4d23-8ae2-5bd67b1a25e5,
200,3848.2241,Success,992a7c34-3d44-42dc-a5c4-346495e18af9,
200,3796.9554,Success,62354d8a-f521-4c92-91fc-0bb74c2ed0f8,
200,3844.1224,Success,8d5eca63-02fb-4a6f-b97c-f2ab4b44e609,
200,4036.4173,Success,673f8a72-7b89-473e-9a6f-0201a4a13101,
200,3997.7374,Success,5dea9342-80f2-4d9e-841e-b96741f79d0c,
200,3620.064,Success,8080d352-ca61-4d00-975f-bec7e6c942bf,
200,4089.4063,Success,bda47dd1-20a9-4f9b-989f-5a0c21c7cbe9,
200,4148.2937,Success,46b27f89-6da5-4e58-8b73-bff491787562,
200,4196.798,Success,bf6fea78-7a6f-4513-b799-9fefb8dc7810,
200,3969.3425,Success,976f69b3-5aa7-489b-ba2f-bff8a4c148b4,
200,4100.1558,Success,60542d20-75f1-4e61-8b6e-232c3326e0a6,
200,4134.2839,Success,c4e95f69-ed69-48b8-ab43-8016de2d0a95,
200,4185.958,Success,ee5ed51d-4b2e-464b-a12e-33627bc56892,
200,4337.0486,Success,9c090ea5-fbca-4b84-97e0-35617b0090fa,
200,4142.0143,Success,2934696c-16bf-4c81-8d44-fe283787198a,
200,4008.3583,Success,c2579473-4b21-4bf3-863d-8cf1848f1917,
200,4330.8533,Success,a595fb78-495d-44bb-a75d-4edc044aa9d3,
200,4375.6397,Success,030bdba5-e767-4ff8-887b-85dd9655eed2,
200,4448.3559,Success,dfa703ba-1f2b-4cb1-9695-882e8cd09219,
200,4506.7485,Success,6e0f3d96-f017-467e-8b13-ffa3940e031f,
200,4683.0271,Success,1509ca16-9baf-4172-948c-d5855a586f01,
200,4493.7681,Success,36bdce59-3a8b-4107-9841-f02c38a67b55,
200,4724.6963,Success,ea315229-f19b-485d-b8dd-2c0489325c47,
200,4660.7415,Success,49debce5-f652-4169-abd0-66431028a596,
200,4341.0604,Success,8910914d-3d22-4506-93fb-5424a3e5c06c,
200,4465.0602,Success,092022a9-2049-4bda-96c6-51c0d24f6a7b,
200,4873.5715,Success,d2267613-2176-406e-ae79-3aa646a6217e,
200,4801.1667,Success,2ecf1903-7419-45ba-b1c7-7b119d039977,
200,4508.8779,Success,ae6836b5-d337-4041-95fe-f6444218bf0c,
200,4876.7483,Success,bd0efd59-d930-4449-a9ad-1bfed8a2a1cb,
200,4331.0526,Success,4757e256-da84-43b1-a3e3-e8fd74692c6a,
200,4916.1523,Success,5d14135a-b19c-4909-a24c-0cb7315f006d,
200,5020.7227,Success,320f3507-576d-40ec-9fbb-c6dec76c19ff,
200,4975.5313,Success,3a98b3df-dfea-497e-8099-befd00f67cab,
200,4794.2733,Success,424d9957-71b1-4278-a9c5-55116d138951,
200,4791.59,Success,da2db03f-7b9f-4c80-b2df-0b1a433e5550,
200,4920.8116,Success,21507bbf-ed78-4c19-9235-bee9f71e0577,
200,4902.4171,Success,e9b580fa-15e7-447c-b634-39fbaa7d2f3d,
200,4785.3948,Success,107b1d69-2062-4162-9274-acb17bc9d586,
200,4950.7649,Success,dac390b0-6294-4646-9535-c42bb694b455,
200,4999.0829,Success,c0dae10e-d32e-44c1-8453-b07bfd350d88,
200,5140.4842,Success,16153c90-4252-4071-b3c8-965f9a560f47,
200,5546.6198,Success,33e7db92-6003-4b31-86ab-3cae756647bb,
200,5157.9027,Success,e1ed89bb-1a64-49ae-86ac-ced0ccedacb0,
200,5724.5427,Success,5fe832ee-dde6-421f-8cdc-e209cf0e05ef,
200,5843.8908,Success,c5ec83a6-4501-4080-b55c-885f7545cacb,
200,5792.8623,Success,36d6893c-c327-4b51-bc92-cc619f247245,
200,5513.5381,Success,cb479b1a-5c58-48cf-91f5-a71892c09542,
200,5522.3783,Success,3077d068-28b5-40c3-8d54-e0c7ba0763d7,
200,5456.4547,Success,5d2bd9e9-8f39-4034-bd3c-f98236a49ceb,
200,5782.9678,Success,3db79ad2-fa09-4bcf-8721-bdb9fc1360c1,
200,6168.4264,Success,5cff1a01-7bea-44e8-a1ce-d61ea343f966,
200,5849.6139,Success,b798729a-9bcb-4061-a24d-e1e0716f803e,
200,6305.7597,Success,073e8b20-cf00-45ee-83ee-eab5306f6512,
200,5874.6517,Success,3001bb3c-1021-4d16-9cac-dd149fc587e5,
200,6222.8704,Success,660df5f4-4cfc-4f10-af4f-32aa90cce4ed,
200,6554.4276,Success,2358401e-dcb7-4d74-8eb6-d958b9a88736,
200,6402.2106,Success,ed139bb8-1810-4742-8c53-5c4728b06630,
200,6647.8811,Success,4133dce4-db10-46ba-810c-5950ecb1548c,
200,6842.7049,Success,d0b6f292-8272-4006-848b-28ec24ba8236,
200,6887.1325,Success,1de76699-ef82-43a2-bbb4-a2a1048e6968,
200,6959.0474,Success,79b5c460-3c66-4163-8cb0-385768f9160e,
200,6840.6498,Success,a5e65950-0b22-4abc-b729-c47f07fc0280,
200,6882.8361,Success,7b71badb-08ea-4efb-b57b-f57af33f0145,
200,6986.4433,Success,dccf8aac-df68-4f90-9038-7d57b600932a,
200,7105.4447,Success,e2dbb115-3d55-4545-a7c0-41caa58ca844,
200,7174.2913,Success,e3370f90-84bc-4829-bad1-4c41fbd31ad3,
200,7331.1832,Success,dd8c8e97-b4d6-4697-82b6-cef0789c5e46,
200,6924.2192,Success,09a2ed2a-7f08-4300-8a93-8b448f13df21,
200,6824.6327,Success,68395251-90e2-41e4-85b6-98396394f85a,
200,7514.9245,Success,d55b8d5b-9780-49ba-ab12-ae6a1ff8cfca,
200,7260.7131,Success,e8117a1d-f040-455f-b2be-81ca1d7c684f,
200,7089.8522,Success,f639ada4-11e3-48c5-8b15-36ac55ff9d46,
200,7121.5817,Success,02d2142d-9592-458f-b56a-ce83eed9c890,
200,7169.7334,Success,c7663ee5-4e77-4eb9-ab50-c4ffa675a470,
200,6961.9905,Success,92862326-e7ef-4d51-866d-7ed794aa0113,
200,7309.3426,Success,8c8aa6f6-98b4-4f46-9d85-e88eaf0de1fb,
200,7607.2894,Success,308b97af-0fe9-474c-bdab-05545cd792c6,
200,7418.8111,Success,6c968bec-ec07-4786-9a38-e47c83bccfa0,
200,7421.3838,Success,f25c4dc1-0eb9-41fc-9257-eea9b2712845,
200,7605.9362,Success,8b9a547a-6fe2-41fa-9e3c-c83b5af60fdb,
200,7318.4362,Success,4fe1179e-1cd8-4c84-8a65-277b9522cfc9,
200,7632.0122,Success,001977c9-c050-4cd5-b395-8a4093be90ca,
200,7573.2971,Success,ab304284-26f4-4d37-ac53-7b25ecff9ae5,
200,7667.5793,Success,5323cb8a-d1b3-4976-befa-8307febcae37,
200,7510.1748,Success,480d3b64-3e3d-4ebc-accd-2fdb78b79e21,
200,7512.9178,Success,35520d20-ddbb-4295-be4c-161015b41031,
200,7398.0863,Success,017b874d-0328-4e41-a373-eb807ec1e93d,
200,7698.7716,Success,521c13d4-8662-4f05-b8f7-bf32fe669c6d,
200,7673.6882,Success,a4ee2abf-626b-45b0-824d-c3f088a2e204,
200,7321.9324,Success,83718fa1-87b1-4a1a-babb-b863b022655a,
200,7343.227,Success,895b9206-1028-492b-9e8a-f4d6727a1b8a,
200,7473.0703,Success,7c672de3-e7da-4cd8-9269-6685edb7e9c6,
200,7640.3903,Success,f40145be-f6b5-44c2-ac1b-351685328c5e,
200,7492.7555,Success,ca7ee97a-271b-4bcc-9208-d89138467b7b,
200,7711.1903,Success,17d6b9cf-bc2c-4074-b3b8-13d152ebe972,
200,8222.9152,Success,89cdd0a3-3da2-4dbb-9ee8-9f2efca092e5,
200,7870.4768,Success,83e5ef19-b97e-489e-b3eb-c3a28f34b2e8,
200,8012.652,Success,15276e77-a73a-4ead-864d-446f225222e3,
200,8363.8041,Success,832c9ab2-7e15-4419-87fe-d6cedfd8879f,
200,8556.8896,Success,fe6b8095-492e-4073-9132-002ea522619a,
200,8133.9296,Success,86583fa9-7e8e-417e-a6e6-a1f28614e288,
200,8315.9158,Success,ff0bded0-5037-42d2-b413-83388d9ef2fe,
200,8136.2854,Success,6dcfb89a-0bc6-47fe-9820-156b7759e913,
200,8568.1635,Success,462c21a2-a3e4-4e26-a7c4-b5dc389d7cd2,
200,8267.0656,Success,50ce0a98-6b23-4acd-8cc1-558aabbb01c8,
200,8909.0581,Success,b0557649-f1b8-4c5b-9d58-f7dcda0943cb,
200,8697.9835,Success,0983f8b4-a506-43af-aba2-9693b9fd553e,
200,8605.2685,Success,90ca69df-e979-4418-9d48-4ce13dd06462,
200,8643.2425,Success,c87fae65-ee21-4b09-ab7d-ed21a52ed870,
200,8974.8304,Success,9a4269f7-2a02-4275-90eb-35fe005ad635,
200,8984.71,Success,35fe225f-b6f2-4849-a10a-a0ab759a1912,
200,8801.7964,Success,958cd45a-fd81-40b5-8009-6e0e6979ad19,
200,8750.795,Success,90b35bdc-8c01-47e3-9214-8299cb0af6e3,
200,8608.4708,Success,3f8ab322-66fe-4716-b993-3010aa3c530a,
200,8564.0431,Success,c967c2da-a5aa-4e82-ac2b-bb66c6c23b5c,
200,8593.7284,Success,2fc15e0a-23d3-44bb-b8a0-9be0cca19d0e,
200,8953.7727,Success,49773220-e967-4e00-995c-a4cc7f8665ac,
200,8436.2713,Success,55cf3f23-6157-4057-8c61-c8ddbc6276af,
200,8482.5361,Success,bdde0709-4e06-4960-845f-22ee9f874781,
200,8593.4797,Success,e90808fd-0d58-4fd3-88dd-a3de9e08f484,
200,9145.8779,Success,a01cabec-2e0e-474e-bce8-17373d1d3f44,
200,9169.758,Success,0c6c7ae3-f638-4abb-922a-a0a29620bc83,
200,9083.2645,Success,20652ee7-cc46-463f-b87e-8c5a6c445cbc,
200,9227.9331,Success,e3056204-f9a2-4682-b6ad-b51bb536d341,
200,9332.7811,Success,59573e4f-4bee-4e1a-a63c-3f2d160a00f2,
200,9223.2716,Success,d00ce5a4-f782-4a01-81a4-4af4ef754684,
200,8897.5888,Success,c91771ad-ea36-45e6-93ce-721e0fb6b91f,
200,9463.5818,Success,79261fbf-5ff1-4cf7-bec2-a7a38dd24b4d,
200,9256.11,Success,576ef71a-3363-4924-99b2-1d2e029c5a30,
200,9477.6431,Success,921d0475-68b7-4709-9136-c00edc0ba7c2,
200,9405.3677,Success,a28f7c57-c2b5-4acd-a6b2-67198a22a431,
200,9533.9634,Success,aa1600b8-462d-4560-9d97-9b79eb846988,
200,9280.5952,Success,b809921d-6f48-4744-8785-8aff3f666ceb,
200,8909.7819,Success,8558503c-7203-4ff6-9d49-d9789ecd32b0,
200,9579.8343,Success,a541773e-2ed5-4b27-82af-99e3aa14cf23,
200,9203.6581,Success,46ca15a9-b2f7-436d-b43d-5451da54b877,
200,9086.3473,Success,a3b9e631-740e-4377-8746-f32b23f741ea,
200,9752.1421,Success,9cf858cf-a694-4a55-ae82-c9681c4f5ebb,
200,9423.0773,Success,ff7d9b98-f7ed-4a8d-80ec-e2a6ca264116,
200,9433.4475,Success,1b31ce94-7aa9-4741-af8e-325780f9069e,
200,9663.3818,Success,6fc95f43-8f0f-43e1-b107-4f7a6cc2f997,
200,9528.9628,Success,ba52b5c2-a1c6-4bff-ac5a-c04117a5cfe7,
200,9646.4607,Success,c936da29-3f4c-49d1-89e1-5d3adf24e0e3,
200,9525.4603,Success,db6ab564-c12b-47d6-acea-02306818bb8b,
200,9889.8025,Success,c0e2eaf9-4062-4f4b-9491-dffc2694db41,
200,9466.6229,Success,ace2e0c6-d8b5-460a-a3fe-dfc86d08bd6f,
200,9727.5033,Success,4d886ed4-6814-49d1-9df0-fa25c7cee8fa,
200,9618.8017,Success,2a2f678d-3595-43be-95d2-e4c369aa7a46,
200,9648.5699,Success,685f766e-5736-4d1f-a83f-926629cdfaeb,
200,9924.0691,Success,4d1a5d4e-0ada-4149-a9ec-1e6cc1ecaa01,
200,9798.2363,Success,5cf383b0-3d90-4a14-979a-91ec8ea7855e,
200,9933.3248,Success,630abb5f-373e-4503-aef3-4eb729039707,
200,9543.9046,Success,d8028641-c7fb-4cdb-a8f6-4a7dc8750f9c,
200,9826.842,Success,d9ff7523-123a-49a5-93d6-ddf75a9df050,
200,10056.5449,Success,9ce70596-39a3-4178-9508-2a6f532f2081,
200,9661.8459,Success,c00d44cc-3610-469e-b2e4-f4ed8a4b5a75,
200,9756.4303,Success,4a21c6b4-0ad9-4773-81c7-882e0200352a,
200,9524.676,Success,77d7bd63-4125-483f-a087-85572ff6c592,
200,9905.862,Success,da518e67-0113-480d-87ab-321af55e615a,
200,9831.0512,Success,f1295fba-8717-4800-b552-8fe600a5a0d6,
200,9750.5291,Success,804801b8-fdb9-47d8-b62b-024ffe5091fd,
200,9923.6996,Success,04f1bde8-4e93-4283-ae6a-892f05bb1050,
200,10159.3268,Success,2307937e-d0fa-435b-a78d-8afec0ecb4bd,
200,9675.3427,Success,cadd5b82-e84e-46a4-921c-809f1a7cd159,
200,10127.9913,Success,6d6e0aa5-5353-4250-8a43-183ee8cd375a,
200,10954.1609,Success,47732d2c-adee-470e-bc5e-8e7600d4cd58,
200,10300.9067,Success,02fc85ea-f382-4b26-9480-a68b7bb09f56,
200,10062.6186,Success,84653f57-4f0b-4174-af8a-eb2c8386df1c,
200,10707.5596,Success,bc2ae42a-dd19-40dd-9a49-eaf4c817a2eb,
200,10772.3979,Success,f1ab5fc6-5eb4-4c21-9a9f-e5dc89384619,
200,10753.1258,Success,1809e498-9552-4f5b-abf4-fda221bf701a,
200,10878.8411,Success,ab803462-0bfb-46b5-bd50-540a78e89802,
200,10627.0369,Success,83a2da6a-873c-4b02-8141-43a1cbb4512f,
200,10735.012,Success,636de478-ab1a-4f64-bb97-fe9ac01af26d,
200,10305.2511,Success,f2d18953-3ae4-4b48-86e6-07346c618d7e,
200,10348.2576,Success,7384176a-6e81-4b38-b374-c6c208352814,
200,10517.6863,Success,e16e976a-8571-48c6-b817-77a4790d4504,
200,10986.0567,Success,70bff671-527e-4f90-828c-0bd728b7b6ea,
200,10788.9987,Success,1e559296-5d69-4f1b-947f-280b3c007c4b,
200,10366.9275,Success,d9d299e4-0889-41c6-915b-1726b091f4f3,
200,10433.9842,Success,945f0f5e-479a-41a0-b61c-0a2df0d198b9,
200,10340.3777,Success,b98a0f19-6942-48b3-8749-b20468ccfda0,
200,10704.9644,Success,ddf5826a-457b-45fc-8599-eb3722d1a7c2,
200,10949.1926,Success,680adc9b-f8ff-41eb-8d11-f8a26671be61,
200,10533.3775,Success,5521552b-4484-46aa-bba9-c7f77e35167d,
200,10414.1047,Success,44400ecb-c0c1-457d-8656-de16ad4a8ca6,
200,11389.666,Success,0ffb9cd4-efce-4fc4-961c-97b4785744ed,
200,11205.1709,Success,6f5519ee-01d1-4d90-b195-54c7e28a1946,
200,10617.4004,Success,7788dac0-3f7b-461f-88ac-06212445f36b,
200,10621.1812,Success,dd5fcab9-c22b-4cac-8ea9-80fb54c7bed0,
200,11056.4766,Success,9f48b20c-a965-485c-bcc8-b3f7a9c1d3cc,
200,10941.9672,Success,87fe9580-8100-4e1d-9151-6d3543a3eb54,
200,10947.1252,Success,3f41b6a2-3558-4ef9-a04b-546bfba2b3ee,
200,10822.1455,Success,1f2d072c-27ed-4ee5-afb7-39d3c59080a7,
200,11046.588,Success,502b641b-295a-4c4b-93f4-cd7ed1655bd8,
200,11121.0586,Success,649ca40b-c826-4751-b282-d6d4f2f0cc10,
200,11027.0541,Success,af3bb115-b52c-4c14-b426-6ffdd806c81c,
200,11331.7902,Success,bbd783e1-5a09-4a3d-b729-ed8e4fe379ae,
200,10853.1128,Success,71ddf38b-b9ce-4081-adbe-af4c0fc4ef4e,
200,10905.7945,Success,9820162a-051c-4388-94f5-b734582fbca4,
200,11067.9602,Success,5840a2e1-ebab-4741-b4ef-0e632478ce92,
200,10942.4764,Success,14fd2436-afdb-492f-a939-b305702389fc,
200,10936.5503,Success,d142603c-c9a6-45bb-b48b-ca41e9bf776e,
200,10685.9958,Success,fe8b985a-3015-4d2e-bb0d-77b0defc483e,
200,11210.6786,Success,c37f083f-5c82-4b8e-ad1b-2f4f8c24392d,
200,11257.7345,Success,f29b20cc-d0bd-4158-8feb-b231facc0b1c,
200,10525.9598,Success,e112bccf-c60f-4278-aeaa-11b8efaf401a,
200,11206.3349,Success,994978fc-2058-4b5f-a634-4e0b586ff681,
200,11621.534,Success,3e0bfca1-fd05-4ce9-9783-1cd7c6172d9b,
200,11861.1445,Success,84e708b6-2742-4e78-8cde-02abd9b68f76,
200,11220.6711,Success,8660af0f-0c05-456d-bd4b-05668b69ccb9,
200,11156.947,Success,86542141-873e-45d7-b206-8cfe415015c6,
200,11510.2434,Success,1104f230-14e5-497e-b870-2e9a4fcd695d,
200,11300.978,Success,7092ab0d-e384-4101-98b5-5c0d38f00f69,
200,11600.3895,Success,4738d6a3-53bd-41cf-9f4a-5a1b1cf27de1,
200,11175.8853,Success,b06437ac-2896-4fd4-96e0-ca1cb5986464,
200,11389.3431,Success,e62072d7-0bf9-4d6e-ba1f-ddecde172844,
200,11269.1597,Success,41c092cf-229b-416b-8c04-9ea2edc11ad6,
200,11532.8901,Success,180df0d4-cc20-4b3d-a0bb-5956aa64a25d,
200,11327.8983,Success,33c7c56d-a6cf-4abd-b387-e812ef7bc0c9,
200,11921.8821,Success,29e06ea6-82fc-489b-95ad-49afeca0541b,
200,11871.1783,Success,14a08d83-dead-4d08-aa9f-8781e093d2a3,
200,11475.4518,Success,0ca90dbc-6064-4eea-95d2-c665fc18db2b,
200,12169.8373,Success,a52768e0-caf2-4db4-85bb-c6f7597cc620,
200,12203.1094,Success,28a651ab-59a3-4ecc-b8d6-04829f9d8023,
200,11418.1933,Success,87b70d30-194c-4ca9-b527-02bd7117d250,
200,11663.137,Success,569622ec-9db7-44a5-a224-6c88e261794f,
200,12164.959,Success,221f3068-123d-402b-8960-7d8e5ca3d926,
200,11703.0273,Success,abef8e6e-539b-4a38-8576-017bc06827c4,
200,11739.1255,Success,479e6ffa-1201-4915-b3aa-411d8bc94c40,
200,12129.1334,Success,e1634106-5a3a-45d5-9a32-09691db9817a,
200,11945.7631,Success,2d66d648-da49-4294-aec1-67d911545e0e,
200,11955.9881,Success,9910e1b3-da22-4181-8286-4f8b3a6c84e6,
200,12549.5843,Success,a38462e0-519c-42c6-9f02-91296aef24ed,
200,12011.6926,Success,221c76cb-07e3-462d-9ab3-f48b1c05560d,
200,12212.6498,Success,cd8f519d-fa73-46c6-a001-c65411901a03,
200,11960.7303,Success,31163760-7ff7-4c4c-aae1-739b064e1ab9,
200,11438.7392,Success,b0d240b2-29b8-4991-b7e4-d9114dd58030,
200,12482.3504,Success,202d8b6f-1cfe-4c3e-8a7f-f75c86f685cb,
200,12317.1544,Success,650ca3b6-d40c-4603-8673-22d5dd4b03d6,
200,12347.6345,Success,eeb45c57-eaa6-4724-89c1-e3072030a3b1,
200,11716.0279,Success,b4bc7f45-1252-46b0-9d2e-d32b183073ed,
200,12226.3886,Success,a5070380-ad7c-4a73-86e0-3ec1031c8f40,
200,12165.0298,Success,b571363f-f597-41d3-9171-987eb2d6d8d5,
200,12377.5242,Success,4abc63c1-2e03-4e12-84ba-7ef3ece05161,
200,12956.6917,Success,40a70e1b-1854-455f-a7c3-dae870cdf4a6,
200,12248.2328,Success,f59ff5e1-729d-4a61-99c4-0337aa869f26,
200,12903.8736,Success,dde406fe-2b8f-4e85-8358-d497a6aba98d,
200,11982.9111,Success,908c39a3-3487-4fa1-af55-fd91466d5b86,
200,12591.6984,Success,4b9fc646-5eeb-45fc-b407-78fc9fc3d297,
200,12843.4873,Success,112cd908-acb8-4683-b0bf-73b21f1c0cb4,
200,12570.312,Success,7f8f55ba-a6dd-4c61-a473-cb80d7da7877,
200,13038.5996,Success,43a47e96-7124-4a07-ab32-d04619af22b3,
200,12754.6926,Success,1e6239a5-1228-474a-a746-7092f4ac07c9,
200,12769.044,Success,71974946-e025-4114-9a6f-dfe23493c9fe,
200,13079.408,Success,eef66d8a-0fd6-48a5-a21c-cd1aa9ee2a83,
200,12811.8159,Success,650d224b-649e-4792-be14-df477ca84547,
200,12971.0508,Success,839aa87c-c498-4cf5-86de-73af77e86f5b,
200,13007.5508,Success,d281c3c6-ec2a-46a7-ae16-cc0057feb47f,
200,12701.045,Success,042547b4-ed9a-4e37-95ad-0ef6290f3292,
200,12733.5144,Success,7de26d08-406b-410f-aa2c-c5940ce983ae,
200,12562.582,Success,a82cb4b1-32b5-40a4-a94f-7a7a985e5607,
200,12854.3395,Success,86a3955e-f3c9-4bf7-80cb-b86e44e9cc9e,
200,12830.6418,Success,a4b4d9d4-c091-45fd-8f23-a694c2cc7081,
200,12870.8218,Success,25c5438f-a8be-4fc3-bdf5-c1cbd4e0f880,
200,12954.3598,Success,1644c0c8-49e9-4dc4-b13b-935e5f9929a6,
200,12722.4943,Success,7f0d9085-90e7-4ad9-9b6c-5f58129eaa9f,
200,12948.0006,Success,ad21cb58-11ef-4ada-aa0b-dd9b9b689b54,
200,13580.4803,Success,396cda27-6d9a-4d77-b802-d924776830cb,
200,13071.3903,Success,70a385ce-9ba4-440d-be64-6334f4f1c15f,
200,13191.6093,Success,c9c95d9b-26cc-4514-ac4a-99856e5cc2c9,
200,13375.9691,Success,c32edc28-40a0-4fab-aa8b-ef7996cd98ed,
200,12656.9867,Success,67335f75-092b-4939-a575-a4d7bf1dff26,
200,13047.0222,Success,b8223567-578f-4d7f-922b-cbfb9901ef3e,
200,13024.545,Success,cf5e7f9d-94f2-4022-8464-ef6f6dba7b05,
200,13336.1031,Success,3456df9a-b46b-419d-b187-ed9976df4fc0,
200,13313.9051,Success,44764d16-44db-460e-9989-77bba32ff0da,
200,13116.3997,Success,4cd51c8f-bef2-4542-864d-1bb70658c204,
200,13432.0739,Success,783e57cd-ff95-4953-977d-c954257154fd,
200,13337.1079,Success,698210bb-6b57-4a9c-a9fd-7c669730731b,
200,13292.794,Success,44d9f756-6e2c-45fb-b3fe-0e92a499e6fb,
200,13469.4564,Success,926c1a06-e754-4c05-b625-85f3de5e51e7,
200,13566.8977,Success,b16d3e1b-5db5-4f2e-9de4-7b5272bf4374,
200,12962.7887,Success,36f07199-489c-465e-bc98-e3c8ba327d9e,
200,13741.0724,Success,0920a927-5c8d-46d5-8730-12032fe693a2,
200,13713.1001,Success,be99f4b7-89ca-4e50-9efc-7d01088984f4,
200,14251.7914,Success,716221f4-a2cc-4739-8fe9-952f5d27b32c,
200,13938.6498,Success,42c56dff-085b-42e7-ac0e-24886dc750df,
200,13967.1634,Success,a518ddec-3816-475b-9f96-c43327a51fa4,
200,14075.0041,Success,d03b0dcf-0d7e-4943-bd87-033218300c8c,
200,14288.1888,Success,f401fbcc-ae12-4e96-bd99-94416cc39fa6,
200,14188.8789,Success,724a8d9a-3e21-4622-ab19-eca43e4fc892,
200,14258.7082,Success,382cc999-c6f5-413c-a9a9-8669dd8f3235,
200,14309.4334,Success,f7d6185b-7bf2-4021-86b2-30363ff3958d,
200,14307.8204,Success,908eda64-c9cc-4048-9023-78d8ae28d4fe,
200,14270.967,Success,697edc21-1090-4c2d-a335-01ba1c1e5213,
200,14436.3947,Success,f3555b9b-f7cd-42ed-975d-9886a7b970ff,
200,14300.618,Success,5062d736-6e58-469f-aefa-3316b2b1aa99,
200,14494.877,Success,98862927-5adb-4e8d-8026-f13417c16841,
200,14052.1477,Success,9e03e8ef-137a-4972-9fde-c7bd7c830341,
200,14716.9179,Success,48e48055-9649-4d46-99db-6154cc7d219b,
200,14153.2907,Success,2820c235-fd8b-411a-86b2-320ac2284162,
200,14560.0482,Success,161aa868-6a38-4f3e-aa24-371e87ef2d65,
200,14404.2055,Success,02979250-2502-4d4c-b099-5d43db6bbfd2,
200,14345.5903,Success,ab9e4361-e225-4b2b-8616-cdc03655b628,
200,14263.8764,Success,717f5b52-929e-4b28-9887-f127d89b0e09,
200,14787.5449,Success,3d3960f1-5c40-49d0-9059-ad576b0ddc75,
200,14771.6108,Success,badc80e4-57c2-4ebd-8889-d826b0b42685,
200,14393.996,Success,bb6cf463-21b3-4eb1-bf24-d0a451cbc7ce,
200,14678.3941,Success,b1b07ad1-933c-44c5-9015-9dcb24fcfab0,
200,14981.7856,Success,ff0de4b0-6ce5-4b2a-9341-fefaf5d4591e,
200,14855.6685,Success,805afa72-f838-489f-bb05-62e3d502e05b,
200,14587.1244,Success,a3edb9d4-fa51-4c8d-a213-ebab76f77542,
200,15005.5856,Success,4e486435-8eba-4e4d-a0c0-aed14858b3ba,
200,14354.0899,Success,e196af64-bc87-4108-9228-616ceef03829,
200,14873.4322,Success,53c31f9e-bf6e-4d01-8add-124c761eb1a1,
200,14432.7479,Success,07856e21-514c-4a7c-9199-ad4c186a116f,
200,14893.3648,Success,ddafeaf2-af99-4306-baf4-07318c6ef172,
200,15106.9987,Success,4afd192b-ba64-4bda-82fd-0a40ec929a32,
200,15356.7687,Success,ae442209-e0a1-4b4a-8801-e82e7072d11c,
200,14871.2482,Success,9adbf8ff-c1fd-445e-8180-0b1b451fce6f,
200,14824.035,Success,5141e5e4-a9e8-4321-99b3-fe726b8918fb,
200,14973.3367,Success,70608a8b-c4dc-4ac8-a4c1-518988c10a7f,
200,14868.8921,Success,97fd43b5-dbeb-4976-ad35-1e5c7f40aefd,
200,15320.2882,Success,6f4b37be-5943-4cb5-924b-cb4296071736,
200,15409.819,Success,65e49fba-856b-430a-a4f8-36f715ada2e4,
200,15203.4835,Success,53a5ea07-db52-4fea-877e-63d65c5193d1,
200,15530.2934,Success,e10834eb-b463-4451-98f5-96b7905cffb3,
200,15648.1228,Success,c7e420e5-25c4-4086-8134-d77842faa879,
200,15283.0054,Success,8f75d8ab-c647-41ef-b6c3-fbe747418cf6,
200,15438.6927,Success,ba8608e9-0dc4-4c12-9a12-c9363697a552,
200,15200.0669,Success,ab20b6d6-2746-4018-ac6f-53ffd6e744cf,
200,15534.4418,Success,eb8b0907-932f-4317-ae9b-8a9c3b790835,
200,15467.6914,Success,c1f25fde-c15c-46e8-82cc-810e93f139c8,
200,15444.0148,Success,105c029e-d073-46c9-84ce-2589cd5044ae,
200,15582.8552,Success,33d3200a-e784-4f0b-9b95-016e1d0e9d9d,
200,15498.5178,Success,2b8e37dd-8401-497c-9438-0bde63f70464,
200,15790.8673,Success,64e5e053-11f0-4114-a91f-44fcd0f2d093,
200,15768.1607,Success,4ec5447e-fa98-487e-b6cc-2e8bfc276073,
200,15820.2431,Success,aed84a03-8751-48d3-9909-087a84abb987,
200,15903.5512,Success,af8d341e-1ddb-4fe0-a201-35c18197df92,
200,15908.7369,Success,31bfdb53-9fbe-4e8e-b83e-f6650b04da8b,
200,15902.3893,Success,9d519984-93c3-4d96-935c-95f7800de21e,
200,15835.0021,Success,5571eb88-1e27-44ff-8bbc-ad7c5a27e9fa,
200,15740.1446,Success,94fd9470-eca3-4c55-bc9d-dcfbf2026cf2,
200,15757.4439,Success,c7e9180d-1ccc-4d8e-8112-5e5e225f24da,
200,16114.8272,Success,7ec810de-e359-488f-989d-6bf2800ba475,
200,15929.6435,Success,2808e743-5068-4d19-8b11-9d6cb30ced7d,
200,16448.1786,Success,0befcce8-4e56-4f92-bd46-8c2bccc43390,
200,16164.0462,Success,0b1770e0-0de0-49c7-ba50-880d254d794d,
200,15853.4695,Success,c9b90eb6-e63e-44c3-b9c8-d4e2c7d775a6,
200,16351.0225,Success,6380369d-8e80-49a6-a70e-03bc27e5c4d8,
200,16505.4315,Success,e0b05918-b812-4f83-b7e7-884666b2c980,
200,16542.1046,Success,2a94a8b1-6fbc-4f94-8fe9-6151871e1229,
200,16388.6588,Success,afd337f2-01c6-4a7c-abda-84fac09c490e,
200,16711.4573,Success,274e20e3-6355-4d67-ad6d-0cf29f57f545,
200,16547.0381,Success,96a1573c-713e-46ef-a8eb-061c011231e9,
200,16752.0621,Success,c8424908-478b-4704-b1b9-45fadf18482b,
200,16800.1201,Success,cde9ba4e-e07d-40e9-bea0-fa4265f02988,
200,16267.0123,Success,e099bce2-98ce-4399-8609-ac203bb694ae,
200,16870.6051,Success,744628e2-d447-4841-8e91-338a355f7e4f,
200,16363.0056,Success,e8ebc493-2e7f-43e3-852f-89f540380699,
200,16324.5032,Success,f39dc7cb-7ad0-40a8-8882-b7ad103b1eaa,
200,16975.1203,Success,398a2aca-b557-4de1-84fa-24c454e191b8,
200,16977.0453,Success,855d5965-1ba7-44fb-8928-6be52e819179,
200,16350.0148,Success,b1e5b892-7b0e-4976-b00f-4dd0bde98559,
200,16742.7039,Success,900de530-4696-4ea4-a1a6-e26abc76f000,
200,16876.156,Success,96a94f4c-eade-487f-8f76-57f3266cbdec,
200,16401.09,Success,bcb9b22f-2699-4296-aca9-ab90d7532bbf,
200,16451.7854,Success,f0d26f2d-e3b3-4935-968d-e3188897e960,
200,16920.7447,Success,3c877c3c-710a-417f-bff0-8b9e38a1cbfe,
200,16943.0969,Success,99eeb6f7-ce48-480e-ae88-5db2ded99efa,
200,16643.5163,Success,8b57ab07-8fa7-46a8-8b7b-93892f7ee11c,
200,16684.7193,Success,b5c7ca7c-ee91-4333-a120-dd6f32181362,
200,16927.3813,Success,822dc53a-b186-4d7f-8544-1825f7e22526,
200,16584.5444,Success,1e62ba3e-5b2a-43ec-8540-4727ce6bf7e3,
200,16989.7452,Success,d5bd2639-1df5-4d6c-aa7f-eb0387772e02,
200,16955.4088,Success,210b023e-727a-4418-b7c3-36f3e3e0deed,
200,17215.5618,Success,39ac0ffc-42d2-4de6-a430-e79e3422d258,
200,16717.6128,Success,3654db27-1bfd-410c-ba50-e79684a876e8,
200,16914.0858,Success,2c972557-ea3a-473e-b18b-d5b12686ae91,
200,17207.6351,Success,90cd8dc2-cdf1-4c07-8a0f-233ac30350b0,
200,16879.0575,Success,4ce7ae02-6568-4e00-9e22-0f861b832ca2,
200,17263.8868,Success,1dda035c-a43b-43a2-9e75-83aeb5047645,
200,16736.8532,Success,1d7a0138-2280-4564-be46-74374d543b3b,
200,17277.4729,Success,5ae4bced-b428-4dd0-8771-90a654a4adc2,
200,17523.1836,Success,806005b2-271c-4efb-be17-ba0192cbe009,
200,17038.7915,Success,aba0adeb-8bb0-4e11-8709-6b7927eb0b07,
200,16797.8053,Success,9344f31a-7b77-4954-b2d6-96d410ac2bf2,
200,17227.2274,Success,9aa2c85e-6b23-49e0-aab4-c0f03c03ffc3,
200,17250.511,Success,4b929f68-2d72-4dc3-96ab-743fd01a2300,
200,17119.3749,Success,5b72e979-ca27-49b5-a348-586044be79d0,
200,17231.8505,Success,4c57afc6-4ac5-4792-9667-c40584871c83,
200,17033.57,Success,2fcca524-4b88-4776-ae74-d8c1eb213f43,
200,17227.2824,Success,20970667-f06a-42bf-8638-77a5ccc5df4d,
200,17438.9379,Success,b5eff6df-abd0-4574-beff-12ef373b1d13,
200,17250.4865,Success,efb9eb2b-ce4a-4d9f-a558-ea958b8276f4,
200,17675.2842,Success,a3ff35fd-755d-4bfe-95f1-392c72274da9,
200,17495.4626,Success,be56e5a1-5f93-418b-b371-f449de6bc17e,
200,17612.6336,Success,f751248d-96a0-461a-9a6a-63f5ae254f9e,
200,17597.4686,Success,2ad9e6d9-a75c-4aa0-8093-93b618ce7280,
200,17734.1623,Success,424f415b-a06e-42b2-900c-d053bc5f5469,
200,17559.764,Success,c1c1f914-dcc0-43fc-893a-bc2963fa0db8,
200,17784.413,Success,f99b6c79-da61-44d0-84c8-497041167dae,
200,17383.0167,Success,6f791dff-634f-426d-ba29-8d5115600c58,
200,17499.4225,Success,5d9bc2f0-a5bb-40aa-b065-e743b163b45b,
200,17779.2323,Success,0ad20173-b2f0-4e54-8579-3e0bb47836be,
200,17845.4773,Success,4c2923a0-26f1-4944-96d6-e56a29d6c2a8,
200,18013.8686,Success,8a9b78fc-ceea-4faf-b020-6789e9fd69a0,
200,18191.7314,Success,c21978ea-6245-4180-a7e3-0c7ad18c2d13,
200,18272.2969,Success,4f88873e-43a0-4db6-8dee-c29000c28967,
200,18075.6156,Success,507f23fc-6ade-4ded-b626-d06a92ac7300,
200,18315.1912,Success,25d78cf5-7f2b-4126-8680-0cd05b5688e4,
200,18177.1854,Success,876f2a6e-a9a3-4e30-8452-f5f16863b554,
200,17920.8274,Success,bd721b61-b190-4146-8291-b26477ab6f71,
200,18000.3857,Success,916fe065-8b04-4d10-b329-9c37d5320a4d,
200,18093.8438,Success,803c3f36-4025-466a-8771-72f125061756,
200,18064.3528,Success,eb88c896-51db-4aed-9f25-905ef3458c79,
200,18285.2257,Success,a87f263c-e398-4ec4-8dd2-bafde0028c71,
200,18166.913,Success,e349e286-240d-4802-9d3c-a4243fe9dca0,
200,18399.1402,Success,68adf7d9-fa91-4824-9dc5-2669690468f3,
200,18208.4469,Success,eb402625-6f2f-4d52-8649-9f6e2adb9665,
200,17995.8192,Success,f34da924-7287-4620-8c85-a71cce30a067,
200,18373.005,Success,de0d1ba2-95e4-4ebb-a2bd-0d59ae911772,
200,17860.0692,Success,3917e47b-8915-4830-995c-4fba008f270f,
200,18358.0036,Success,ad5f9e2a-6975-4805-9de0-07ae627deb6d,
200,18396.7565,Success,eb5cc1f8-68f3-48ef-874a-27bcecc03f0e,
200,18490.1766,Success,1d3391d8-aa20-4feb-9c06-e0879113f21c,
200,18559.7855,Success,de81106d-39fa-47d6-82a3-ebbf34b2799a,
200,18529.1793,Success,b717482a-387e-4833-b7dd-61f0c644f849,
200,18720.0998,Success,55babdc3-d01a-4ade-beef-61dfbc4da124,
200,18450.7501,Success,136b54af-5c4d-466a-a81d-5527e3a9a28f,
200,18473.3585,Success,112418f5-0a9f-4168-a6be-2552a04d2592,
200,18550.9656,Success,8c29b43d-1574-4b5f-b341-13e71d44c40b,
200,18255.8782,Success,5b389c0e-af55-4eb9-a949-fb1da5604c42,
200,18332.1803,Success,532e30a2-b66b-4782-976e-41b5e6584205,
200,18520.578,Success,7faa855a-6dd9-4573-b122-44571f68530b,
200,18674.1486,Success,3cf03866-51c7-4827-86e0-77a6c840f2e8,
200,18336.0698,Success,d55383cd-699b-487e-b17f-40661a14d33b,
200,18492.475,Success,a6cbeccc-ad3b-44c9-8647-0fd069d3a1b0,
200,18351.0807,Success,320de76f-fe31-4643-a749-bf43a4a24db1,
200,18494.3502,Success,9ad079b4-6775-49a6-a3c8-5dfee1760111,
200,18648.7634,Success,b63992a9-3c3f-4f33-ba23-d491b02ea711,
200,18499.8953,Success,cb669ecb-2fb9-436d-8e1d-642a00bbf888,
200,18724.039,Success,4611f4f0-afdd-4168-8dcf-6f60a755bfeb,
200,18477.3633,Success,24bdd446-6368-4645-bdc2-32aeff705471,
200,18897.9765,Success,21951902-8295-4c9d-ae46-b12218b40ea3,
200,18824.4159,Success,a06da8d3-b308-44a9-883c-c65249a211b4,
200,19109.1704,Success,99daf931-75c0-43ec-856e-c44c1fcd1b76,
200,18369.5002,Success,11e9d32d-c12d-4d7d-8da2-c1af90baedfc,
200,18626.7182,Success,d973fc7a-6708-49af-8bc8-704fc57fd442,
200,18712.2717,Success,6be58458-6763-446b-8c59-d50ecf1116b9,
200,18775.7927,Success,71a1c096-0bf1-45e6-ba71-d6db9545ab26,
200,18868.883,Success,c4a66d90-8402-4364-9bf7-ca0dc5fbd9b4,
200,18426.9945,Success,a8f5682a-6739-4ba8-b6df-5a32d76ae0b1,
200,18906.086,Success,562546f4-7f2b-42ac-af3f-993a6d2b638b,
200,18790.8996,Success,3ca1d3e6-491e-40fc-9665-6b301532fc26,
200,18971.818,Success,0f1b047f-758d-4d0d-8c7b-504923afacf0,
200,19219.9788,Success,40afb07f-f777-4638-968e-b4edf476bf88,
200,19226.7153,Success,bff41173-36b2-48e4-bb1a-174cd8333413,
200,18714.463,Success,3ccfd22a-473e-4a9c-881c-5c8c35aa4fb6,
200,18480.5726,Success,cf1ce736-1df7-42a5-850d-f3f51d1a6bf3,
200,18738.454,Success,42ccba83-52de-4efd-94c1-fa731ee64fef,
200,19308.9583,Success,cb60a4d6-53d0-46fb-98aa-9ef68dd2ddb6,
200,18907.8606,Success,56214742-a4e3-41e3-bb56-829219319ad1,
200,18580.2547,Success,071be4d4-0399-4599-86a0-1fa5b9218146,
200,19022.3802,Success,a3929999-479c-4d9f-b30b-ccc6540efd3b,
200,19292.3795,Success,eb69fd16-ae4f-44d7-968c-117755c2c240,
200,19563.6572,Success,30ebe002-654c-40ef-bd03-bc1f3bb3c735,
200,19630.5904,Success,677b1ac3-3eaa-4cb3-a496-7feac82bed65,
200,19466.3532,Success,28eae82e-a764-4a1b-bfa3-2494ce792128,
200,19994.2431,Success,d56fa098-18be-4a52-b148-0d7cd1f6465a,
200,19583.4783,Success,72f09a76-c75b-45c0-9798-d90cc619e16b,
200,19442.0382,Success,dfe16a84-d914-49ec-a62b-5dcd3c74adc3,
200,19780.38,Success,c8d85361-e63e-4162-b098-0cfb23562e58,
200,19460.0272,Success,d41fd982-0c14-45c0-a4a5-045a5dcc6416,
200,19993.9917,Success,663041bb-1621-4b8f-9c82-996f70d4999b,
200,19631.4992,Success,25b1ef9c-1016-4d6a-aaf2-68cd4d6ea1cc,
200,19410.8272,Success,63566a63-8c6a-4363-9e3b-9e91bf6747bc,
200,19993.4518,Success,ea729705-a70c-418e-b0ca-53f104f97c04,
200,19797.6189,Success,61daafe8-0ad1-4d6f-99d1-f6a827474a0e,
200,19373.2628,Success,b8d971ba-bab0-4c33-9aec-a7714f4bc6ca,
200,19911.2497,Success,a81a061b-92dd-4a26-a4d7-783916ed4fda,
200,20033.3708,Success,6f163f18-005e-49bb-8536-573042ebb462,
200,19258.5812,Success,c33b9c3b-9665-428a-93c4-0ab3267ab60e,
200,19951.1677,Success,c1a27999-fadd-4604-ab9c-6a7b5a108605,
200,19340.4168,Success,33c59ccd-6735-4b7b-887f-8987bcbd42d8,
200,19758.3456,Success,3f64480c-07fb-4535-b691-4952db201778,
200,19521.6216,Success,51e23774-0089-47bb-ac6f-cf7b1e2406b7,
200,19313.6759,Success,562ef5d1-f134-459e-9e79-25a2b33f751b,
200,19414.1796,Success,c0329668-abf4-4a32-ba2d-d6057644c73d,
200,19653.8788,Success,dad62ff7-fe13-41a8-b91c-bb84cb4af690,
200,20127.3662,Success,0e47fe1b-d755-4fcf-8e32-a84be34a668a,
200,19664.6176,Success,c92255f9-76ff-4cf6-9c44-96c218fb3496,
200,20156.9687,Success,d23680b6-977b-44ef-8a6a-4e88783e986d,
200,19562.5379,Success,96104eeb-541b-4aab-a64c-e86a343d2a53,
200,19896.8055,Success,fadde416-7301-48b6-8ae1-59fdbca69fa3,
200,19866.4153,Success,9a703ebc-2ced-42a9-a55a-ab0db1353a1e,
200,20452.2237,Success,660fdab7-c52a-47b7-9c22-7e140aac068d,
200,19983.0136,Success,395242c4-5f3c-4756-9900-ddd0a85c5973,
200,20326.7603,Success,62ec8fc2-d9cd-4e14-b0ef-23506d5b8bc8,
200,19884.4563,Success,0f8c9c4b-1009-48d4-8f57-b368532cf275,
200,19996.2653,Success,c323ec77-4bf2-4eb3-be01-c199ee52cb20,
200,20135.6668,Success,a723a1c2-b2ca-4865-bf11-201b0b141950,
200,20006.5745,Success,b5e84dc5-c183-48b7-8b5c-b9649f4dd63b,
200,19802.2301,Success,477bf465-e2fa-4418-8a74-a87ec67a5dc3,
200,20217.9423,Success,91c20b6f-d1a3-4813-8b3e-5594c30ab763,
200,19729.4348,Success,fa0a1aef-70e0-484e-b888-c4a92424d107,
200,20205.7293,Success,7edc9ad6-9b6f-407e-9a25-1db73c4a93a5,
200,20282.2164,Success,36bbe381-71aa-45c3-959b-8b4a7b8be1cb,
200,20257.8968,Success,e62c6b39-a8da-420f-a01d-f93c43760072,
200,20366.4016,Success,9bbe7c8c-68ed-4779-8c22-66070b514003,
200,20590.9248,Success,a419bb62-0f62-42b3-bd5a-33e0f8a7d5af,
200,20499.4201,Success,179aecba-1ff0-44a0-8996-ff95d57a9c0b,
200,20385.1264,Success,824ad487-b568-465f-b08f-06fceae632c4,
200,20292.8502,Success,4fc407b0-54fd-47ea-b839-af78d2f46b46,
200,20885.5053,Success,a76025a0-3f57-4aa1-a7a1-c9dd6a4c4dac,
200,20957.9148,Success,f80df46c-0a36-42ed-b7d6-92c7807812ad,
200,20989.7016,Success,0c7ca58c-2237-4b6b-b5f1-ac94de1a6bde,
200,21278.6458,Success,b232d353-8f24-4ae2-8afd-c0ce299ebc51,
200,20815.5496,Success,0570d8e1-2e02-4273-a927-d5edd550bdbe,
200,20326.8123,Success,b88cbbcf-6926-471b-bbe3-786a4f94b17b,
200,21189.0176,Success,f4b5b6b9-ddce-4e3a-bae5-31615891a55a,
200,21218.5135,Success,fcca37ff-182c-483e-bf5e-373df340fcc9,
200,20740.5299,Success,14b65171-4fa7-414f-9e46-c96c541679de,
200,21144.8976,Success,08c1813c-be8d-437e-a40f-7a446c40073b,
200,21144.0903,Success,660c0dec-e246-4465-bf84-90d5bad8695a,
200,21123.3628,Success,2baae473-c0d9-4db7-908c-e1785c3ebec4,
200,21141.0334,Success,aa065917-cbab-4442-b9c6-e07d3b0131a4,
200,21892.4553,Success,0eb26898-82fe-4a13-885a-ac821315ad4d,
200,21935.2878,Success,2c526ed9-017b-45be-b5f8-cd9ada876232,
200,21144.9165,Success,4dcd17c2-aa96-4017-90a9-e2b276b9ae1d,
200,21292.8814,Success,eb0b4c1a-66dd-4074-9cdb-8e4118f34fc8,
200,21289.3879,Success,b36b473c-9353-4b2b-9b1c-8801e537ca99,
200,21338.4455,Success,0369987b-2465-4db8-ab1a-bd54bb2f1d7f,
200,21320.4085,Success,71526c68-51f0-45ca-a80c-6a4b73f0307e,
200,22348.0564,Success,a33d25d3-d69d-49e1-a2fd-baa83726bb62,
200,21452.6032,Success,5ce65e92-a5d8-403a-b8a5-9569943e5bee,
200,21494.7732,Success,e4df135a-d3a2-4076-a7a0-ff1d43d0725f,
200,21103.0129,Success,e1f35fa1-e712-4537-85d1-aac2a3bba919,
200,21317.7759,Success,baa47f31-a277-4e1f-a62c-c796bf0f0a61,
200,21681.1452,Success,03f219e6-b7bb-4b64-bc10-1b38dd55347c,
200,22129.5477,Success,1ff2ac30-db93-41ba-9f74-ef8fa96fa880,
200,22254.3198,Success,86d20248-7b4e-495b-957a-2071524a4fbd,
200,22167.7577,Success,0dd522b4-ec1c-49d2-aba3-cb0ab05f52a2,
200,21988.8847,Success,4c1505fc-a1c5-49a3-b086-b429cf4edc49,
200,22400.904,Success,01e1190c-e882-4079-bc88-049061694bbd,
200,22301.2474,Success,bab0105e-f9ec-4fbe-84d2-eacec38acc81,
200,22256.2878,Success,fb42073c-3889-471b-b321-46dee1e1d6e8,
200,22215.2862,Success,37584296-7c47-44d5-b6aa-5fb0058dbe6a,
200,22397.5466,Success,fc5e8a2d-fc3c-4094-a0e8-860ff54cf31e,
200,22439.1888,Success,06c3d845-1c8e-4353-9322-3db77671665e,
200,22697.9362,Success,9fdec8e4-3cb4-4bdc-b0fb-c7a70f786df6,
200,21880.7987,Success,c0f1c5f3-02f9-4505-a1a6-1e0f04cf4f21,
200,22553.858,Success,440d5b1c-ca0d-48db-9f05-0da2d4ee5d9d,
200,21669.3074,Success,3a1d5815-1b11-4653-b18d-61f3ef2ab0de,
200,22561.8793,Success,015ce1f0-769d-49c3-b03f-fcf96924b023,
200,22592.0938,Success,8c779485-0701-4733-958f-de037f59835c,
200,22555.5616,Success,334cd23f-0a24-4634-b240-dc3b790b85db,
200,22693.9968,Success,5b1a2aa6-8246-4c30-aebb-24439c9212b3,
200,22640.7527,Success,9c28688d-9e3d-4ec0-a4d1-453b78ba79c8,
200,22509.162,Success,c0556597-a062-47db-8655-42233183147a,
200,21800.0741,Success,5b0c2bd5-721f-4567-8275-2d5132cfcdf1,
200,21854.9616,Success,f787c2f9-7b2e-4e47-a54b-a4f2ece611e9,
200,23066.2847,Success,e42a318e-a89f-43a2-b166-85111385dd90,
200,22488.1419,Success,78236018-4b5b-4ce7-ad26-6264ab3def00,
200,22888.7676,Success,0b5aeaef-3993-47da-a3d4-4e14d5697731,
200,22732.139,Success,9468fcf5-bd5c-4cf8-824a-1d8b8f2712c7,
200,22635.5059,Success,a8e3ee51-8212-48c1-aaff-5b35b339d777,
200,22873.6182,Success,92699987-60e6-4fcd-9153-3fa3c19bbb82,
200,22890.9617,Success,28df5004-1533-46e2-9058-fb37454f20b7,
200,22907.7558,Success,1ee64494-4fb8-40c3-aecc-42a55dda1c7c,
200,23103.5437,Success,8ca050ce-cd5d-4136-8ae0-c4cbfcefeef7,
200,22664.1889,Success,09b6882f-9429-414c-87bc-851eccf1ea3c,
200,22771.6335,Success,7eb7a1ab-83a6-4918-a92f-bb8c35e9b35e,
200,22820.1542,Success,a9aa2950-e3d1-4a92-8f05-14d4a58bc5c0,
200,23453.4408,Success,58ebb311-b023-477e-bb8b-b78b1102a7f1,
200,23330.8558,Success,ad51fcac-5fce-4e4b-9f6a-d043cfb04713,
200,23413.891,Success,5b6be7fd-be17-4c81-a408-1439c76984ea,
200,23574.7733,Success,07289a0c-273b-4ef7-9fbe-e50663684176,
200,23792.2061,Success,edc812ba-97e7-4708-81c9-294b2f1c31a3,
200,23966.395,Success,d418ac78-89bc-4d4e-bd8c-f8068e8a26e0,
200,23543.9509,Success,993afc30-feba-4a89-838c-312a1b17a41d,
200,23313.6511,Success,0be18d1c-84f7-453a-905d-7efbdc4e097d,
200,23755.7277,Success,32610f9a-3298-45fe-b0e5-51da9c7cf817,
200,23693.2619,Success,cd68bd27-2fc7-4de2-95c2-ca0a58fd7a63,
200,23289.5097,Success,e06fd749-252f-4eb5-9cf6-444f8221996f,
200,23965.305,Success,6329e4bf-046c-43a7-bf22-2faa74c15861,
200,24044.014,Success,e0fde38c-b6f5-4b3d-ab4f-017af3583f6d,
200,23516.2963,Success,340fe419-f93e-494f-9829-d79d69e7c739,
200,23711.3338,Success,4f341b7d-71a8-4edc-962b-3a706cada8c2,
200,23739.6351,Success,42dcb15d-c88e-4bfb-b547-9cdd5e6d6162,
200,23722.4077,Success,a2e7344e-18a0-40ff-b752-8d8c8670f02e,
200,23846.3236,Success,a49b05b7-e59f-45ef-a5f2-1bcbbcd0451f,
200,23553.2593,Success,f3e0d1d1-029c-410e-9a41-d984d7f3778d,
200,23367.2339,Success,ae8c92cb-6e1c-4064-a77c-f0fb394982e6,
200,23848.4356,Success,c96797b8-9798-4132-ace3-90471f24c452,
200,23553.524,Success,f8240f45-55e2-415b-a4f9-a98cb9ecccef,
200,23932.8453,Success,b49a9ae1-ecf9-4138-9653-185f2655af14,
200,23458.2233,Success,4754e644-f900-4390-8134-42434b7422e5,
200,23548.3945,Success,d9127433-5e50-42c4-81be-1b672343273b,
200,23975.8717,Success,b3b04bc0-1d29-4fbc-8897-8f12407cc94a,
200,23653.669,Success,f50da06d-2004-4c4c-8f84-ee54723d144e,
200,23195.9121,Success,e412d73f-f2d7-4c59-977a-beaa0c008cdc,
200,23687.3869,Success,7020aecb-6c90-4936-9834-a8258b067ba6,
200,24293.7296,Success,7bd550d5-17a9-4613-b6a6-9f6ba0b0d522,
200,23294.059,Success,67161340-fc67-49c1-870e-d7568d025c1f,
200,24318.1321,Success,1ee81918-6a9a-489d-aa35-90cf7a53587b,
200,24005.1304,Success,c6e569ff-78f6-499f-bc3e-e5e9313e307c,
200,23625.1851,Success,4b7f819b-70be-4d08-8ce4-d1c4a57250cf,
200,24483.6239,Success,facd0d43-5ad6-41ac-ab1f-9ffde199f1b5,
200,24616.5693,Success,c39166a2-3534-4e32-a3b2-99d5b22fca9c,
200,24353.8546,Success,4acc2044-46d7-4f0f-8c49-30e659b1bbe5,
200,24862.5154,Success,b26ae7bb-ca3e-4f98-a7cd-65a54c0ddfbc,
200,24593.1775,Success,a792305a-a6f6-4d92-8260-e591f47c257c,
200,24645.1393,Success,500dd251-7c1f-40e2-9cb1-0bbe23f16a5a,
200,23642.1645,Success,07c8d120-6bc0-4783-9ebc-a3259a13c75d,
200,24409.8619,Success,0031fcc8-e547-41f0-97f1-9aca34e7df87,
200,24797.0452,Success,dad0c2e0-a57c-4772-9c38-84d29e477297,
200,24555.2952,Success,fa923e8c-73a2-486c-aae0-f415193722e2,
200,24150.7245,Success,5fbaebf0-835c-498b-bd5a-10a97de9ad49,
200,23791.3251,Success,c181564e-8467-4f20-b08e-eaea0d9fb667,
200,24815.4089,Success,56f6afab-71ee-4e47-96d2-572a6e66a499,
200,24260.5233,Success,581a540c-a842-4a3d-82aa-3da5a9220760,
200,23777.9274,Success,9a378bc5-d39f-452b-8973-e86e7a819f24,
200,24955.3708,Success,486adb74-ff22-4af2-995f-e7d7e6ab16d8,
200,24804.8027,Success,c3883cfb-4f81-43b0-befe-e8942c87e2fa,
200,25089.7011,Success,ef22948c-5e3b-49e8-a89b-644a8e94074f,
200,25062.3375,Success,debec22b-7851-4534-876b-bf8d8220061e,
200,24921.3813,Success,7d136480-161f-485c-ab91-87b3135b5fd1,
200,24316.2825,Success,769df846-8d1e-4e59-a6aa-3931dac08c81,
200,24875.508,Success,efd5d936-8672-4133-8375-2bf07481bb8b,
200,25242.2767,Success,19dff90f-5e05-4af4-b520-1adb049c9f3e,
200,25321.4902,Success,ef463dbb-5555-473c-9fb6-2d4a967212de,
200,25108.8445,Success,1989dda3-af69-4d0a-981b-93d8fa48d30f,
200,25024.4501,Success,fbd48cd0-1583-4153-a326-b8ac72f4eb4d,
200,24883.8064,Success,fa7f0a23-328e-4b7e-a1a9-d2c67fe71a3e,
200,24930.3753,Success,c8c40563-8f45-4b0a-8b06-de082cac2175,
200,25222.2608,Success,c9e1c17d-7d35-463c-8d95-e95f9c07c933,
200,25200.4163,Success,1b04f93c-8c36-4be4-9245-7101e7230da7,
200,25361.695,Success,98ecac24-b567-41a2-8a03-7426400a808b,
200,25044.818,Success,dc94b269-cd3a-43af-9629-5a415bf0e49d,
200,25224.5595,Success,cc2e75cb-1885-4258-a9bd-0c76b6ee01ec,
200,25097.5324,Success,5f238fe7-9dd8-4836-b9b8-240c9dfb8f72,
200,25308.6871,Success,01da7641-10ff-4e30-b218-a40e1f3f3a35,
200,25047.2792,Success,26a238cb-55d0-41d6-92ec-b423cd4e3219,
200,24845.5874,Success,8edfa9f8-d494-427d-bfc3-2952ccf32e16,
200,24624.1151,Success,098e5f78-e61f-4911-baaa-0609f04ff3b0,
200,25451.8109,Success,f830f1c6-18f2-4ebf-b08e-e1a8344496f8,
200,24667.4189,Success,914a0b6b-9172-4499-9bc9-9e841708863f,
200,25681.077,Success,5be07bcf-7be6-4d19-8ee1-487bd9498b6e,
200,25237.1941,Success,7fcc75f3-70c2-4f29-ba23-fb71bf73d96c,
200,25493.6509,Success,35a1d1a8-d4fa-4f22-a409-dad3ca38fcc4,
200,25704.3714,Success,0cb742b5-fc18-4bef-a2f2-a04f8fdfdadb,
200,25016.7907,Success,64b092f5-3bef-4f15-b1b2-15b565468753,
200,25814.3416,Success,442e6cab-fe10-43b8-8e4e-8bd2051ef450,
200,25590.039,Success,65c35631-1191-426e-97a1-680c71db5d1a,
200,25979.82,Success,c0307d13-c5dd-481b-a29d-c8276597c6ca,
200,25051.817,Success,0d26416b-e4a0-4c71-a168-dda301100f84,
200,26003.6933,Success,d7a6e14e-d075-43b5-9390-c117c88440ec,
200,26223.5933,Success,88dd216c-bf91-4999-a1e2-5dd41639f5c9,
200,25991.7245,Success,da9ae29a-3256-47c8-a27e-23470fd87b27,
200,25959.7626,Success,ec5a6d3e-75a0-420c-9def-03c275fbb434,
200,25856.426,Success,96f180e4-00c8-43c3-8003-3561942ad96a,
200,25681.405,Success,1208c0c3-edc1-4983-be97-64963ab9d2a8,
200,26104.369,Success,f40e958c-03f7-434b-b59d-a2b317bd137f,
200,26375.3504,Success,2185f186-7216-4fa2-8da0-3dda05cd06c7,
200,26339.723,Success,355850bb-c927-4442-afb4-e35ab1f88137,
200,26097.7375,Success,ddda8af4-1ecc-4725-b6e4-46f8f96cfb67,
200,26070.9808,Success,b3527444-7b7c-448b-b034-c421a1fa56bd,
200,26050.8187,Success,e78ab149-523f-4ea1-9555-5ea2e8bd9bab,
200,26098.3733,Success,38c07e19-bde7-411c-bdfa-ba021102cb32,
200,26207.7444,Success,e54f2719-e6a7-45dd-8df3-eea4f07fcc58,
200,26189.1095,Success,7645de19-67f4-408c-a4bb-70f0ffa5de54,
200,26318.8114,Success,a3d5dfe2-6586-4d21-801e-346e3b0e75dc,
200,25384.7158,Success,47148e1f-3486-4424-8442-abc4d06ab7bc,
200,26976.2781,Success,f598d04e-aba1-41de-a7fa-69a918cd6919,
200,26000.0099,Success,c04fb3f9-b5a2-44e3-928d-ac8140d642c4,
200,26181.5392,Success,9f344eea-a25a-4139-a797-b07fbfd24da2,
200,26115.1158,Success,ad188da9-330d-4f00-900d-385db379f4a1,
200,26293.4151,Success,b568e2ed-315c-4e01-89d9-83be2b91aadd,
200,26061.6411,Success,6f94fd6e-7085-435b-abbc-249849e88832,
200,26528.9255,Success,858715b4-0c05-49aa-a848-f8c0586675f8,
200,26050.7489,Success,77074229-0d92-49cb-ad7d-9dfa9ef06ec5,
200,26280.9382,Success,e78b8763-4279-4361-a202-301ea73bb003,
200,25597.7772,Success,a0745fa6-1b17-4eba-9096-36f405d6412c,
200,26434.6761,Success,69293d6a-36c3-4420-b4de-33ce1c911309,
200,26381.1957,Success,6905de33-6235-438b-9589-25450a551971,
200,25570.1254,Success,b8f44c5b-a09b-46bc-8bee-58891d767af7,
200,25960.1884,Success,08e78094-aeae-4ea6-9edd-e579cb31eb0a,
200,25926.4573,Success,8664cf04-6134-4454-acf8-ab853ec10ccb,
200,25553.2956,Success,8d4f90fb-2a97-4c45-9c6f-a65969b2e347,
200,26474.1096,Success,aa056978-6ea5-4652-a4f0-f9c1b7b3b7a9,
200,26444.9997,Success,973ad73a-67b4-4f0b-9b78-aa7fa4c38ea5,
200,26948.1646,Success,f10c75cc-2bf3-4e39-85ad-562edba97d7b,
200,25764.4595,Success,86c2675a-4908-47d5-9798-4283dd4c9887,
200,25705.7387,Success,f3da62e5-13ec-48e8-9006-eb5f5f8c4ae8,
200,26418.3548,Success,6ee8e6a4-6232-49d5-9171-256551a0b6dc,
200,26170.1962,Success,3a285783-2019-4789-8d88-4fb88802313d,
200,25362.7984,Success,9b9566a6-dc13-487a-81a3-8b9b1ab49a99,
200,26551.4747,Success,e77fcadd-7d1e-4c01-a1c3-e9ef03c0b3fe,
200,26708.1348,Success,ddae3594-58ff-4084-a2fc-b4892dabb726,
200,26238.7586,Success,d857ab21-de89-4448-8f8f-37f1c7b59c69,
200,25819.6312,Success,7d19a848-6a35-4d1c-902f-344c456610b3,
200,26015.3435,Success,15a44e07-8b2d-4e7a-bf6e-225403233949,
200,26843.5465,Success,c788192d-5286-4561-b79b-7b38a864fd96,
200,26963.0878,Success,5f3e6854-8202-4e05-b745-af410267193b,
200,26001.7207,Success,9b8e225f-e134-4265-80df-c974d37c4d7d,
200,26622.3536,Success,a2c43276-7850-4103-b7f8-bc817b8f1944,
200,27042.4115,Success,0dee472e-9c09-4e85-8e02-6805e73910e1,
200,26114.8752,Success,d205afc1-06d8-41f8-9708-e58f43d105fd,
200,26123.3955,Success,91ab6dee-9f9d-4d88-be63-f050077c4ab3,
200,27001.7038,Success,2d1bab5a-1661-4019-a3a0-2b3fb03f3054,
200,27002.0337,Success,189c1b0d-1363-4f6d-851b-af25528a03c4,
200,26289.5647,Success,be0f06f0-ed49-43ad-8d2a-6e19f39aa677,
200,26364.2174,Success,bd31a4c7-ac5c-43a4-a914-af72af572222,
200,26483.5146,Success,fe9dc4b9-9e81-438b-a607-7672824e9f1e,
200,26696.7134,Success,bd537ac8-d450-41e5-a09c-93113d4e0c01,
200,27143.8618,Success,23285dbe-ba38-41b6-9669-efa1e2b487ab,
200,26896.2434,Success,c3912251-bad6-4fe4-8201-d4519e14c338,
200,27210.3311,Success,dbecb0f8-8181-4fe2-8e0e-4515cea472d5,
200,26854.7873,Success,5ace253d-5857-420d-baf9-eea8ab22542e,
200,27076.0036,Success,8f6a3f6e-4940-49c5-93b9-291d1935aced,
200,27177.4638,Success,f63f1d58-992c-4d10-a861-ce21bda67556,
200,27124.6412,Success,9dd05a59-641f-4617-abdb-644b6c4f282d,
200,27331.251,Success,7513b1e2-9bfb-4781-9240-01d9d017f0c9,
200,26956.3288,Success,9ab2f443-6835-4c00-a650-40880bb64b63,
200,27344.6479,Success,1abc8793-1751-485b-9a20-4ec84c62c50e,
200,26689.1325,Success,d39f0ca0-7f50-47d7-b5a6-fb232d873a0c,
200,27206.1755,Success,c2f77f0e-749a-4b7c-a872-6fe5e4896ea7,
200,26839.9547,Success,a8af0152-4bed-4fc4-a419-5fae86953f0d,
200,26417.0402,Success,9d39298f-17a1-4515-add7-0a3d87fac590,
200,26902.3683,Success,19fd1779-66f1-453d-a12a-045ac963e52b,
200,26994.6011,Success,5610872a-6af3-42bf-817e-529ca4af8fdf,
200,27388.2078,Success,b6878de2-9c46-459f-b01d-df606a6b9e72,
200,27626.5337,Success,24b5a14d-7a34-47d0-9be8-e185bead81d2,
200,26755.1984,Success,5d39d3ba-2d98-4ba1-90c8-3cdf259a313e,
200,26919.5813,Success,cbbeff2c-bcdf-4fd0-86b3-25189b5ec874,
200,27506.8448,Success,8e7cb68f-65c7-4de2-bfb5-ecc9e53da5e1,
200,26852.0772,Success,d519a426-4df5-44d8-b8f8-1f7c618b1afe,
200,27743.3377,Success,76e097b6-fd46-4b10-9724-9be0c682ad6b,
200,27184.5884,Success,1a22c6f6-fef0-4fde-8a86-232ec4786f86,
200,27185.8813,Success,009dbbdd-4c53-4f50-99b7-d491fc751179,
200,27751.3966,Success,fa79b834-ae18-4d89-8a2a-8c2905ef8ec8,
200,26032.5715,Success,eee24c1c-60c0-4651-a5dc-53492f6cc0bf,
200,27617.6445,Success,57542b02-335c-43c1-a6d2-26660cf8e5db,
200,26845.8614,Success,bac2255e-43e8-4d73-997a-3337d4f88037,
200,27788.8637,Success,5b30584e-6efa-4359-8d6b-1dac172247da,
200,27258.8785,Success,3db3f8dc-56ff-400d-bb5c-de4a9e35e7be,
200,27374.7116,Success,07ecf9de-12ac-4a6b-ab91-a829238728f7,
200,27339.5848,Success,fd6f3551-99b1-4512-a4cc-a56b70acb26b,
200,27123.2109,Success,3383f8e6-4051-4164-b771-f6b4dda9560b,
200,27958.7725,Success,76aebc89-e34b-4bc4-8e69-2a45cd44d7fc,
200,26508.3175,Success,eea73ff8-1d1f-4814-9157-dd6f61cd67b1,
200,28005.5163,Success,c7c54f13-db15-4af5-8cc6-b311b8fae50b,
200,27629.3705,Success,10219602-a2fd-48e7-863d-3b11b44ba86c,
200,27575.6102,Success,171a2cec-40ac-40b0-be0c-1650160ed41d,
200,28226.3209,Success,d32b3e0c-7712-49a9-9f54-6c4ea6d20402,
200,27651.2037,Success,461084cd-3900-400b-b5d4-d1969a25a43d,
200,26685.7239,Success,67c31032-9bf1-454c-96d1-7ba9d3e3803b,
200,28416.6899,Success,f9cfb1c0-1d8f-4457-8523-2cf7b26892df,
200,28435.4388,Success,0cd87104-f347-4113-832e-ffd2417ce631,
200,27865.3026,Success,648dd6ac-f03f-4edc-b28c-ff6eeec77be7,
200,27602.3992,Success,4aaa9c9b-e5db-46d1-83f3-7c4f8e192a09,
200,27956.6622,Success,83c4ba91-95db-41af-9a4d-641f03f3ee61,
200,26776.4848,Success,f5902719-74f9-427c-b4e6-b3d5f3cfd50d,
200,28365.9839,Success,76e41983-5fe8-498b-8578-a5deea719c0a,
200,28073.6976,Success,5352917d-ad49-41df-aa19-bec937de2c02,
200,27870.7743,Success,3f40eedb-aae0-46ae-a120-073b67fd0375,
200,27983.3104,Success,1787aa88-db0e-42c6-aba1-86b2cce079bf,
200,28038.2218,Success,c27dd3ae-20d2-45ef-a3ff-d2b7d7a1b58b,
200,28063.1993,Success,abb57e3b-73f3-4c17-af61-db8b0d8d8ab9,
200,28189.6303,Success,d1c284f4-25cd-4200-9946-62c90e28c7ac,
200,28183.6271,Success,02b9acc9-537a-444f-be14-f0b42149ea77,
200,28617.1255,Success,8ccaa111-961e-4a10-877c-15985af1f073,
200,28103.2151,Success,03c40112-83e3-40fc-8049-582daae17a8c,
200,28109.7463,Success,35eff2d9-479b-47e8-858c-cea2956e68cc,
200,28220.8845,Success,5cc2a172-c544-47b5-a2d9-3b3a3e5fcdfb,
200,28574.4389,Success,6599e265-0144-4e3d-9193-337a7befff37,
200,28401.1932,Success,1b68f353-7563-4541-8a90-24b272197397,
200,28434.2481,Success,115494d2-e64f-4c7c-b3cf-ffac84c1181c,
200,27513.7865,Success,7b5a8dd7-6d69-4cb8-ad37-ce7f3983015d,
200,28520.9652,Success,b1326812-a788-4c80-a749-52b28919b425,
200,28741.1434,Success,02ad175c-2277-42a7-b615-a9889593bf66,
200,27567.2429,Success,bd86344f-dc28-4806-ba13-143f39b354d4,
200,28681.9716,Success,547769e9-59f5-4c5d-9206-22ffbf8c48fc,
200,28618.3501,Success,efdbd192-f678-44fb-b1f8-884ba01be335,
200,27713.2231,Success,0ed6da73-c1d4-42bb-bea0-48b2daeb00fb,
200,28884.6032,Success,e06cf73e-f8a4-47e7-9742-e238facedadf,
200,28982.3238,Success,c8a14f1c-7e03-483c-8b69-2b9a9024c842,
200,27764.1979,Success,e87e9240-f578-4462-b898-1f3f567c2c92,
200,27862.5735,Success,1227b23c-8fa0-4826-99bf-7dbba2d5b497,
200,27830.4598,Success,3f2c6798-9563-4388-a632-153abaca6965,
200,28983.3924,Success,9b0a4553-560a-4f35-afd6-46622d1b8455,
200,28865.2196,Success,f8819d06-36a3-4451-8e19-4fbf56bc933b,
200,27778.054,Success,7a7d3dec-d215-474f-b391-850485e104b3,
200,27968.3997,Success,d7e01821-c85e-41f0-9b3d-13cacf33c8e0,
200,29009.6721,Success,364a5e6d-f2af-4dd8-94a0-d71821512382,
200,29202.4937,Success,d69fa999-f7ea-4590-b789-3428479ee6ed,
200,28018.3298,Success,e6fdb428-205b-4748-9619-26a2f8ff9cef,
200,29124.0088,Success,f49a2373-efe6-43ee-a54f-73154c2b6288,
200,28055.3574,Success,7c2b04f6-9ff8-44d7-8d13-b0855475e6c7,
200,29409.5446,Success,ce648b49-5038-4bc8-b5b2-9d89aecda925,
200,29259.2262,Success,832df987-1626-45ff-9047-56d991f66bd2,
200,29312.1815,Success,175a7b04-97fc-4494-85ee-4d59c202d54b,
200,28094.1759,Success,66c3f608-ded0-4649-94ee-5707079b89a2,
200,29222.5039,Success,add7544c-e21f-4e53-9b98-b990bb436ada,
200,29396.8127,Success,23012f87-b306-4b8c-bcbe-3655cf7491a4,
200,28143.3659,Success,c79e06f4-2458-41c8-a169-602faf48e1eb,
200,28116.301,Success,22c32523-ecf4-4c22-91b1-4b3b8fb3584f,
200,29622.7525,Success,d5d9f09a-d93c-4541-b40d-e39ef873f071,
200,28312.9881,Success,a28e3390-83a2-4fdd-9cca-5f15e1b4612f,
200,30034.9753,Success,c6cde6fe-07ff-4dde-9037-6b24bccaa7f6,
200,29582.2211,Success,81d83136-7dc5-4979-bdb7-1f264b9d9616,
200,28419.4385,Success,7e9913d2-715b-499a-8c81-4666bba9fb8e,
200,29771.9567,Success,a65c283d-328e-49e0-aae3-f58a560e9127,
200,28572.5156,Success,ad2627bb-693f-44c6-862b-40ca4df1eb78,
200,29765.8756,Success,79070935-ac70-4c0d-a82d-6ba375c00192,
200,28694.9837,Success,0bf7600d-8a16-41ec-ab77-3ec1cdebcba2,
200,29528.6997,Success,77c12544-a3c0-42cd-bec1-f24cc3748eca,
200,28672.9209,Success,dc960bf9-ef22-40e6-99ff-ce2ee0afb8f9,
200,28874.952,Success,8d07226c-edda-4243-a69d-76ad256a0078,
200,28940.7183,Success,5b08c5db-8b08-420c-b3a8-6c42e7ceda8e,
200,29887.8652,Success,520818c9-a27a-418c-825e-5eb138270432,
200,28917.6353,Success,ff8bfbce-7127-416f-a500-819a0de4107d,
200,28937.2652,Success,149dc2b7-da04-4001-b9ce-d9f2228a01cf,
200,28941.8681,Success,4ca26990-4179-4309-9925-f00e83699427,
200,30041.8849,Success,abdcc6c1-63a1-4fcc-bbf2-2d5b558be9b7,
200,29068.4265,Success,b92db4b5-5f13-487d-a95d-307a169cf470,
200,28970.4955,Success,00d01f48-3459-4a38-be93-2e77f03909b9,
200,29405.6538,Success,e69aef9b-2500-4110-ab31-9f7b4c4a123b,
200,29065.1881,Success,84249611-b0dd-4990-81e3-685693f4ba52,
200,29143.9563,Success,8a2214e6-81ed-49a2-a060-08e257e09a13,
200,30454.8753,Success,c7cb9d36-c84d-46df-886d-87e9d7786cbd,
200,29236.2862,Success,c0fb4fad-7f9a-437a-8408-ecaf084b3266,
200,29242.0575,Success,7cc28922-320f-4cb9-822a-75d165ea054c,
200,29306.569,Success,ad1e9348-6f80-4802-aeae-2622f863ab64,
200,29391.3764,Success,29935653-fb1b-4e06-b280-8b03cb06bfd6,
200,29384.1801,Success,05f48173-c9e9-480b-953d-9eaa4a383884,
200,30424.8223,Success,8da3fe11-1a67-48a5-be17-13f6a4fad994,
200,29312.8015,Success,46fcb92c-8be1-423e-992f-660793262337,
200,29379.9784,Success,ab039fbb-dd81-4f43-8b9f-3bbc02aa961c,
200,30947.0366,Success,a376188c-f73b-4fe6-b187-57aebbb07826,
200,30590.5859,Success,f2875896-94a0-4b1d-aca5-b7abd8ac890e,
200,29462.6605,Success,c1769aa8-811f-4fcf-acab-0619ceb3540f,
200,29407.3145,Success,313f913e-316c-48bb-b6ed-c40a23011cb6,
200,29516.9698,Success,7bea5af3-8670-46e1-be31-4e468fff02b5,
200,30695.2584,Success,45cd6783-6daf-4307-8c4d-94a7a37bc27d,
200,30686.9874,Success,fecb6605-43db-479d-af78-4a26ed3c6460,
200,30738.5291,Success,e6214a1e-62ee-40ce-b24c-dc1b6b83f78b,
200,29688.6969,Success,259c1b73-a8b6-4da5-969f-7ee33d29b4a6,
200,30731.9887,Success,9082e632-4870-451c-8681-db5d269d9b24,
200,30799.4903,Success,45b30ba0-eeaf-4222-8c62-fd0bf6f99396,
200,30769.6424,Success,11f2c1b5-3e4c-4cfd-a67a-1a5ed8050f6e,
200,30881.9427,Success,816c5dc9-0e58-471b-b4b6-c9cd1558d35f,
200,29773.5754,Success,d2d6863c-6a38-4da8-928a-48ce5c78e38f,
200,29769.3551,Success,e53a7c23-105a-48ba-a5ce-374080a630d3,
200,29775.3917,Success,aab58fe4-c628-4901-b0fd-94dff02c4670,
200,30792.0437,Success,5ffe8cf8-f4ca-4a79-8f85-6de5a9dcd065,
200,29727.9865,Success,6eafd218-4f74-41e8-890c-89e26d334883,
200,30983.3616,Success,812295c1-f07c-4564-b975-1bdc502b1b33,
200,31049.7761,Success,097a028c-0bce-4727-9cbc-890f9d0d3f70,
200,16542.4131,Success,f574b8b1-9c71-4281-afb9-2ccdb2325d66,
200,29951.168,Success,2374eb70-a8b5-4986-9267-fd02516fde56,
200,30024.4933,Success,3ed77bbd-eaf6-460c-8882-90e83c3bf0e9,
200,29890.1137,Success,cdb4b09e-0d6d-43c5-98e1-5c1ab9d99ef2,
200,31287.7925,Success,2450b03e-99f4-45f1-bea4-a44f2afae07a,
200,31242.1168,Success,53644f63-0551-410c-935e-8b439c326bd7,
200,30165.1452,Success,3d9159b7-3fce-43f1-8ec7-2f2353e2b084,
200,30999.1145,Success,affbe736-185a-4f23-8b1f-2e7f2b6a02ee,
200,31026.9078,Success,bbee4a62-c6f7-4f5e-ba40-a2e76ec2ff74,
200,31299.837,Success,e12807e6-c02a-4acb-a0cd-ca4d380c7347,
200,30140.9276,Success,ed00f78f-e32e-412c-ae02-ff5020af4379,
200,30258.3323,Success,21cbe5f4-03e5-4b88-aaf6-d6c5fa64c98e,
200,30179.4994,Success,2471cc75-a529-446c-9bdf-6d996e68d2a4,
200,31300.4928,Success,6052939e-7824-4bec-9f3b-a8c6f4a5448d,
200,30238.605,Success,6835f722-6a04-42ac-9137-2adc8a74c1cc,
200,31110.9047,Success,df8dd355-b4d1-4baa-80f6-d289e912e1ba,
200,30262.2737,Success,0f93c6f4-8b8c-418d-a01a-b516dfeb6af9,
200,30203.2615,Success,18ae40fa-7316-43d4-944a-9b9e1150d69f,
200,31517.1183,Success,fbfe940e-ff41-4bab-8aa2-583d15daea7b,
200,31675.4087,Success,684b94f8-dc6b-4b10-8ae7-4a8e2dd9f625,
200,31475.2168,Success,3697ecd4-82e8-4466-ad37-a0d25c7d0eaf,
200,30410.5839,Success,39719a79-4edb-42f3-9ffd-f6d06c5ab66d,
200,30535.2715,Success,0c362bb1-83d6-444c-b24f-3ff1e9e9766e,
200,31328.2671,Success,fc60a442-f31d-43dc-a998-fb04ed3cce87,
200,30498.8075,Success,b939eb98-3878-4b34-a158-5a32ad6cd15f,
200,30515.5537,Success,f2537890-06e0-4f43-9172-376e05d6a96c,
200,30493.9638,Success,6289c6d6-083b-4641-91fc-27533bc0e3d6,
200,30556.1411,Success,340cec01-7a13-4745-aa0b-c59af2d148a6,
200,30539.9878,Success,af99fcf4-0924-47a9-b337-8f353f4066f3,
200,30474.0782,Success,612ddb20-0ade-4ba4-963b-cc986a3581ec,
200,31790.7101,Success,94d02a4e-d9b3-42fe-a4b7-9a0b8a9cab4e,
200,30651.7545,Success,6aa2fe6f-1dbf-4216-ae5d-ea2a2575e6f7,
200,31477.282,Success,2d4fdd9c-b313-4160-88a5-cbef97a42fd3,
200,30574.9134,Success,d5b0342e-ce05-4b39-896a-c04f9bcd07e5,
200,30580.9143,Success,13e5f052-e75c-4ff5-9987-072dee8c7184,
200,30652.6123,Success,ad406046-6497-4d06-8733-1c64b364757b,
200,22322.759,Success,be3c8c6f-4ee3-48f5-95d4-bbeb5cae3f69,
200,30650.716,Success,9d5b7329-14ff-4f22-a264-d533a44bb2cc,
200,31540.5389,Success,7ade2099-fb4b-4117-b58a-25348c3ce1e0,
200,30690.8625,Success,7fcd6895-4fc3-464c-a1fc-9f656ddeef4f,
200,30658.9974,Success,699e0940-b266-4742-ae83-daa64c4cbd58,
200,31584.1587,Success,844f3678-6889-4070-8a30-f4d85550f6c1,
200,30748.8764,Success,1f033929-af14-45dc-9dc7-44ddcab1c54c,
200,30821.1671,Success,33c7629b-bb37-4a34-8d36-6de8e77590be,
200,30944.1057,Success,4ba85139-ef9e-4469-aa21-4e6e7bbd72b9,
200,30905.2664,Success,d9f869ee-13ca-40cb-930d-898ea79ca783,
200,32075.0544,Success,b1b18684-e65d-4fc2-876d-fbe4fb22c7c3,
200,32007.9251,Success,0fd40628-bf80-4646-a692-85c30d46efbe,
200,32109.5862,Success,dca168dc-5611-49b0-9a9b-27ca73316c05,
200,31042.2897,Success,403cb4e7-0e24-4b94-88e3-59648b2f38d9,
200,30975.4421,Success,72b144f0-3541-4b9b-8939-077acb2ff56a,
200,31071.0905,Success,f89a78fa-fb02-44b1-aa1e-37db02cdaf8e,
200,32121.2982,Success,a582d1da-bdb4-458c-9d7c-f2b76de165df,
200,30997.7559,Success,8be648ac-dee1-4e0d-8dcf-d5bfbcc3d574,
200,31140.9126,Success,1bba53f4-1d60-40a4-85c5-8bd89232fcfa,
200,32148.7788,Success,a851c525-e684-4b4a-bb24-4de04df3ea05,
200,32100.4372,Success,9fcd9ac9-1c99-4a63-974f-867513fb211f,
200,31161.7378,Success,385e876b-a5fb-4949-a1f3-afaf8e7c1c5d,
200,32036.4281,Success,49549a01-350b-4894-970e-85779739c4c7,
200,31988.0766,Success,198fa45d-d94b-403d-9065-2a9afc7056aa,
200,31174.4082,Success,572e4654-2a91-4c4c-bdeb-3ab3688412f6,
200,31218.2709,Success,73e95ddd-44b2-4bda-afc8-fda471a59f88,
200,31174.2234,Success,b4fd4cab-3635-4ff1-8877-dff469adea3a,
200,31250.8398,Success,585c9abc-2c1a-4b6d-aebb-319ad1ec6c68,
200,31259.0127,Success,7ec74094-d7de-49b4-b156-501f020c4677,
200,31276.965,Success,24ebe3a4-a88c-4713-9d22-6e7fd0e944f6,
200,31278.2611,Success,9a15b2a3-a5f5-4607-aec6-7e9897bbb4df,
200,31231.8469,Success,fb5b6f6b-3da8-4fde-8155-affbe1290800,
200,32331.1038,Success,f3e7e030-70e2-4675-8658-2466357726cf,
200,31311.8759,Success,429e8dc0-4c93-410f-89fa-ad9c271e354d,
200,31329.2904,Success,c1da1e2a-de9b-4be6-a30c-179c64ce2f92,
200,31339,Success,69858495-0bd7-46e9-802d-bdb68cabcbde,
200,31289.3377,Success,bda3fd0c-49de-432b-aeba-dbd9c5526ddf,
200,31350.1255,Success,063c9e54-108d-4504-9435-6eb4d5e4d77d,
200,31303.8019,Success,bc13dce4-fa4f-4720-9b96-95111fda2068,
200,32393.0802,Success,9c1daed9-dd2d-4262-9b58-f5569dda5218,
200,32491.6476,Success,e18bac62-ac1b-4248-a6c7-30c8ef0e737c,
200,31391.569,Success,9edaab6c-233e-4ea5-9dce-974ed4e9162d,
200,31320.6028,Success,f0f2e418-c8be-4216-b2c3-3ac0530f9e16,
200,31624.6451,Success,23cd86c2-0e70-4c75-a402-9cebd21756ab,
200,31358.1098,Success,70844f79-ff95-450b-bd0d-fbf2dfc9aebe,
200,31443.4925,Success,d87410fc-0273-4e05-b788-604a4efaf3bd,
200,31299.0531,Success,1e8b6a18-7211-4568-86ef-2412946d7548,
200,31379.931,Success,6d247645-0c43-48cb-a163-54ae54dee6a8,
200,31401.306,Success,e1eda68a-068d-4555-ac41-e3d6d3819fea,
200,32400.3202,Success,339f1fcd-123d-423d-a5ba-96ee95e04eb2,
200,31450.4588,Success,57b03eb3-fb8e-4698-8f99-29f21760fae9,
200,31373.059,Success,fd465e03-bc31-4c25-93c8-a743da6a1b61,
200,32420.0622,Success,94d4c8d9-934c-405d-b4da-54e14d2c6e1b,
200,31310.5094,Success,28cef3c3-2cd3-4fa8-aeb9-71fd4240ac20,
200,32362.9254,Success,f4d0303e-cccb-4768-81f3-4a60cd79d312,
200,31438.3223,Success,c5535b89-f555-46ed-8ddd-96f036f91559,
200,18073.7193,Success,27a646b2-a6b7-443d-904e-0c37743ac7d4,
200,31566.9293,Success,23479200-57e9-4404-9d0c-8ab4031e080b,
200,32364.109,Success,3c62eea1-09fc-4cd5-810b-393397ee9062,
200,31464.8873,Success,d4aa2239-9c3c-4280-8e00-a7ba5d82a1ad,
200,32795.4907,Success,d777e3da-e7a2-4276-a12a-6d8f6fd098ec,
200,32412.7267,Success,be2b0f86-1a93-4bc8-a959-ece48d685854,
200,31443.1012,Success,85ab7c03-8541-473e-af2e-23207b280b50,
200,32628.3472,Success,c57a7a3b-f577-46a4-86f9-f8f9117b79a4,
200,31598.3674,Success,f340d2b5-1c38-4e4c-bf2a-d64be2a70ad0,
200,31546.0906,Success,c8e54bd1-5862-4bac-926b-9b4b5c626ef2,
200,32474.4369,Success,237b04c5-7c35-448e-807d-b2d26013edcf,
200,31516.6031,Success,bbec1401-0d5a-4e73-8ec4-0cc009508285,
200,32486.8641,Success,24c4a196-4713-4a27-b9d6-d905f1be127f,
200,31627.7101,Success,4219a7fc-88f7-40ea-bb37-1bcda527c1a1,
200,31531.5199,Success,fda71de9-de6c-4500-90ea-5ce9b15deaee,
200,31590.4624,Success,3ab56437-12a1-43cc-970b-6433ef91a6d9,
200,31684.708,Success,912169c9-442e-4a60-8a4c-b650de07c559,
200,31675.5351,Success,dc3b75c5-0a93-42d5-baef-04bbf32e5913,
200,32571.2867,Success,9138fc7d-13e5-4073-8610-e747e233fdaa,
200,31696.7883,Success,3b464336-2ac4-4ec0-9c26-aced15ced677,
200,31789.4754,Success,822631f4-e0ad-4a83-83f3-20bf0aa5d60b,
200,32932.7029,Success,38a9de3a-dae7-4cd0-8e66-13d9d6af548e,
200,31812.8903,Success,3e1ca36a-7c45-4498-af2f-bef192906c0a,
200,32675.2533,Success,a7b1ef9c-155d-4e44-9b02-93de6f0dd65e,
200,31776.1055,Success,89f5e78f-6d8a-4435-aa02-8363cecc6a15,
200,31783.4466,Success,cdeadf51-3e19-4449-b694-e7b76a82007d,
200,31763.705,Success,09d2d9e7-87ca-4551-b048-f87e812724ff,
200,31784.0509,Success,a5c38eaf-a036-43f6-b2e7-8d253fe68f6d,
200,31811.2922,Success,79d40b25-bce9-4e8f-af1a-418622a4af66,
200,32882.5578,Success,bcacacc3-edd5-4585-a2d5-94a6785778e3,
200,31829.7475,Success,b6a0f912-06c4-4eac-86a1-c13150b5b09e,
200,31849.9522,Success,fba69772-6473-4b68-9753-8c55b333c39c,
