200,18406.2345,Success,a2340b65-26f7-4312-b54f-fd985e72dcfb,
200,18074.5766,Success,ecc46823-f91d-4889-9762-d7d579b91a48,
200,18603.1921,Success,4c401b75-274c-463e-b62a-a813e48d6f0e,
200,19011.1673,Success,d5829ed8-7266-4075-888e-d6ed8325c053,
200,18786.2576,Success,d9d605d0-fdc9-44fd-9de0-00319adb34f3,
200,18362.1307,Success,f8944404-a8f0-42c3-9dab-b33f300de032,
200,18678.5446,Success,99fbee44-498a-4587-ac06-97d2ede0bfd6,
200,18499.2335,Success,12b479dc-09d0-4d14-ad2c-06fa2df268ab,
200,18483.4461,Success,4d8466de-ca75-4c44-9448-1e7a4ad1f686,
200,18825.4435,Success,18c24afe-04ea-4488-99aa-625b92952582,
200,18626.6165,Success,f17b0c63-5337-4609-80a7-66e994fbc368,
200,18102.8846,Success,2ccfd40b-b1ed-4d64-a865-3caf38b35832,
200,18379.5993,Success,27fd7d74-aeb9-4040-ad1f-558039067cf1,
200,19022.8336,Success,e70a0be9-74e3-4394-894e-9be5880f9cfc,
200,18833.2728,Success,2bf453fa-a1d0-4f7f-aea2-40b009800e2b,
200,19089.9672,Success,4260d2cc-1295-42e9-8199-8fecd9b0ff68,
200,18990.4407,Success,66d64a26-73c7-45aa-8434-47f2d99dde7d,
200,19099.5102,Success,5f5bf223-bf38-49ec-ba7e-7f7b35938df0,
200,19147.8145,Success,40001a27-934a-42c3-8d04-8755a94b8de5,
200,18996.0895,Success,0e288971-c1c2-4e3c-bc37-b6c1effca6a8,
200,18844.4848,Success,8a42c345-bcd6-458a-9405-81f3d5bdb8fc,
200,19204.644,Success,ac384763-5766-4bb2-84d7-c8729625ad81,
200,18409.5107,Success,33ae5bc1-b5c7-4fdf-8bfb-52bd8b5d6a8b,
200,19078.111,Success,c0b9a5ca-7406-4abb-b280-b05ac5cceb8f,
200,18958.87,Success,191ee10e-6f3a-494e-913c-008f4dbd5072,
200,18929.2233,Success,475f2ff8-5b94-4d2a-bf75-713cc264b13f,
200,19302.6568,Success,c245d51e-d23e-4c9f-92f4-ba30bf179e3f,
200,19428.2007,Success,c5ee24d3-d8a9-4e6f-a988-73753bb75c1c,
200,18788.1781,Success,3fdc1f2a-39cb-42bb-89a6-ac506eaf6e76,
200,18993.7557,Success,a771a46e-4161-4367-ad32-194f86978690,
200,18695.0502,Success,806acf27-43df-47bc-8f81-08318c15204e,
200,19073.7422,Success,83e74693-e324-4a32-b3ee-1ccb31f46a8e,
200,19095.499,Success,593c987c-49b9-4153-af1c-bdd576e9e029,
200,19343.2111,Success,a0d6e0fe-0d7c-4140-9311-250309b745cc,
200,19456.5402,Success,a5598ee4-6288-4ea1-9501-3efb1a77fcc0,
200,19732.3386,Success,96438bae-1591-486d-9adc-f667a64aa458,
200,19124.9632,Success,ac9c2f36-bb5f-44bb-abaf-7db1b5104d37,
200,19346.8073,Success,5677f3ce-896a-4567-88b1-e733da85b5c1,
200,19445.0294,Success,7e0833f2-6f06-4ef7-b006-e85b4826fac9,
200,19249.0062,Success,620c2994-939b-4115-b14e-d1dd999c837c,
200,19324.5814,Success,9868f0a0-fe59-4d23-87d0-a8eb8cd8d9cc,
200,19133.9558,Success,3d818cd7-b959-4620-9659-b7216bbd5323,
200,19122.1785,Success,8a88cc3d-50b4-485a-a205-312054b8e4ea,
200,19162.8592,Success,41fc0dc0-1566-4887-89b6-9c2dfc86a1ed,
200,19535.2989,Success,38442d87-b3e4-401f-a4ec-265a6d14cf55,
200,18998.8125,Success,45bf2b86-4fec-47bb-b1df-0ebf5ac27d60,
200,18958.3198,Success,9c4e81d7-ae35-4837-80b6-27ce0a17505e,
200,19015.3372,Success,0caf2191-b396-434e-bf50-8ca3978e13e2,
200,19832.8871,Success,eba230c4-0695-4a66-aae4-c1c469682c60,
200,18878.266,Success,bf921480-0131-4866-95aa-94eb389a2ecf,
200,19264.6361,Success,17ffa19f-4d96-43e7-aa7e-97ad78b197d3,
200,18901.8043,Success,7a46326f-3dd3-49a0-b83c-200cbdf7ccf1,
200,19588.7697,Success,899b9e7f-70a9-43f6-a534-388743f83042,
200,19394.2154,Success,a3278edd-1d16-417e-934b-e659a8bbc7af,
200,19396.4759,Success,bc5f7aa1-25e1-4606-a879-7bb957f6ca61,
200,19069.5737,Success,3c9c5549-2c99-44d1-9c39-92d9f5fafe87,
200,19412.6515,Success,144fad7f-6b4e-4525-a250-53a999d9f722,
200,19447.7295,Success,26e5fb93-8aa8-4bd5-9979-f533e67e130d,
200,18963.6953,Success,ef02b81f-f925-4c8e-a9e4-82e8ff7d3e7b,
200,19738.5963,Success,f273cbab-089b-4e6f-9a06-0fe3a5574019,
200,19041.9931,Success,cfddd823-6cde-4325-b46f-c1b430c56270,
200,19433.7607,Success,93bc4f27-6bdc-4753-9d98-98426df767ec,
200,19282.3923,Success,1a83b535-197d-4b4d-b941-62869d44c4fa,
200,19492.1901,Success,bf210d61-ff14-4a21-a46a-3d81ef2c9472,
200,19638.2937,Success,4d7c70fd-d967-4175-8132-a708eb1276e9,
200,19223.2324,Success,46e372f3-cf6e-479c-a5e4-805a2fd30014,
200,19610.5984,Success,54f67607-8687-416a-9dfa-a35559315747,
200,19816.0104,Success,d73ebc39-99f3-4a0d-b645-1aa21767f6ab,
200,19650.6502,Success,f19a725f-d8a7-4947-bcc1-d3d11e2b6366,
200,19805.6741,Success,75b40b23-6b93-4165-bbfb-0c9b0c0ccb25,
200,19592.6075,Success,2213b78e-8db5-40fc-ab41-a9846fc2729a,
200,19847.912,Success,f393867a-33f8-469d-a0e8-67a691177349,
200,19844.9591,Success,9c5c40d6-5301-4599-b652-28c5edbc3962,
200,19647.9648,Success,99a3b637-6d54-4b8a-a831-e228f780ab21,
200,19601.5885,Success,d49aa639-e498-43fe-bfcf-8192e2da00b5,
200,19914.2439,Success,95e2a06f-bce7-423a-abea-548af97e6d6f,
200,19662.388,Success,a1f4905e-baad-4291-808b-d32529919871,
200,19455.4891,Success,596b1830-2a87-4d83-92b8-763613f0bb1b,
200,19689.7747,Success,214af1dd-6727-4ad2-9696-6491eb90bd30,
200,18951.8733,Success,b293d273-63d5-419b-9f3f-a635363ba139,
200,19612.221,Success,16da1278-5c8d-4178-b7c9-7afe2149b0fb,
200,19974.285,Success,6a147736-b7af-464c-8c32-78d7486476fc,
200,19584.5757,Success,8f238fec-4f2d-4da1-8978-cdf06d919916,
200,19616.2361,Success,ee23e08b-5a15-4c16-91f3-cfdf057b8c18,
200,19808.1227,Success,0db7d1b9-236a-470c-9644-647bd9f25f41,
200,19023.2939,Success,54973c91-68da-412e-a561-ec9202e591ab,
200,19690.2957,Success,8d1efe91-3b2f-4822-ab6a-4cedb25e017b,
200,20251.5117,Success,57b14c00-a7a4-4db2-a8f7-4949ec95a0b9,
200,19935.681,Success,b1509315-7ae4-435c-891f-a23747b20058,
200,19898.2013,Success,19731af1-cb6b-4589-9912-c70c75a47ede,
200,19865.1621,Success,4872283b-437d-49ff-840a-b8aeaca734a0,
200,19935.6729,Success,ec5c707f-39c4-4d84-b52c-9fd124e7ada5,
200,20290.2681,Success,0a06e77b-4201-4db6-8f94-51bedac47dd2,
200,20295.2328,Success,6abcfc25-e991-4b27-a5e5-83fc34cb1c2c,
200,20007.4007,Success,34801c33-23f0-4c61-ab6b-7ea3f55738a7,
200,20374.0514,Success,dd4a3c8c-ece4-499e-a1dd-7b85c4d51eb6,
200,19440.3662,Success,27ffc388-3cbc-47f7-a28d-e3e720521f5f,
200,20152.3217,Success,c4644f15-4d15-4abe-963a-557c4a16d0d2,
200,20193.6772,Success,d6e86544-244b-4542-900b-66bf42f932bc,
200,20057.4538,Success,646eece8-afdb-491b-bcef-026d3842d08d,
200,20571.495,Success,adf1941b-a3a7-4de1-a7fa-71510f61b769,
200,20333.1073,Success,b5f7b64b-6138-48b5-bb47-b1c3c678102b,
200,20498.6495,Success,23eed942-c62d-4d7b-9777-fefa0fb2a273,
200,20460.5701,Success,e324e4bb-1503-4c86-8a28-824edb52a407,
200,20210.7333,Success,9b2f16ba-88dd-4bab-8319-bd2999ec67fc,
200,19573.07,Success,7bab607b-aa00-4776-8315-8f9d2d8108d5,
200,19961.0596,Success,e22b2be0-562a-4ff3-8d32-0739dfe3e960,
200,20359.7317,Success,9d5ae2b9-3d41-499b-9c29-77faedcd7d0a,
200,20290.2907,Success,28e63370-3702-4a38-9550-aa5f70640dcf,
200,20447.0708,Success,9c77deab-9b5b-473b-8482-16e2cfdc05db,
200,20867.924,Success,b64fcf64-79b2-401a-926e-566687c597d3,
200,21116.729,Success,b954640b-10c6-4fb0-bf8f-f0449252f1ce,
200,19954.005,Success,6c0d1e27-9cb1-4ab1-b011-e58fa183c6fc,
200,20676.9995,Success,79df2751-ac52-4924-b0d9-8b789c3d319e,
200,20335.4641,Success,97b7ba9b-3b78-4123-8ceb-a9449f656874,
200,20107.9782,Success,75402b40-7787-4723-aea6-800d3a5734b2,
200,20405.8759,Success,dbf8d2e9-946e-4ee9-9958-1964baed17e4,
200,20866.4598,Success,c858a776-bcd6-48ff-8a6f-7b76ad72f43e,
200,20905.4156,Success,93d73538-e1d4-4c3b-bfcf-656bb95e25a3,
200,20877.8093,Success,5f452175-5e7a-43d8-80c6-cc3c8b52b3f6,
200,20941.027,Success,3b60506b-d731-4945-96c6-a17b8ebb722e,
200,21112.7294,Success,f7d2a3a4-d460-4310-a45f-702fd33bba86,
200,20858.7018,Success,def30db1-b864-4170-8980-581609fba968,
200,21036.463,Success,1a26d90b-64eb-4d66-871a-f6cd9ed051c7,
200,20986.9237,Success,f553199e-21f8-4e79-a959-7e2f824d44bb,
200,20958.8106,Success,6909c9a0-3ee2-4203-a92c-af225a258e40,
200,21031.6065,Success,4a047946-967a-4b6e-adef-c5ddccd79316,
200,21013.8343,Success,127b931f-796b-4b9f-b314-0e3d73b49cde,
200,21577.0385,Success,2b7ece02-4dea-4184-a4ae-c51628a3d847,
200,21168.5129,Success,5012a4f3-4b5f-4a7b-bfe9-227b8bf24282,
200,21134.9811,Success,83e851a7-3c5f-4f22-8ce1-a6dcc2ac1683,
200,21274.9635,Success,d7081c2f-d2db-474c-a967-ab3c12f97d03,
200,21407.9121,Success,70defe71-8429-4533-b93b-7d120519bc81,
200,21033.3292,Success,30fd2301-39b4-4f7a-8d71-88d4ea762edc,
200,20607.7318,Success,6fc424d7-f318-4ef5-939c-2aaea4f25e26,
200,21023.4129,Success,230b26e0-8ad5-4746-8ae3-68a33300769f,
200,21408.0136,Success,47550c1f-728f-4019-97e5-ae47324e5205,
200,21417.3731,Success,f36afe86-7396-4aef-8bf5-34f1dcc4ea38,
200,21190.7927,Success,c3101a7c-5146-4741-96c8-ed8fc07de26d,
200,21543.4442,Success,f31da0a8-6906-428a-b0c3-a0a91c02fae4,
200,21361.5958,Success,673de3ca-c239-4ab6-83d5-18268f421ab7,
200,21629.1546,Success,81d12cc1-0527-4406-bafd-666e29315ba0,
200,21908.2271,Success,5de7e44a-b743-4047-9e45-fde6d05b6c58,
200,21952.7963,Success,bf938ea0-fce0-4627-ad22-cc6e5b4392cf,
200,21513.433,Success,92ac843d-13c2-4ea9-a0e7-244189c59c08,
200,21842.1516,Success,93054a86-ae63-4fab-b853-fa30d1081ce5,
200,21543.3881,Success,30278a62-2912-4b4f-8e51-33143b5fe45b,
200,21793.5366,Success,2766f7f9-28f4-4008-abd8-4c556012f45b,
200,21694.0369,Success,69069a1a-da9d-4553-820c-cfa25d295c3d,
200,21056.0015,Success,acc8f9ca-b08b-400d-8846-ffd82c86353a,
200,21714.7469,Success,dfdbc90b-adaf-4285-80dc-47ce988ecd49,
200,22073.124,Success,217e8ab3-eb92-4202-964f-e44480ce00e8,
200,21847.5019,Success,2f4c8433-ce28-4ae7-bb08-ac86118ab78d,
200,21038.5721,Success,a035555a-8a14-4b2f-8754-51d5bbdd4139,
200,21769.9817,Success,25dc4186-ab29-4b8e-89eb-5b3d9d82820e,
200,22162.6209,Success,512a7c1d-2287-4d3f-ad6b-82838bf989fb,
200,21613.0095,Success,e762ee4e-a9a5-47f3-905b-60a2391c98bc,
200,22114.8304,Success,f733da91-ace4-4d43-8c0f-cedecb961605,
200,21395.8745,Success,f19b34de-5ca7-492b-aa55-c089c7b86f43,
200,22228.0933,Success,92b41308-f151-48a6-b6f3-d544d90c010e,
200,21916.6369,Success,0a7210ba-84ba-4339-a7fd-aaccfbb33417,
200,21640.0483,Success,14e0f709-d6db-4503-9f5d-82e4f767bf90,
200,22218.9232,Success,7ec4f475-9c1e-4d97-bdde-d607355b30f8,
200,22216.8626,Success,8a2771af-7f01-43ad-8d9e-1beed6c6eb7c,
200,22186.1484,Success,5404cd8d-52ac-4523-a078-7441ae5f4e5e,
200,22390.2388,Success,58ad2d63-a513-460d-814d-2bf06231c3b3,
200,22388.321,Success,d30cb819-226c-4846-8077-88fe1f28d6a8,
200,21810.4769,Success,e37c3b3c-4a68-4b9d-a2f5-10258d1fc643,
200,21505.5401,Success,b64c99c0-de1d-4fa9-8b2e-e4b405bf701e,
200,22536.6746,Success,952906fb-5eff-4397-912c-cc8c89717e7c,
200,21867.6864,Success,563895d3-1e0e-40f3-b1f4-10ec89da0047,
200,21948.1407,Success,085e0b03-dec8-4a46-b9e9-ba03a10de3f2,
200,20725.102,Success,e87536f0-7938-4363-bff7-7fefc0d2cd1f,
200,21692.5073,Success,c3cc3256-32e3-4865-9d39-41e79b0de331,
200,22633.6116,Success,eaa20723-9523-4e80-af20-c1974500b7ad,
200,22663.326,Success,ff7e1283-b799-45be-ae31-34ece969bd2e,
200,20959.6697,Success,c86aeb68-aa16-4318-b46c-1e04153c7a72,
200,22661.3868,Success,bf6be83d-3935-40dc-b9b1-00f8b1a24ecb,
200,21246.8247,Success,d61f9dce-9cd3-496b-8b24-de1223802903,
200,20860.4879,Success,bc73f497-fc8b-43cf-a9eb-5765dfc37046,
200,22215.4418,Success,996902bf-ca16-468d-bbcd-161039bb729a,
200,22820.1341,Success,3e58bbd8-d443-499c-8bd0-2a130659d889,
200,22842.9807,Success,ba08af3a-248e-4f24-8354-4ce564528a74,
200,22611.1929,Success,ea72fde6-13be-4836-ba5d-99c4109148ac,
200,22345.949,Success,06c35f6f-fcce-4e1a-8809-8b423ad86fba,
200,22474.6944,Success,e3816cc0-04aa-4189-8bb9-5758490d0ca2,
200,22754.5476,Success,7a82c636-a598-483a-9ee9-10a15587fdc0,
200,22591.6388,Success,fb004153-8428-402c-8397-441059a844b4,
200,23037.9298,Success,1294a3a7-448d-4c23-88b9-6ba4e5469bbe,
200,22779.4747,Success,d53d1aa4-72aa-41cc-bae8-990661782176,
200,22532.9789,Success,037411a8-6943-45db-88be-d5bd0bace5a0,
200,22767.933,Success,efd56ca5-c2b2-429a-a1ed-b070f74cc865,
200,21653.2217,Success,e110b510-4fee-4345-97b2-581b16796953,
200,22506.9649,Success,df003442-c05a-4810-baf9-bf52e1d0dd21,
200,22951.9235,Success,d5f272fe-607d-4f20-9a17-295898a087b5,
200,23155.5642,Success,d2aa54ab-79d9-4377-bc90-19aeae0b8c32,
200,22908.6233,Success,b8cdafdc-64a6-49ec-b77b-bef0fff741f1,
200,23458.8941,Success,71ef1e90-a90a-4421-a119-49be81124c6a,
200,22723.6681,Success,b93c631d-81f7-4676-ad20-039420f5b1be,
200,23007.4032,Success,f1c1173f-f268-46e7-ab8a-4684e29438d6,
200,21846.2143,Success,531d80d3-039b-428c-8b8c-073131242506,
200,19904.6821,Success,8dd9d7a3-6b10-4efe-8c7e-8ceb529d82a5,
200,22854.1763,Success,f86aa81e-5edb-45f1-9519-499a69e11ccc,
200,22990.3006,Success,057c6a7c-48a4-4b60-a37a-4f653fa359c3,
200,21971.1351,Success,97887e1b-69a5-4562-b21e-833a525b96d0,
200,23138.2381,Success,a89ff130-3eb4-4863-bd64-8c71e77a4c9e,
200,23317.4829,Success,fea891f6-9e85-4a0d-b773-8757d36dfcf3,
200,22961.7926,Success,2ce129da-73bc-4d49-b901-7e1ceea3d4a3,
200,21942.1985,Success,8040efb0-3041-4d12-9742-b0663f0045f3,
200,23797.4938,Success,5f60c503-632a-4c7c-a42a-2df85bb29128,
200,23594.1476,Success,c438ab62-807a-4c38-94c4-ac8a7643fd5d,
200,23113.2503,Success,476c0b03-5306-480a-a7bb-91632a1ae135,
200,23557.2514,Success,53cbea1d-524c-41a1-8bb6-34ec9b86a24a,
200,23173.2136,Success,43112c90-5510-4801-bd69-696b0e262ff4,
200,23210.6776,Success,4f406e30-0fc5-46ce-ad45-b1220bf8c39c,
200,21371.9331,Success,ed8029f1-bb18-41ba-a68e-c396951ea054,
200,23721.3145,Success,4e34b7c7-b525-4ab2-b5c3-a9dd76d26c20,
200,23264.9889,Success,c772c384-5e2e-4248-a305-0e71dfee941d,
200,23533.7386,Success,675b5c69-6ba2-4853-9fc9-fa3de8fb6557,
200,22400.1726,Success,4e9ab400-d059-4469-ad60-a9d82b56c079,
200,22495.8058,Success,6c0aef24-6261-45d1-8056-00576e173532,
200,23141.8232,Success,ce0afbff-e536-4338-8440-5266e5581be8,
200,23309.4184,Success,fdf4e979-88ba-4738-953b-5b506ad351d7,
200,22455.4501,Success,9c3dab87-e350-4959-a5af-f148555aea84,
200,23536.5232,Success,099bd708-ae00-4d01-8e70-8c8fef9407c4,
200,23415.8527,Success,592353d9-262f-492c-82b2-05765d197ecc,
200,23515.9733,Success,14816cc5-5139-440d-9058-797f5a6813ed,
200,23802.2567,Success,107c2fbf-5595-401b-8079-3b1fac8ee38d,
200,22347.541,Success,2c802bb3-9a44-4b0a-baf1-cb50f0cd338b,
200,23180.3569,Success,4cbb0101-2df7-4640-8412-91f0d4d8aabc,
200,23122.0945,Success,622f9ebf-d3b6-4e4c-b36c-46aecb2d43ed,
200,23281.5262,Success,4620daa9-32f2-4980-816f-08f38619d1cd,
200,23995.2682,Success,37b634fe-d7d9-4487-a51e-a4ac46956e2b,
200,23537.5146,Success,03be4591-e3fd-46f0-8437-15c906ea62b1,
200,23308.0986,Success,5f55445d-fd9c-4dc7-b2f4-11555e8d64bc,
200,23828.5881,Success,d5be84bf-04b4-42c6-91ae-43666c52e645,
200,23701.8993,Success,b3efec4b-c6d0-460c-9e0f-6935d89d3694,
200,23399.8766,Success,4dbdd2ea-33f7-4219-beba-dba65828a9e9,
200,23317.485,Success,98ea497b-3d99-4c23-a442-5e2ea0620b40,
200,23494.0788,Success,b2f0a86c-45ba-4933-ab57-7aa8565959b6,
200,23512.3111,Success,b2f8e5dc-0abc-49b0-8a62-9f0dfb061a91,
200,23879.3347,Success,4d134bad-bbbd-4a7b-a02d-6a1a3d09ed02,
200,22684.5972,Success,afd9a4ad-77b4-48d4-a105-84ddf2c7fe8a,
200,23619.2812,Success,aa6281f8-a0c5-453a-9721-490c556fade9,
200,22722.0346,Success,078a056a-e129-4869-a925-a8d579dfc4b4,
200,23653.3491,Success,b9ce25ab-2953-40fb-a870-770978efae90,
200,24052.783,Success,54ab8afb-fdbe-45e3-8549-c10ee11d9a3d,
200,22888.416,Success,09838e24-8015-4c28-83ef-7572239ae606,
200,23708.9257,Success,d1012bdf-e7b3-4fef-8910-b8aade315cbe,
200,21959.7444,Success,43861f47-7a2c-4b7a-9a6c-379a277452e9,
200,23560.3616,Success,85c18d2a-4ec0-47bf-a918-57f205d6cb23,
200,23494.739,Success,80d2ea17-f8bf-443c-b542-0a8391ee7504,
200,23681.1712,Success,51d1fd4e-4f09-4686-bbe9-fb5a7d33d012,
200,23533.6387,Success,033be550-5d53-4bb1-965f-9e1d57cafa90,
200,23624.6044,Success,ec9a9b34-f829-4978-b8be-e0c7a255b9b5,
200,22792.4419,Success,f220823a-feb4-474f-a815-e89a367e6f97,
200,22997.9284,Success,30719345-cdf7-4b40-bce3-9435fdf7b2e5,
200,23700.2105,Success,e0ea8789-f30f-4435-8f0e-f0ecdccd1bdb,
200,23837.4251,Success,de49d573-f0b8-4ec0-b741-d6e3cdfa7cc0,
200,23125.463,Success,66a056e3-37d2-4a6b-b0c5-a0e68b3068a5,
200,24079.76,Success,37654d04-2679-44fd-a2a5-b74964b64084,
200,23852.5811,Success,b529adf9-a249-4fa5-b7db-bcdba7eadcfc,
200,23954.7431,Success,47bc2a27-0174-48f1-9efd-56672ae7468b,
200,24444.9093,Success,f62c3355-a918-4484-a24f-418b27133493,
200,24057.0586,Success,e16a1d09-ce1e-40ca-bf59-632fd6634df1,
200,24055.6871,Success,a96f3c57-7da9-46c7-b8cd-d243440243d6,
200,23877.4221,Success,8658ea99-f1c5-4fd1-a31a-f2dd30e15d3c,
200,22924.0833,Success,7693c3d9-ab9e-4ae1-b3b4-a050c7709c9e,
200,23048.4941,Success,ef8bdb8c-7126-40d4-959f-41873da93a0f,
200,24235.3679,Success,19d35e0d-b737-42b6-b992-ae274c08f6e5,
200,22333.7727,Success,ec2659df-9d43-4ac9-bf1e-6600501fca57,
200,23212.5761,Success,8a3f694f-8875-41b2-bd54-b2c1f0739fe3,
200,23960.7236,Success,b6b6c0b9-0c67-4307-b03c-c4d054c02a68,
200,23938.6879,Success,102268f5-d64b-404a-85ed-c125f016d52c,
200,23297.0444,Success,a2b9aebd-bccb-47dd-99dc-171a37b12716,
200,23264.1003,Success,80420ff5-fa08-4342-a300-fbd302c0a809,
200,24144.4863,Success,cc44981b-352a-4ffd-948e-b99bb2d73649,
200,24478.2255,Success,a0cf9086-2a6e-4498-b4a7-7037f76e94ea,
200,23309.8733,Success,e335f31e-1086-4872-b077-606597d8dd67,
200,22912.1291,Success,0b17b265-45fd-4659-8842-6158ea5864b6,
200,23384.8424,Success,9809a5b9-20b0-4ac6-be0f-a533260fea93,
200,24194.4829,Success,60db6cf1-82cf-4c4a-8ae5-3f78001a85f7,
200,23374.0288,Success,552e3885-cee9-4e8e-ae60-7dba00b423f3,
200,23599.7154,Success,c9617bc1-0f6d-4a02-83a1-39bbf98156be,
200,23490.5723,Success,13625f0e-2c37-4861-ba76-b06bb22da255,
200,23447.0891,Success,be1278e0-57a6-432a-912d-222d7b96166b,
200,23606.6875,Success,122229d3-5ad6-43e9-8f95-263d0cab790a,
200,23201.9669,Success,3357ef33-d5e3-4ee3-af10-57a9e0df567e,
200,23402.0766,Success,699b5775-0704-4f11-b123-221819e931f4,
200,24200.1266,Success,17993c3e-c161-46da-bc59-3a26a0eda7a1,
200,22624.9752,Success,c20a8a72-a58e-40d1-b1f4-38a91f4fccb6,
200,24773.5988,Success,041eebc8-6c05-4cb3-806a-5981ac88a5cf,
200,23514.0943,Success,5a49b853-3dd9-41d0-aa51-e99e9592e8ac,
200,23449.9858,Success,d9cdfea8-20a1-4935-a035-c1eb7b5ddce7,
200,23570.7151,Success,5e661e48-1164-41d7-88dc-2a8164fec780,
200,23175.2342,Success,e36e6010-f046-412f-b884-67bf829d6bc5,
200,23552.9522,Success,04fc78bf-2707-4aec-a295-8e6e680998e2,
200,24447.1087,Success,9a38f094-46b4-44c5-bcaa-005491257b2b,
200,22772.4476,Success,71ee6f4f-8853-46c0-b896-a675a8158866,
200,24385.0033,Success,55ed4c61-983b-478c-b1ea-be30e7a721ec,
200,23593.05,Success,5573d558-b998-4052-a3c7-97eae3970c43,
200,24350.2028,Success,fbde00b8-8672-4510-a1ec-c86601718514,
200,24354.2286,Success,fffe98aa-c9a3-4cdb-8dba-cee0a4dfc62f,
200,23624.1367,Success,fb42603f-b770-41ef-aaaf-7a17c269accc,
200,24425.2313,Success,db6989c6-94c6-4f53-8793-d0257dd29111,
200,24458.9146,Success,f6825231-a245-40a4-9cde-7c698ad38733,
200,21670.8027,Success,78a1ee36-1e01-49e2-97ea-18eae06841cf,
200,22900.6375,Success,25621f61-1528-41f3-8a58-3b34a5a4c036,
200,23252.7015,Success,1b459862-cdb6-4b1d-8b2d-93f7038343ad,
200,23450.6742,Success,30c43bd8-3438-4c83-a7a5-172b0f647717,
200,23680.2365,Success,7bb1a065-306a-4e4a-aaf6-456e050cf9e1,
200,23542.1416,Success,4243eb79-07c8-4c7f-9208-1a10231eba55,
200,24497.838,Success,4ea66825-08a5-4fea-9267-ea348fd24414,
200,23880.3286,Success,c6ab4e37-181a-4ba9-b954-5b93d4cf09ac,
200,23478.6477,Success,b1bbb81a-cc77-4842-b808-ea108a806b0e,
200,23482.4669,Success,30fd8c13-ef1c-42e3-9b55-56ce100ba084,
200,23920.3281,Success,ab3fc259-3638-4900-95ec-7cd969fe8119,
200,23514.0305,Success,f1d8196d-1389-42ef-93f5-fd6005c92d7a,
200,23707.7943,Success,1d352ccf-1ee9-4aad-8c9b-de9416cca9a7,
200,23029.9387,Success,11274920-77fe-47f8-955e-5d384464a85d,
200,23576.0833,Success,e1abbac9-5e26-4074-9244-30e448721fd3,
200,23773.0654,Success,4870ca84-3833-421a-b266-8ded86159111,
200,23551.6145,Success,b1fd62fc-90c1-4d03-bf89-85afdda150bd,
200,22979.8557,Success,96fb00ec-63b8-43db-a7d8-02f879d68c4b,
200,23011.0997,Success,1ba48822-1407-4a9e-8cd9-a90c6acef6e4,
200,23637.241,Success,15b2240b-2568-49bd-9211-356846e74079,
200,23625.9249,Success,a649360f-d5c1-479a-ab51-582a9417a340,
200,23153.0613,Success,f1eec554-13e4-4d3b-a7ab-72d9d83eacc1,
200,23067.167,Success,a3d64ac7-978e-4f93-8ac0-285b7fb5c9b3,
200,21824.393,Success,4fb3ce5d-e094-4604-9917-414380d95654,
200,23081.758,Success,844d99fb-9b04-4f45-ad3d-b21348f002b1,
200,21956.9252,Success,6be6c9c7-08e5-454d-8f2b-4c9a5a1e237f,
200,22974.0405,Success,9b356eeb-cc5a-4b85-9138-e5ede923e157,
200,24159.9259,Success,833408af-5434-44a8-8546-cc2ddaab2d26,
200,21996.4136,Success,bada5c0c-09ca-41d8-a79d-9bed7e586597,
200,23227.1528,Success,26335b52-e91a-47a8-9573-dd89341aa208,
200,23013.7545,Success,237fe00f-8cb8-4048-9838-9b4195bb86ac,
200,24017.3691,Success,84a438ae-bd92-4238-86f0-8bf57567c53f,
200,23547.5192,Success,b22039cd-9411-4f16-94d5-172de10f4ad2,
200,24077.2711,Success,16ad3e99-d1ca-4481-b086-4e547da3d034,
200,22029.1411,Success,9514060d-626e-4162-9bf5-1d417013717b,
200,23960.7364,Success,b4ddd173-8996-49e6-9133-4d13af4ee22d,
200,21996.8703,Success,d87103a0-7bea-4591-b54d-cce2e589bdbe,
200,23216.951,Success,f33e8501-294b-466a-ad10-a013985c14d0,
200,23101.2557,Success,42eee96e-76ee-4d40-a46e-ccf67e763a64,
200,24072.7002,Success,2c17e0fe-032d-4f01-8489-d1714765f3b5,
200,23214.9862,Success,8c0f9bcd-1416-4fe0-ba55-4f5aa8b3a866,
200,23363.6492,Success,939dfbdd-7054-484f-94b8-5f05a8c59dda,
200,24512.1756,Success,df142824-a1f9-4891-a782-5e557822e517,
200,23119.8351,Success,70c52f7b-c9e7-43b1-86a6-f62d86c1f23f,
200,23190.6842,Success,8bb578e9-0319-40f4-bdd3-981241f99ab3,
200,24148.8646,Success,440834d2-6308-4519-890b-d77e080b6bfb,
200,23895.0601,Success,aab4d6ad-198c-4d7e-bf1a-d3f4c88fa802,
200,23860.2561,Success,4539b264-fa5e-42c7-9b0a-4d2afb0af765,
200,24905.3213,Success,0e5bf4fc-0b74-429f-ac48-632a1ee0c580,
200,22135.2126,Success,1daa6b2f-de8b-4791-9712-b3c7f1ee63fe,
200,23152.0238,Success,bc65d16b-4891-4bd1-80e9-7cc29d99657f,
200,23118.1899,Success,5bacdd3d-159f-46b1-b2d3-64546430b029,
200,24085.0889,Success,cf22b7ea-0f8c-4271-8c40-5f603d604062,
200,23916.0536,Success,94370dc6-2a9c-4adf-996e-a5b3150b5636,
200,23393.6891,Success,c79ad6ea-6c44-4fcd-a2c0-04641deb1a24,
200,23305.6655,Success,74092f94-162b-49e2-9055-f22ca2055d81,
200,24125.0897,Success,19b8292c-0e52-43c1-846e-e1834ddf3e2a,
200,24119.1822,Success,d486c95f-6b0c-4e8b-98b6-e54079884e4e,
200,23470.245,Success,fe0f4c8d-eb51-483a-889b-34ae1d77d991,
200,23217.8129,Success,cd69ecfb-c183-4beb-9352-ea73cafe10b3,
200,23275.3893,Success,196b9dd2-545d-4ac6-9d1d-868683124969,
200,23213.8455,Success,08abc5b7-e738-4f5d-918c-46e0b4ea9781,
200,23634.3022,Success,8fa97538-fb4b-40f4-9862-c369f2655bef,
200,22277.6567,Success,c07f7e00-c695-403a-bffa-aa709fed1d8a,
200,23562.0333,Success,a4ab3a32-3b86-4988-947f-215dd8050a72,
200,22182.8456,Success,5480c17f-dc7c-4afa-b144-a121fc6b53ec,
200,24072.4155,Success,70ff2e26-3514-4a10-bb5f-1caf75747c3c,
200,24053.9066,Success,59b14dd0-960c-49b4-a648-24de2bb12ddd,
200,22405.257,Success,ed3e7623-52e7-4127-ae75-b960e678c77f,
200,23392.7699,Success,7d668cf9-7bfc-451c-abbf-a6a1dff32a04,
200,24034.7161,Success,e328cf75-e31f-45f2-bf2f-da1b23c36963,
200,23446.5319,Success,3862919d-2134-4af1-a461-24917e2f7733,
200,23719.2679,Success,6d3b2554-271f-48ec-8413-476af196066f,
200,23511.481,Success,e49646e2-5f1e-4ddb-a01e-e6753b3fcb8b,
200,23533.9346,Success,39e8a724-0984-4e26-9051-fde8459ac69d,
200,22472.5875,Success,299e50aa-72c5-49f2-9eb9-f5d6b20301a5,
200,22455.0404,Success,5c5e132b-c232-4a70-aab4-73323526cb1c,
200,22442.3166,Success,b997d469-6d34-435b-9125-8915f425c923,
200,23646.3188,Success,7513f018-4ea2-41d0-9f64-c1c084eb81df,
200,22503.9338,Success,e1d0c9f8-1502-49fb-b4eb-c34dee836043,
200,24514.6804,Success,f57acee2-e30a-4409-a7b5-6b9399b86f69,
200,24470.9982,Success,e1e70f25-1602-4b1c-b7e2-f1309098bc59,
200,22539.073,Success,35389a14-f862-4af3-bd83-1b5a13a0fa3d,
200,22514.7332,Success,3588dea0-e40b-40fe-9cb7-720e4be141b8,
200,23767.1668,Success,2468335a-5d0d-4997-8e30-4978c163822d,
200,22518.5973,Success,e13bca00-3cce-4466-ad34-170ea8dc828e,
200,22507.4433,Success,8af3d4f3-a3b3-40b5-985b-ffdc4347fc87,
200,22556.6544,Success,f820abcc-23d6-4add-940f-01182ff49681,
200,22553.5218,Success,7670d722-b3c9-4ec6-841a-9b2c3b1eb84b,
200,23527.7126,Success,de8ebb3c-1f7c-473f-a541-703464bb0336,
200,23588.156,Success,e41c8d27-d407-4041-a60c-1d21ba580a9d,
200,23656.3279,Success,f5283c75-0203-4768-be8d-9297756d21b6,
200,23596.462,Success,36a79003-0072-4f3d-a70d-3be05bd19011,
200,22595.2259,Success,b803532e-ad2b-4b68-bbb4-0207857037f8,
200,22603.2875,Success,78943361-a10e-4139-90c2-f8604bda526b,
200,23713.2661,Success,7038a266-d341-4906-8d9d-00bc1e3f14c7,
200,23879.6112,Success,9edd9727-1afc-4e47-9c8b-169e71a70de5,
200,24190.8722,Success,0e66cdb9-214d-4350-949e-c8982a85382c,
200,23659.0157,Success,8d3e530c-f777-4cf9-b721-362b0f67e396,
200,22637.1067,Success,89b353f8-a4ab-447e-9d03-c779c28101a9,
200,22655.5443,Success,8f9aea63-932a-4669-a9ae-8247febeb6ed,
200,22671.361,Success,9c5b8844-910e-42fd-9b15-a9cbf721648e,
200,22674.0595,Success,1db04919-738c-4ee6-9a7a-eeacf9f7144c,
200,22662.6091,Success,b8fdbe32-9e0b-466e-86a3-2db0ff0b4d7f,
200,22562.9823,Success,3e9c7442-f470-4159-9503-d664521da05f,
200,23682.9317,Success,813f0e00-9fe0-443d-b4f5-473fcbcac7ea,
200,5949.8406,Success,043bbb5d-d7b9-4b55-9380-e7e0b792b5ab,
200,7535.9754,Success,86107279-5777-4a83-9133-158f96e56f4a,
200,7536.7036,Success,333d3eec-53a2-4972-9bec-9f795bde48fc,
200,7536.7036,Success,25486769-7312-453d-ba9d-715dab30fe9f,
200,7539.4766,Success,472ee32b-a62d-40b1-bf8b-f6afe86f192c,
200,4722.3676,Success,d769b9f5-afbb-4389-a6c1-0bae4eb0d874,
200,7541.082,Success,9ff7254f-d8b1-4895-84de-d7f2df94b36a,
200,7540.7507,Success,b010498a-ef4c-44aa-9e17-67285d791a1b,
200,7539.6412,Success,0c068d32-ca4d-4dad-ae98-8686ed7c0721,
200,7540.7507,Success,6110aae9-4e51-4ba3-b306-d48fdebb5180,
200,7557.1057,Success,1fb73a65-b24a-48ec-937d-1108b45625dc,
200,7557.1057,Success,a27cba7d-62e7-4802-a9c5-023410faeded,
200,7557.1057,Success,e7f4c508-0681-4c0f-b3c2-75b576637e0a,
200,7546.3918,Success,162c4ea6-1754-4e32-a34a-0abf3c0f8082,
200,7546.8292,Success,29f49c47-661e-4628-be91-a449f2ed4fa4,
200,5504.9759,Success,cafad0f2-54b9-450d-a089-bbe3c66af946,
200,4965.1515,Success,c6083b06-4c32-4b8b-8e26-f9b49dff8804,
200,4602.95,Success,845b0bc8-2429-40a4-ad4b-fb28e9ab0244,
200,4879.1109,Success,bb3a16cc-a383-420e-b63b-84340ec0c58d,
200,7565.3995,Success,a3d427a9-ac70-4e24-985f-65c245e38391,
200,7545.7114,Success,b1253cad-91a3-4c46-bd8e-073ce1dfdaa5,
200,7545.0737,Success,cae54f4c-6dcb-42a0-9956-eb7ffd780008,
200,7543.9683,Success,ce29409d-6186-4198-bdf5-db9c036984ed,
200,7552.9527,Success,0f90cad0-0f76-4cc6-8b77-101bc826a0b2,
200,7583.1633,Success,cef5136b-fefc-4e2e-a474-084c256fe113,
200,7581.3013,Success,fdb9a4de-4399-4bbb-bcf0-85d52edae91b,
200,7582.8417,Success,a656545a-cf67-4268-b134-076ac48f7502,
200,7583.3564,Success,a1183a0f-e933-4bf7-a589-4bcea1c63740,
200,7604.4038,Success,b8aa63dd-19ff-4835-892b-ac43d83c5228,
200,7661.096,Success,3d2e058e-6792-40dc-881c-4096fdd15cd0,
200,5039.6811,Success,8aa96af7-d6e8-4d88-84f6-f372b48ecb34,
200,7686.3972,Success,58393abc-c54f-49b3-9f37-5019a37eb1e5,
200,7620.5048,Success,50855c26-b9ce-4933-8d47-2aa458dc7f07,
200,7619.4284,Success,1da6b3ea-d1ee-46bc-9026-d1b773948046,
200,7618.8966,Success,7a22dde1-3914-4d1a-a586-660b67cef2ec,
200,7618.4419,Success,414ebde2-bc91-4476-9e92-77ad6424ec65,
200,7109.1184,Success,88855c52-1dd5-4e85-bef2-5fa16657ef8d,
200,7105.3214,Success,077044f6-c04e-4528-8a4f-48ebc1e7b6fb,
200,7105.32,Success,6241f02f-6539-4c51-8aaa-5397ec495abf,
200,5269.3877,Success,4a43ffbd-e95d-449b-b4ec-ab4346244156,
200,5306.8361,Success,3cdc75c0-c9cb-4539-962d-de8b99e28fbd,
200,7516.9537,Success,01d3f34f-834c-4dcd-9213-6ae004003960,
200,7516.9537,Success,79229b9a-cda4-4f37-839e-da82875fb989,
200,5240.1523,Success,2c54a7c6-4973-4475-9d98-cf094b7b53a1,
200,7500.3997,Success,1f6887ee-9dad-4fa9-839b-6dc2818b5b80,
200,5193.0461,Success,2031ca3c-79f7-45a6-b3fc-a3b3f1d3ccdd,
200,5151.6048,Success,963fd79e-fa5e-4c47-af22-48d790fb280d,
200,5352.9382,Success,9bfe5740-9915-4156-9831-23d1ff527dec,
200,6335.092,Success,37e7c22c-dd20-4fb3-982d-dfd89060b626,
200,7107.0917,Success,735f8331-2a65-4937-986a-21645b1c585f,
200,6265.0007,Success,75d3e0ba-d208-44e0-be34-e3b0ad244523,
200,6213.8024,Success,f8bf8828-0ee8-4382-a8c0-8423a977b68c,
200,5199.2149,Success,5234ee09-5e7d-4692-8683-f7dd6f76fdb2,
200,5164.7579,Success,65d6c026-2722-4d41-9c46-ad64075b0a68,
200,5323.9593,Success,4dd6853d-c3e4-4f74-b678-b4af19a7b08e,
200,4562.8785,Success,fae50f5b-45d4-40ea-bfa2-0cd996d45195,
200,5295.184,Success,eaf04ae4-0d98-4a84-97d8-814b5aa49658,
200,4577.2246,Success,12383375-c14d-4a1e-9787-25cc79f5e3c8,
200,5932.286,Success,ee0069a8-2b6c-49d0-b817-155a2842520c,
200,5093.4238,Success,d42f871b-31a2-4b07-9e2e-af99fdc87c24,
200,4862.2333,Success,d46b6287-92fb-485a-b279-5f07d079df7f,
200,7660.3194,Success,b09018ec-75a5-419f-bc4a-aaa27a5ca8ed,
200,4793.9471,Success,806a97d2-ed99-494e-99bf-2160e8ddedd8,
200,4750.8658,Success,6d4135c3-14bf-4152-bee7-a36afe57f498,
200,5045.5407,Success,b58a7adb-1dba-41bc-8d12-00a25361bbca,
200,6547.3286,Success,d19af6de-fe4c-4887-aaac-b585cdb76033,
200,6540.1595,Success,02f75f22-463c-43ab-9af7-b0e750fd3dbe,
200,6547.3286,Success,6b728902-4a16-4438-bf2c-80ea4acf302b,
200,6538.8662,Success,c0d6caf3-7892-49ae-bdec-035f196ae202,
200,6541.4472,Success,7281992a-a2b0-43b4-8143-778d953725a4,
200,6539.5361,Success,96c56937-054a-4149-9dad-e99016d4f98b,
200,6543.9271,Success,311cb71c-f0ff-4920-b638-45bb51c37b87,
200,6541.4663,Success,78f0692e-a34a-4499-8d44-09304ccbb39a,
200,6540.1681,Success,529e2e6b-4264-4ad8-b7e1-f7a684b9cdeb,
200,6543.267,Success,94ed7068-9ed8-4265-a8c7-fd1b044b1f50,
200,6546.1138,Success,eb1b9950-c25a-41e2-8e30-0a6f246e4518,
200,6445.3895,Success,db99ef95-31ae-4952-b1c9-8a13acbcf631,
200,6542.5971,Success,77c827f2-7abe-4b16-a900-09b40798ef07,
200,6446.8199,Success,d40c4a5b-0726-4c3c-b235-e74524471520,
200,6544.6953,Success,51b72227-f2e5-4101-955d-aea3c04e4f20,
200,6557.0484,Success,87da8391-93fd-4f3d-83e7-bf86d9994e42,
200,5665.8934,Success,78f0416a-a316-4137-ab7f-f478f6d76079,
200,4110.7126,Success,6a8ed6e7-dd68-4ba5-bedb-f2aa8a7343f8,
200,5717.8564,Success,2b774045-1480-42f3-80e5-9ea5054aa3e3,
200,5621.9764,Success,b14d5773-dda0-471e-a93c-45909f31ceaf,
200,5490.1809,Success,45ec1f9a-a3ce-4cda-af6e-229d249f4b2b,
200,5536.543,Success,56d35bfe-6c6d-40e4-b345-1520b9c8a41c,
200,4134.4199,Success,08d8769c-04e9-4dd6-aea7-86c84fc49b3b,
200,3252.0894,Success,e419d643-239a-441c-b15c-30b2d252eee1,
200,5584.2489,Success,1ca15e96-959a-49d7-861a-ed604ad2b89a,
200,5430.2785,Success,b7f900b4-bee4-4b80-a1da-540aea7c73fb,
200,4912.5616,Success,06ccf5e2-58bd-4b5d-b7a8-0e7f7f1af98d,
200,6595.5079,Success,844958e6-5b7c-4502-9ba9-739688b2f090,
200,5060.7655,Success,e4980021-92db-48d5-a3c0-394176df2e24,
200,6429.846,Success,9ac3fbb4-79f7-4c7c-a538-72597ae13e20,
200,6359.8922,Success,f8066565-af43-4500-b007-2451729bbf32,
200,4777.8367,Success,24c9d453-c197-4d5a-9a78-b35a90eec51d,
200,6430.9614,Success,922aa9e7-87a1-4b4a-8086-4606672006d0,
200,7635.779,Success,23dc6344-ff86-404b-8030-0466c0f85dee,
200,7634.0196,Success,5977d679-1999-4897-b282-3f83a9cebda0,
200,7625.0592,Success,0f6d3d4a-45a5-4593-abf8-bd5c81ef6d65,
200,3304.5644,Success,5d343baa-22c3-470e-aad8-e777c568876c,
200,7213.3558,Success,06436af9-7a0a-4ab1-8072-6bc4ba2eb277,
200,3261.4618,Success,6a1465ac-b454-4bb8-8d72-5d6a7590d86c,
200,7262.4287,Success,ce30d9c7-b8ef-4e53-95a8-f6b397a59a61,
200,7657.4564,Success,d8130ee5-9d78-4b7f-80f4-ec8370d143fe,
200,4726.7119,Success,8e5d2e31-8f65-4b7f-b637-542bde5b2ea9,
200,7266.6824,Success,e988c59a-6206-4ad1-ab57-029cf052c002,
200,7694.1511,Success,103cf12d-25df-4bdf-91d9-49ad1d4b5842,
200,7271.6876,Success,8e69be77-ba64-4ac8-aa34-45d86c4cad31,
200,7272.3874,Success,b5c598f4-38a9-4d99-9c50-a23125703e48,
200,7691.7567,Success,0e39cdc2-a195-4daa-bbc7-4a7eba96d78e,
200,7250.3661,Success,914fd8f1-5daf-4b33-a6cd-01f3813ab244,
200,6399.4117,Success,9cc528d7-8a4e-48fe-bc03-fc046a4bc009,
200,7292.5626,Success,d67faa88-87ae-40c2-aef8-c405bc030b56,
200,5361.4713,Success,376b6d6c-dd3a-47c4-96ef-8e57e4c7fc0a,
200,5905.3939,Success,b3ed6319-44dd-4c07-b081-4c030b55b034,
200,6453.3515,Success,06b065ec-4cdc-41c5-bde0-814a4e6fd392,
200,5468.8697,Success,eed3e893-e22f-4696-a40b-667ece9ed766,
200,5006.322,Success,99383dbd-e662-42bf-bbc5-1463de97bddd,
200,7500.2055,Success,6c2c34a2-a022-4576-a76c-e45deec0dafa,
200,5080.2797,Success,6b7f98ab-baa8-4ccd-b8ca-e412e006d1b7,
200,6583.9445,Success,d2b43049-5863-4465-b601-9c50693455d9,
200,7532.5183,Success,7a817ef5-4659-47bf-857f-0f5e4afd338a,
200,7005.5119,Success,2f6b5ff1-8105-497d-9e6f-9b9da7775231,
200,3430.8433,Success,de5841b5-af19-498d-a614-d9231d4a1163,
200,5979.9452,Success,fb9282bf-89ea-44c7-9011-a1a8db55d73e,
200,4746.4405,Success,831b0886-de16-4120-9f75-f44a0cb7c155,
200,5310.8959,Success,2a4f6213-7605-4be5-9d36-21324fe8c243,
200,5813.1615,Success,ae3977bb-9a2f-4448-aacd-d000bef3be7a,
200,3719.6876,Success,71bf825c-b50b-45c3-8fcd-2223bbf62b64,
200,6391.6551,Success,f485b2fc-e3d1-4aa1-b7a5-b143b6433bc6,
200,8310.5781,Success,987d49c6-5dff-47fd-b4bf-37dc5fe0ea46,
200,8417.9344,Success,805b6639-cf69-4d10-a2c6-4db6b1f4e05a,
200,6911.5591,Success,0918b4ae-8121-4f01-9952-4b456c5e0db8,
200,7330.8933,Success,27713c19-aba9-45b0-b432-5ed902cdbc70,
200,6938.2632,Success,29eb915c-d309-4291-ab75-aa06881fce87,
200,8434.8203,Success,ffc4820f-7626-4243-8e5a-ba2ae91757d4,
200,8448.8408,Success,a069d632-86ef-427e-aace-237b6a2dd10a,
200,5529.2303,Success,d9335914-6791-402a-a689-c20c47672110,
200,5417.3249,Success,238fdb02-4fd7-4622-967a-c21efcf2f13c,
200,4107.4441,Success,f9febc2d-a062-4269-b0ab-751c5bcf5c73,
200,6142.3132,Success,92a14c4a-618f-4c18-b578-1e24edf8ca94,
200,5871.7897,Success,51c04beb-a6c5-484b-8900-74c3e165606f,
200,4055.4676,Success,b4f81ee1-927b-443b-a2fa-2bf64225f353,
200,5520.8211,Success,462511c8-d218-4f5c-aa07-08dcc700ec39,
200,6381.7269,Success,6b10c52b-a556-459a-a62f-a0def852118c,
200,4503.0704,Success,6a69f935-216c-41c9-b723-6bc4c03bc53d,
200,7277.9645,Success,51c9e80c-cd87-4b93-8d89-12f896431a60,
200,8803.3617,Success,f93a99e4-791f-487f-8551-be5c86e3d54d,
200,8785.5929,Success,2a79c900-e01e-4265-a31e-8fc54fccf6b2,
200,7338.6653,Success,83349af1-f481-4fba-98a8-00f980782c9c,
200,8819.8511,Success,b52149e7-efa3-4367-945c-891be07c6567,
200,8800.2133,Success,48d870a6-a6da-4b55-b592-36e6476ed2c8,
200,7337.9385,Success,29d3bc64-0797-4b37-a957-dc79775c6b7e,
200,7341.7808,Success,0a2d3153-7f85-4985-a1a5-331a16f29d71,
200,7345.4529,Success,29235693-72c9-4619-8177-dfa6b2d79cbd,
200,6848.595,Success,ae5acd29-c231-4a23-973c-13205a5e784c,
200,4148.2395,Success,b0e41c25-4fdc-4f35-a733-a8b7585976af,
200,8929.2012,Success,08ffce39-c90f-48c4-882d-6231e32050e4,
200,4183.8191,Success,2e7e7640-2078-4936-a33e-3671e36a1b83,
200,8805.3027,Success,b379b316-749d-4c90-b04f-762543fd2eb9,
200,8929.7414,Success,58a58474-5f15-4a83-8e5d-5ed06c9e37ec,
200,8821.5811,Success,5bd7f68c-920c-4dc4-aad3-3fc88294b31e,
200,8944.9576,Success,0f38cc56-a7c5-4615-a518-3df794d7fe62,
200,6853.1977,Success,f61fea16-0aa8-4fb9-8c95-47615e20fce3,
200,6397.5884,Success,fab2cd1f-f967-4bb9-8868-ecb6369c2e38,
200,6674.9304,Success,637c6cae-22ca-4df0-a081-1b357d0d4b78,
200,6083.9292,Success,351ba65d-db75-4d64-a883-4be0bf01c938,
200,5631.5317,Success,93e69943-ec87-49e8-9a20-0d121c25ff9e,
200,4147.9285,Success,d5b55d41-9cc0-47c1-ba6e-2384883f87e9,
200,6742.4526,Success,2826fac8-65b8-42cb-8dbd-09df413c17fa,
200,6664.0818,Success,af0fcd30-6586-4f51-a46c-c8f363d9264a,
200,6423.8399,Success,a97d4da8-4eb6-4ce1-bc58-84e68f2f93f7,
200,6489.1629,Success,d8b82e97-7a1e-437a-bfb2-49cf7e8f41fa,
200,6476.1801,Success,d02a6103-af5b-4462-afbf-cdade06f4772,
200,5832.8828,Success,1f579c68-1b6f-4d10-a14a-5f34f276c2ca,
200,6579.9219,Success,9f5c4fdc-2c8e-4601-b9bf-92d6842e2bca,
200,4813.0651,Success,65a3af42-25a8-409f-8d72-198cb023f300,
200,4495.4628,Success,55571eff-f2e5-4dfd-bc01-eb56133a7298,
200,7185.3012,Success,b4c52e8e-e7e8-437f-81c1-1bbddb57b5c1,
200,4225.6712,Success,d594a066-44e9-4612-ad8c-43d159223ad2,
200,6696.1122,Success,ce45a93c-46f8-42a8-a957-c00b7878d352,
200,4359.1032,Success,6e9542de-f940-4c71-820b-fed332594d1d,
200,7553.3263,Success,59ae8e4c-122a-45d8-99a1-b310e8b08368,
200,9439.1047,Success,85ca493c-c639-4fa9-bee5-1492b37c3719,
200,9331.4459,Success,b35dfa9f-9c09-4179-982e-9d4a5919bcda,
200,7764.3103,Success,17ffcec3-3d91-4253-ae22-a8fb923c0938,
200,9457.0605,Success,3dd7acbe-5291-4e10-9c6f-eb3408b01dc8,
200,9439.6635,Success,5dbb4691-0c64-41f8-865d-63157541dcf2,
200,7764.3103,Success,f8b48c93-d2c9-4ddf-b668-c4e0178972ab,
200,7766.3382,Success,eca356f4-21ce-4531-a160-42021a5422d7,
200,4770.0899,Success,d12d1dc4-40d0-4628-b15f-b161963f66b1,
200,9444.7257,Success,62436ed5-883d-4fd8-a939-adb9baf82e32,
200,4715.2071,Success,faac9742-e9bd-41d5-a868-41510ba02a93,
200,4428.2627,Success,5d8c5b0c-4e05-40c8-b021-4c398591dc86,
200,4862.004,Success,d3b99079-dca7-4475-bb38-4c45227c1728,
200,6503.9283,Success,1ef919e1-61d6-41dd-9454-a9e60a638e16,
200,4791.2472,Success,d3b47d76-c2f6-4c2e-9b87-27daeb38282a,
200,6928.1037,Success,2825740c-9eb1-4a22-9570-a7aeab1598fc,
200,5205.157,Success,6ec08aef-450b-4138-bbc2-fb58ea6356c1,
200,5047.1671,Success,a6e4cb88-2a12-4566-877a-cc2982738439,
200,5003.8967,Success,2373b8aa-2929-4d3e-87de-6ac2ffabd23b,
200,5646.873,Success,e1c98983-b434-431c-a041-0fd35d07b1bc,
200,5094.3321,Success,3566b157-0de1-45c3-8988-1099683492f8,
200,8183.2043,Success,7dbaf04e-94d5-4629-93eb-1d96047532ee,
200,7962.853,Success,b0794bb1-6549-4a27-a542-eabb4f3b79f2,
200,5697.1133,Success,b5db8e33-5678-40a7-9f56-6b6af1fc253a,
200,5359.0656,Success,8cc441b9-ed17-43a8-ad14-203c273a9178,
200,5344.0412,Success,459a30a2-ada6-4983-aa4e-72d83141da8b,
200,5432.0687,Success,89c6fe04-9d91-42d7-9f16-45415bcd2be6,
200,8455.4864,Success,1819732a-8dd6-4d18-9025-2cff2ce8c3d4,
200,8456.0594,Success,0504ec49-8a13-4f74-8860-b33f3a837491,
200,8458.5361,Success,4365ea37-cc35-49ac-ba8d-4c568a30029d,
200,5401.3593,Success,5aceb10f-f099-4e6d-8dff-c657a1dc90ea,
200,8524.0686,Success,8cc81705-fd41-4f3a-8763-94ef4d4402b6,
200,5578.4669,Success,5fd7166b-cfe0-475a-bee2-d3ca9cb2cc52,
200,10233.8963,Success,a64dc77d-08fe-4ab9-8fe6-4b24bcac7e6d,
200,5362.3696,Success,4fe8ea23-0095-4b22-8845-fee469f817cb,
200,10288.4411,Success,02b5bf74-7ced-4e7b-881a-c4a7e199fecd,
200,10310.8411,Success,c8f7bd49-98bb-4c6f-bcae-ada59ab809a0,
200,6918.4796,Success,b2547e97-03e3-4bec-b751-33960b2bb126,
200,5746.409,Success,bec493a9-c10e-49ef-935b-a91d84bc4c51,
200,5724.8917,Success,77d083d0-de68-4a77-82d8-42deece37d3b,
200,6403.1645,Success,565461d9-0da8-4e4a-807e-8fd7e498719d,
200,5992.236,Success,67d8bca4-3851-4c5b-8124-61bd49524e02,
200,8218.8637,Success,b678d498-5b77-4213-8b78-57c29d7a5d44,
200,6404.4204,Success,81016c73-98f1-4df0-98f9-66ebeda4a372,
200,6373.7701,Success,fefd82c4-bc1f-45b2-8cfe-9c285147a526,
200,6319.9257,Success,79ef141d-6cf9-4802-b882-cd379907e8a0,
200,8313.4034,Success,1ebeefa0-4375-4caa-bc35-abdddcda277f,
200,6333.8164,Success,f3deb427-d830-4b85-ab36-b9fc421bc9e8,
200,11187.18,Success,66b2f975-8927-41f1-b402-a5692268900d,
200,11187.8125,Success,9e4e6f06-d544-487f-b192-dcffeb6e6be5,
200,9355.3608,Success,56d552fe-3cc2-401c-8ac1-5710b7ae94f1,
200,6570.6736,Success,41b536fd-2312-404f-aa9c-3d12fc887d04,
200,9356.3912,Success,220a413d-61e8-4cb4-bc8c-1e63da51d7e5,
200,11204.6407,Success,653c2e69-69ec-41ee-8ef2-7f1004fb80e7,
200,6336.839,Success,401cf904-d0cf-4767-831f-909ef424feee,
200,6764.5286,Success,24fa1b73-88fa-472b-a370-a5ba0866d3bb,
200,6318.7246,Success,46e7a610-6862-4000-8bb7-acf99b8565a9,
200,8140.6089,Success,8be1ab9a-d896-4b83-a232-da8dbddc7630,
200,6256.2142,Success,84339aba-91af-4a9e-89e8-e6d292cb3f27,
200,7979.4528,Success,3d36e6bc-e21f-4d1b-aeca-f5bd68dea11b,
200,8015.9011,Success,4490ee65-fac2-48b7-a9fb-2c5a0a510ea8,
200,6398.8107,Success,62af377e-b014-4343-811b-209876192698,
200,6421.6194,Success,dab82556-f5e8-4c2c-ab6a-e6612ad6bf9d,
200,6316.5233,Success,eac9da80-06d0-403c-9fec-2262d9c2d1c7,
200,6709.3676,Success,c56d15ef-ae41-4a50-b32f-66ec11b8b812,
200,6366.9543,Success,21143188-95bb-4857-a625-369737e435d1,
200,6692.8426,Success,05c185c4-a219-4496-a3e9-8885a19b2b43,
200,6725.2901,Success,8b08e6df-1e63-45e8-8701-d0ad1b96eb0d,
200,6761.8172,Success,ada5469b-c720-4651-b6ff-d6ffb60ca2d4,
200,6560.4876,Success,95a115a7-074e-4981-ba82-75fe5abb3afb,
200,6867.2601,Success,fd083bd9-ae4b-4bc5-a53b-e78260b9c58d,
200,6345.961,Success,d7844f76-af6a-4916-a413-90ee4fdd1a20,
200,6991.9865,Success,b6789a93-5552-41ef-aa8e-0b4e3d9163ff,
200,9241.2537,Success,0502af74-4300-4dff-b565-0539af31e061,
200,6740.7395,Success,cdbec9b8-bed8-40bb-93b1-8c3a0b773cbf,
200,6665.8215,Success,c7485cc0-36d7-45a0-877b-475fd5533673,
200,6708.0716,Success,add6f51f-8ac8-49dc-a1c6-250c58eed541,
200,6743.7993,Success,0f66aa7d-ab21-414a-a56a-12c0648cc759,
200,6730.2121,Success,e67bd1ab-bf5b-4dc6-8b3e-971be3f7b633,
200,6802.9382,Success,34fe9bbb-d182-4c55-aecc-a9f6c5a073f4,
200,6693.6845,Success,a8cf1858-235e-4169-be4a-cf8ea1fe6f91,
200,6905.9128,Success,f1e18758-7db4-4631-b545-0b8d049bc6cc,
200,6695.823,Success,3b184ab2-ebbb-4464-acfb-b3bba5e75458,
200,6641.3354,Success,b917db4b-289f-456a-9758-e19aeff03a48,
200,6644.7146,Success,91ff4ea8-5cc0-4d50-94ea-af51a0e3e69b,
200,6709.1933,Success,8f79a4a5-93fb-4d8f-9d24-4342595472c5,
200,6779.3426,Success,bc4233ab-ead4-424d-b626-c13a487c7e68,
200,7019.2857,Success,8537ed6a-2a1e-44f2-abba-88f7a5dbb915,
200,6477.1417,Success,eda5eacd-5e56-468b-b11b-7670db270096,
200,6694.6527,Success,126ce49b-6126-4ea3-95cd-5aeab7b496eb,
200,6737.7707,Success,6058b644-48d0-4ebc-8366-45ee5086a813,
200,6500.8794,Success,61c32d9f-3a56-4a11-976b-0218a4c7d8a4,
200,6871.3014,Success,55ed5c0a-cf35-4c4f-876a-41b814101a19,
200,6649.4715,Success,a50a057b-6cad-462c-a6f0-086c4b2ac513,
200,6601.751,Success,145d71a5-bec7-4198-aba9-d4f365553d81,
200,6644.963,Success,bbc3de12-edea-41ab-9636-d08c57a18a51,
200,6570.5623,Success,1000446c-5196-47b1-8bf3-24973851c330,
200,6424.6977,Success,9e866bd4-3c59-451e-903c-a2b583bc09b1,
200,6857.127,Success,fd133e7d-f497-4420-8a96-db3471b748f8,
200,7091.6591,Success,d6c90c84-58c1-44c8-9ffe-e57e77fd37f6,
200,6770.1506,Success,bfff4255-f398-4d90-ae3c-3004c167bb42,
200,7033.7509,Success,aa763c7e-b670-49b1-b496-89743b64ef98,
200,6709.0193,Success,09e0f561-0ec8-4c0e-90d3-cc526023f70f,
200,6521.5176,Success,5fc75b08-4d27-4df6-b4da-c50c8636f797,
200,6657.014,Success,5cc35706-798c-4af9-8204-341d4e6ee6c5,
200,6902.7646,Success,6ed9a2d8-2638-474b-b704-6a8e336bbc23,
200,6689.1026,Success,46f9cb0e-3815-4d6a-a29d-55e6080d7f82,
200,6803.2694,Success,6c794fb1-22cc-463b-887e-8cfd8bc65083,
200,7220.7457,Success,1f3468dd-4224-476a-98aa-918c37ecd6c6,
200,6910.8318,Success,d77f35f7-a607-4501-b37f-afd9b4cd1a25,
200,7136.79,Success,36a8de45-fa22-4399-ab6c-7ec8773d678a,
200,6702.5861,Success,c9ee5d89-74ca-49b6-b3a1-f898b58ad093,
200,6858.2773,Success,4a95b292-ff4b-4237-9094-0f3e84318cb8,
200,7361.3473,Success,1695d7a0-4327-4624-bc8e-722a22f0b0fc,
200,7005.049,Success,bae44c3d-911a-438e-b1ae-093670c71652,
200,7037.5933,Success,2d41577d-f407-4c6c-88d7-3a6a56249b01,
200,7355.1393,Success,1e9e8c49-3376-498d-8bff-17c0397700bd,
200,6939.9147,Success,f6aac152-f632-4233-974e-7ea988cdf7a6,
200,7468.8324,Success,8e7485ec-ff89-413f-9c01-c458a14be4fc,
200,7062.0656,Success,08d56579-f8c1-42db-bf81-c55608ceb8f9,
200,7086.0857,Success,069971c4-1c74-4302-acd9-c04135f85f05,
200,6974.5174,Success,6ab67ab7-35b5-45eb-96c4-aa183efe506d,
200,7066.7447,Success,9a35fa80-cb04-4e4c-b6dc-b2a8a71fdafb,
200,7398.1841,Success,b65e9483-5179-4aa7-a3d6-dc6e720be090,
200,6873.1543,Success,871e7d52-c5da-4e38-97db-2c81bed1df3c,
200,7472.4565,Success,0b19cb0c-2deb-47f6-b7f7-aee0e45f9e40,
200,7154.2027,Success,d13d8f03-c966-4060-b554-b926886ee04b,
200,7099.3433,Success,1f6d7655-3146-47f8-80fe-55817953698d,
200,7294.863,Success,dc21e15b-6e97-465e-adfb-84c90d84a860,
200,7278.41,Success,b6cbfd48-0dff-491b-9631-3e1346ff49d0,
200,7001.854,Success,c73f67d4-7ff9-46b3-9d14-d4440b4b63b2,
200,7487.4487,Success,eb8a94d8-15cc-472b-9830-c00218da3f9e,
200,7015.6922,Success,c3a51597-18ed-487a-8a42-457fe1d3faa7,
200,7346.421,Success,3f5d3278-6485-4c29-9f78-f7c0d5b1f977,
200,7284.794,Success,183bbb84-5627-4efb-86be-040976265252,
200,7308.8551,Success,74807576-07ba-41d6-b292-0ee6db106ec5,
200,7192.483,Success,05316459-c81b-400d-aa48-6d559db3e535,
200,7460.6292,Success,c23d3484-5343-48d9-a5bc-0f048f6f358a,
200,7167.7245,Success,7631407d-bb8a-4cf0-b792-e6cff62eea6d,
200,7374.8625,Success,d4b8a5a8-220f-4e53-a7d2-88684f10531e,
200,7194.047,Success,f912c4a5-27f2-432e-a519-8756fabbc9f1,
200,7517.7365,Success,661d1542-3b23-4ce1-9573-0929bf7a0b14,
200,7477.1831,Success,e51e739e-f8bb-47cf-bd9c-f527284bee26,
200,7406.808,Success,e22d662f-df25-461c-a6d4-6ff3c57af888,
200,7696.706,Success,751d1704-0b7f-4049-964a-9d896fedbb10,
200,7482.283,Success,30a703bd-4651-458a-8d95-f89805fdff88,
200,7665.3524,Success,6ad26362-e898-4241-8237-675ed4de1f98,
200,7522.5988,Success,9a336d05-9129-40ca-99ba-974966001c8c,
200,7486.9561,Success,954f95ad-a9e6-4008-8227-b0d29860058d,
200,7654.1711,Success,f1432e58-39d4-434f-8090-ed43c4dad357,
200,7695.3555,Success,1ed0b660-9263-4cfc-8050-8ae85bad6982,
200,7740.7131,Success,cb384131-8ab2-4fa5-8e6b-29f40c6051b4,
200,7832.8349,Success,afa05bfd-7816-432e-ac40-a046088f35eb,
200,7567.3171,Success,caa9c4ce-f172-4b62-b8e4-aa13dbb3a7ef,
200,7561.3842,Success,e6a3109f-a657-4d2b-9835-a5b41ffb790b,
200,7694.5136,Success,8899a455-8a06-4c5d-8fa4-c1c7ef11b061,
200,7570.7806,Success,2ff8c293-5ef4-48d0-a515-6866f87d62bd,
200,7746.8968,Success,8c3b0195-344e-42e1-88fb-6a26cff984b2,
200,7762.4506,Success,a76f87fe-67be-43a9-b770-228f0c892147,
200,7937.5447,Success,bcef7c71-c6ad-4b62-a756-6d8a8d1c3c50,
200,7959.9877,Success,d4dd7d9f-a54e-4521-8dfa-b009c9497d0f,
200,7924.5778,Success,3f59490b-afb1-402a-978e-f6e54fd0e3bc,
200,7890.4738,Success,97cfd029-8d29-4baa-8452-d2832279d7dc,
200,7891.2698,Success,5c1bf87d-895b-4010-a26e-e3f777f5bd4d,
200,7856.304,Success,4ce13373-652f-4cdb-afcd-88dc8286ed0b,
200,7873.5358,Success,13ae3e47-b712-4d8c-992e-ce1cb8108025,
200,8159.9375,Success,7914910f-ad34-4de9-a612-005cb45f0f1f,
200,8214.8691,Success,de3a3b76-85a6-4454-b4ec-ec370cbd8b71,
200,8168.6041,Success,1c4cf2fe-5ac6-41e7-b14b-f4d12bf7ac6f,
200,8428.9416,Success,6a4fa173-9aed-46ca-9be9-1775d3af8c53,
200,8244.7255,Success,d6168999-f2d6-4eab-9054-403059310b29,
200,8243.3467,Success,8a213135-d958-468f-a43b-ea393e9ac740,
200,8248.0186,Success,8694771e-751e-47ae-a7c7-8d3dceb81942,
200,8173.1654,Success,6d5f9969-cefe-4f6b-ae84-bfbde5f35906,
200,8396.8638,Success,84fc63aa-fee0-45a3-a12a-69f7658e45ac,
200,8308.4698,Success,005e8555-62a2-4a60-9c9e-c04c1d119cc4,
200,13605.1799,Success,9c1b8738-dff4-4bef-be87-a547dc1fadf6,
200,13622.7776,Success,3cc263c2-1f08-4b3f-b2c7-38f29f9fe818,
200,8559.1089,Success,e44a822b-2a68-4a08-8f2e-9b47c32ba4f8,
200,8475.8252,Success,c23373d0-bdcc-4a22-865f-29ce84058ed4,
200,8450.777,Success,6b1b4475-c3df-4047-952e-3cab2945137f,
200,8457.9239,Success,26d6abfb-e8b4-48bd-ba49-e897873eb2ec,
200,8442.6576,Success,679bec54-e204-4495-a400-ee5a26733d5a,
200,8396.4452,Success,4cd82afa-d4c0-49eb-98ac-04c562ef0ba2,
200,8484.0903,Success,c4fc7426-f06d-4075-a2c6-03c1bf4ca35a,
200,8626.694,Success,59b36910-a0bf-4053-a49a-3cf5679df815,
200,8505.6223,Success,8fb4ef0f-6bd5-4ac3-a706-e7cf00de4cd8,
200,8688.2151,Success,fb168168-6378-4fc5-872e-d2d4b7b83947,
200,8570.1127,Success,b59f2780-131d-48fd-8453-f07d18087a48,
200,8649.1541,Success,e253a4c7-9765-43d7-bb7e-80629ed31ef0,
200,8579.2171,Success,de643ea2-a187-458e-b032-be67d830c340,
200,8798.0856,Success,803c6fea-0232-4d47-a698-fd7a75fc3e7e,
200,8688.9525,Success,bbb46afd-f0b7-4c89-a505-6bdbd7fc6ed3,
200,8878.4929,Success,7423ec45-8d77-44ee-886f-6f54223165b8,
200,8741.8625,Success,2fb06a2e-7e1e-44f1-9361-65234e1cadec,
200,8795.5979,Success,3484d568-65bf-44c0-992d-ee7372d5dd23,
200,8721.1686,Success,043e634d-f096-47da-a327-bf5fc2e278e6,
200,8803.4331,Success,2e547e30-35fd-440d-b908-be44d6a5702c,
200,8898.1001,Success,93e3d1e6-f61d-42bf-8651-e372bd906db5,
200,8842.3907,Success,58d1449a-d3fe-4c52-a2da-9f95ab443fe3,
200,8875.8196,Success,31ae3107-f4b1-4cf5-afd5-7c2caf0e7b17,
200,8858.1687,Success,4f1ae301-5502-48bb-aa5c-14413a7c8a6b,
200,9034.2944,Success,c01044c2-63d2-4dae-8db8-d36406e0bc8d,
200,8982.7633,Success,97990e81-f7f3-4ae5-b792-ac2f1c79a732,
200,8777.883,Success,bde27a49-6ef8-46d9-a868-1287da23425b,
200,8854.6948,Success,7242fe2a-5018-474f-b277-97cef6714d2a,
200,9087.7341,Success,e7a76a2a-260f-4f9d-8b23-644c0420bedd,
200,9163.2551,Success,d3ce40c8-03e1-48ef-97f8-788fbda56fee,
200,11093.6457,Success,0cd3639f-7c47-4961-a002-92319b2f0715,
200,9184.2516,Success,cd68fb12-c8a3-43c2-baa6-b93e9ddf2fac,
200,9258.993,Success,9264be02-e8c2-4239-a30c-6f9a33f7ee9d,
200,9166.3288,Success,02fe242a-d518-42c7-a937-9693e1dcfa95,
200,9319.436,Success,a4967e74-b1a3-4148-8baa-4aa111f3ab0b,
200,9254.4693,Success,14a67dd9-c968-4c49-b9f2-438fc785e5ce,
200,9383.9415,Success,8270e4c9-4cfc-484f-ae74-9fe2a39aecb9,
200,9409.8023,Success,621eefc9-edbd-4d45-ab1e-8c9038585c41,
200,9512.4207,Success,0f780cde-8fbb-457a-bd5a-a45211f5026e,
200,9582.7683,Success,755cd5eb-e11b-41a3-b989-b2a004f8d240,
200,9484.7695,Success,d597e3f7-20c7-4bdf-b1cd-755d303a4f05,
200,9399.7334,Success,56414341-3753-4510-ab84-1e5b955eeb1e,
200,9471.5379,Success,256e8969-0cf8-4790-aa99-b961a47daa14,
200,9492.3431,Success,93304b13-d58e-4f49-9d52-ee1528d24227,
200,9487.5824,Success,9484af6f-716d-47eb-b277-bbb874741b32,
200,9662.9145,Success,3abe2196-9741-4dcd-874b-13c27101add4,
200,9702.3938,Success,7277f092-be53-4417-ab79-d9f01fd501f8,
200,9796.4201,Success,0949a30d-5788-4da4-9e5c-e479d9d4e53d,
200,11915.2602,Success,7111e780-5f86-4dae-8e0b-84dae0096058,
200,9905.0011,Success,81669623-16bb-4c93-84ed-4e206c0c765c,
200,9903.3568,Success,b00515d7-89ec-4d6a-8a3b-b0bd272282c4,
200,9946.5362,Success,618a4fe6-84e0-4de8-b2c3-a5be3dd917fe,
200,9953.9864,Success,e18a4ef7-d552-4d1f-94fd-5822bc9b8cb0,
200,9780.5474,Success,65df9f4a-4bc7-4076-b9c5-c6348c04219d,
200,10061.7427,Success,1a5c2b1f-5c4f-4426-921c-a9000aef2b17,
200,10112.635,Success,793c6f17-d0f4-4fed-91f3-403bf202af74,
200,9964.2837,Success,07a9e241-b2f0-45e9-96ed-80d1cfd15ff9,
200,10227.4227,Success,0bc88992-2cae-4ac3-9342-ca9dc2e38546,
200,10095.5077,Success,f316590d-478b-46fa-ae44-fa0f76ab3052,
200,10218.9669,Success,e91e4821-bbb0-43b5-9cf8-048854aac1e7,
200,9528.1051,Success,f78878b3-8e24-4223-8630-4c296ae49f43,
200,9760.2754,Success,e6f4c249-5386-4994-888c-d2da0cf8cccf,
200,10341.7255,Success,fa5320b8-b804-4b7f-94e0-91202095959b,
200,9817.2142,Success,df38c1e4-ff94-4d8f-a43c-efa570c4e194,
200,10445.1915,Success,8b50a7f8-bbac-4593-a39f-a787c17fbc63,
200,10675.6712,Success,02dc9179-f7f9-49e0-911d-771bcbe03410,
200,10770.2715,Success,2b4b5bc6-dea4-42e4-a380-0646ec4d796d,
200,9682.6493,Success,3b804cdc-d7bc-4a67-8f98-b211758f523e,
200,10845.8949,Success,3842c560-ac07-49ef-95df-9e49743d3d3d,
200,10705.8164,Success,bdc71df4-7f8d-4640-94d7-9d55355fe726,
200,10782.4919,Success,a325277a-de08-4b96-9444-c731fbc6e0a0,
200,10790.0101,Success,fc282bc9-036e-49a9-bd74-c660b3954ed5,
200,10823.9317,Success,fb0d286c-13d5-481a-a01a-b0ac701e93dc,
200,10277.8486,Success,271c9c87-a7e1-4e88-8307-6dee76637bf5,
200,11002.0639,Success,d675c96e-0327-4341-9f7e-117bf67dc7f5,
200,10958.1805,Success,75c816ba-0d82-41dd-89c7-b487407ee52a,
200,10909.2398,Success,fc35645d-d878-4f40-a340-91cf72264044,
200,11002.0896,Success,716d7795-e6f2-4d99-bdbf-5c0ebf2f54a5,
200,11010.3252,Success,0b15f8dc-7aaa-4a37-8837-ff9f4719739a,
200,11014.4425,Success,03f0e1b9-5f66-4546-999a-e5a60b38c70c,
200,10903.6343,Success,bdd6b165-736c-4254-9f6f-985c15dca91b,
200,11039.7337,Success,91448e8c-4f65-4768-8d74-60dda4e42c6d,
200,11180.8375,Success,2e65543f-19a0-4816-b912-5db2f5034645,
200,11114.9541,Success,43cfed94-d92e-4d64-b77b-defa95d1d6dd,
200,10056.8819,Success,6ed3eae6-4f90-42f6-bd7b-d3a30d8fa6fa,
200,11237.9376,Success,73d524c5-080e-4537-b7aa-237c853422a5,
200,11270.0342,Success,3efe6e46-8c9e-4a78-a463-fb42d56993b0,
200,11309.3475,Success,e26274ec-945a-41fb-a024-b47de1436bf0,
200,11443.3911,Success,1886f32f-cd94-4f5c-904c-92b6592fe448,
200,11382.6978,Success,9a7b8c24-1b09-4fed-bc41-f497cf132165,
200,11455.7192,Success,34247934-03ee-4e59-a414-3e64a8b3e7db,
200,11473.3214,Success,1eb09ba5-6b75-4753-9d92-69d078db3657,
200,11366.7121,Success,b84f4451-e91c-4da8-a5dc-0079398ec410,
200,11463.0193,Success,f7b3ec0c-bcc0-4734-84b5-ca1c4e82c91d,
200,11498.1124,Success,9aec1af5-4576-4465-be6a-a53069e8d335,
200,11042.8184,Success,5fa3bd7d-57bc-40f4-bce9-230153032cc6,
200,11619.4809,Success,d644afa5-9344-4c52-972a-65bd9be065ba,
200,11575.8243,Success,56b8147a-16c2-4125-98b2-6c0dc2d9ee99,
200,11655.1404,Success,d21fcddf-7f5d-4704-867d-0d727ad89cb5,
200,11664.7967,Success,9fb5f0ab-adc1-4fb2-9896-6317dd8507c3,
200,11610.0976,Success,82a4d289-ee89-467b-b7e6-7f0cb0e48c86,
200,11637.9618,Success,f44a942c-1fa0-4d07-a9fe-df61463ba3d0,
200,11652.9403,Success,815b3a54-c105-42ce-a6be-084e55379791,
200,11735.568,Success,b6acffd8-74f8-4f05-a2d1-7eaa12ca65e5,
200,10517.89,Success,769c1146-3b9d-4906-9d6a-155519c317e5,
200,11757.859,Success,1fbaa4a5-12fa-4dd1-9d6c-ec6d83c63bcb,
200,11678.188,Success,8aecef02-ba4b-4623-93f1-a06629c8afba,
200,11710.8032,Success,4e27e1d8-916e-4229-8535-5bf23af49077,
200,11627.5367,Success,50e9c9f9-1395-4d9a-932c-d45351822784,
200,11717.9789,Success,eb6a9dea-abb8-47cb-ada2-7d4e8b5f76be,
200,11787.5663,Success,97c26b7e-8ef5-4488-bbf3-d8231ce03c0d,
200,11734.5441,Success,9ca5a1f3-5706-486e-9054-6d0135e87c9f,
200,11865.6921,Success,80e24b6a-8900-4c21-a0e9-143c202333a2,
200,11921.6003,Success,3f078b2a-b1d3-489a-b6f4-12298c798122,
200,11954.4051,Success,5c5d9eba-4545-4023-a3a2-86a405848d3c,
200,11834.332,Success,f83ab151-3a6e-42ea-b7fa-8cd7c851c668,
200,11484.858,Success,211d2365-917f-41de-ab76-7b1d5a92951c,
200,12047.1305,Success,40f09afa-a6e4-4c58-94f4-7413b7709627,
200,11524.9473,Success,d22f1001-489c-44bb-8c11-3d1847668b6c,
200,12003.294,Success,b7ae9cb4-12c5-43cb-a228-b24f6455224c,
200,12047.9844,Success,0ad97d8d-547f-4b9f-9f9a-65cb12d9e84d,
200,11459.3757,Success,7a4813ec-a7e7-46ce-8373-663d75a403c8,
200,12023.3909,Success,940dcfd9-1c59-4c4c-8f66-8853b888a020,
200,12073.755,Success,0e7777a1-967d-48d6-8a54-bb54ca79f008,
200,12065.9554,Success,9cad57d6-2b99-45f0-90e4-349c7d75aec0,
200,11989.9538,Success,acd5dd4e-f353-4fd3-ae56-59fafec8eb3b,
200,12037.6026,Success,7c4909b4-acbc-4b0a-bda1-a478f9895d28,
200,12200.25,Success,ff3cb0c2-72a4-49f4-9da1-316f69fe18d1,
200,12201.8517,Success,c3671c0b-35ef-4a7b-8b92-db66196ac237,
200,12215.6165,Success,609fea84-9bbb-46b4-8835-85878d0901a2,
200,12183.8028,Success,65912ed7-88df-466c-8922-7c9f0e217b4c,
200,11606.7358,Success,351cae1c-42e9-4e3e-a65d-19695a5f8fd6,
200,11115.9111,Success,84326728-44a5-42dc-b4b6-f1e01b972d99,
200,11724.0815,Success,622f694b-78e4-449a-aadb-613aaf772842,
200,12264.9881,Success,c0beab95-3fef-45ce-922f-5634034d767d,
200,12468.4486,Success,fdff38f1-11dc-4dd1-aa67-cc77a8942694,
200,12422.486,Success,df23f1d7-e12a-4316-864e-ac37de772338,
200,11470.7043,Success,1e202f50-bde4-456d-ab67-bb343aaa3884,
200,12493.2882,Success,e3f8414e-4ae5-40b6-b1b1-adf242c63652,
200,12577.0443,Success,223fa0e3-a9d5-4530-a168-67808b3e7498,
200,12519.2835,Success,c2c12a87-ae54-4869-b5df-7e0567f3f1ae,
200,12037.2958,Success,717f4513-84c9-4b7c-b48f-485b46414aa5,
200,12418.0754,Success,8e469bcb-370b-4538-ac1a-405c76df2435,
200,12545.2416,Success,12ce3fb8-33d8-4783-8686-9705cf9097a1,
200,11941.6243,Success,d5df5d73-35a9-43c1-85db-19f530268edd,
200,12533.4089,Success,b39abebe-a2bd-403f-adaf-8bd0c884b24a,
200,12877.2814,Success,6729d435-f441-41f9-adea-714c4cd2e5ed,
200,12880.2704,Success,ea409e09-b5d3-415b-a037-3206c5fec1d5,
200,12460.6906,Success,d02b3e44-7d03-4f16-bf1b-22d755089726,
200,12892.5048,Success,0f43db08-d65c-4ff9-850a-c43ec013e111,
200,12292.2051,Success,910bbbbd-8577-4206-b9a8-fecaf93ec2ac,
200,11901.9775,Success,39b2ef5e-0a6b-4784-84d9-baaf79380c6d,
200,12888.6632,Success,af84b02d-0865-4b0c-b8ed-de1ac4273222,
200,12436.1349,Success,0ce0e9e2-2263-4852-b913-dd7ee9d2faa0,
200,12936.7654,Success,17445bf7-7ca3-457d-87f9-9c6d30f54dee,
200,12796.7944,Success,8a5c1120-bc1a-416c-bd4f-e75e4ad745ce,
200,12871.5685,Success,749cf3c5-4a40-4c91-8d55-274590494bf9,
200,12958.4899,Success,3fb492f6-41fa-4030-82c5-8188cdd99179,
200,12807.163,Success,5aab5d92-8d4e-47b6-866b-c3b6e81ab783,
200,12437.7673,Success,c008b05a-36d9-42d0-a2a3-6669844fabee,
200,11881.1504,Success,2b78ef0a-6ea7-4930-b484-074bef7b73fb,
200,12383.2492,Success,79533c15-4deb-49a7-9615-419cf09e6684,
200,12480.5638,Success,e0a5ec69-d86b-4b68-b750-8630dd10fd05,
200,13050.0249,Success,a48a9371-e2cf-4cf2-82dc-9800d217c759,
200,12929.4802,Success,022860ed-6043-4744-9246-5edc92ade600,
200,13022.1261,Success,7150e9cf-7209-4434-bcac-5b7b2928684b,
200,12022.6853,Success,58c47637-ff24-4ae7-8ff4-a4b4a9b277fa,
200,13041.6049,Success,5382f871-d5a1-487f-80e1-556d52c9446b,
200,13085.4336,Success,009d75c6-c71e-48c0-a305-ae48f59c77e6,
200,12110.019,Success,5cde784d-a76a-4e9d-b51f-47d8271c5235,
200,13071.7304,Success,acdbd275-31ef-47d8-9890-2217dfefe8b1,
200,13124.0455,Success,e5733a23-7f8b-4209-8865-cecd300e429a,
200,12636.083,Success,c560fd31-d994-4e19-ae13-a7b08475db7b,
200,13008.9508,Success,bbc64a36-763b-47be-8e49-b7bb283a0fa3,
200,13124.179,Success,b049f14a-a170-41d3-b61b-e69e483f0278,
200,13138.4464,Success,6ce1c0fc-712e-4bec-9854-8e4294dcf22e,
200,12150.3453,Success,50c2eb49-cbb5-49d5-bcc4-f105823ca5f4,
200,13200.079,Success,f7e955e3-f3ff-415d-9d9a-032efbccce3a,
200,13295.0725,Success,c59ce82b-2b6d-47a0-b589-1709c6935223,
200,13289.675,Success,4e6db4ef-7702-44a4-92ad-476efaf61d0b,
200,13323.9664,Success,25fa2b35-9d30-4061-aa5e-ac747adc4987,
200,13301.7356,Success,3305625c-f9fb-44fa-9035-78e868837434,
200,12755.6953,Success,34d795d3-b153-4f79-a1c9-1358bc5b179b,
200,13343.8345,Success,bf808ef3-c055-4914-9beb-b9a90a0b9051,
200,13309.7869,Success,650e5ddd-4c45-42d4-8dd8-abf8d0f62ec3,
200,13336.6663,Success,9099077b-175d-4aab-9800-7df327de6304,
200,12350.1083,Success,365c8619-39d3-4817-b3a4-062a8c995626,
200,13417.3243,Success,bde6c12c-76de-42d8-82cf-ebb449744c37,
200,13408.7999,Success,84ef1631-6674-4478-93b8-d52e9e9d9644,
200,13475.9899,Success,fd0870cb-248a-4697-b838-d6261e8f4c7e,
200,12955.7838,Success,f497364a-2953-4739-af1c-cce073f0af2d,
200,13505.0473,Success,975dfd85-017f-4067-8afa-7cfb8abe8ba0,
200,13002.0256,Success,d85cad77-c2a4-49da-9bb6-eecb561838fc,
200,13501.0153,Success,7cb04c3b-a048-4f51-9dbe-3314b352aafd,
200,13564.18,Success,fbd92fbd-de51-40a0-8ce5-e024297ab72f,
200,13500.9483,Success,565246b9-152c-4d5d-b45d-2a85574fce24,
200,13050.1542,Success,a2745ab1-a258-44a9-b492-bdc7ea705ae8,
200,13049.8791,Success,fe09df6c-47c9-4da0-8bd4-475b60df9bd3,
200,12472.5159,Success,012fff67-3c1c-4a4b-ba81-83de3c328ef1,
200,12683.5405,Success,96becfe2-b495-4791-9bcb-67f6f957447d,
200,13246.5528,Success,b672ebf5-60ea-480a-b8dd-e586574cd1df,
200,12767.5755,Success,a1ba5b63-9bec-44a2-8ce0-c2cafc1e2792,
200,12665.0338,Success,0949d9c5-efee-4337-b419-6ff73ef442fc,
200,13691.77,Success,cbfbd028-f991-4c0d-b0f2-d26434e0f491,
200,13706.2035,Success,d88daf1b-8bed-4532-a76a-eb3e7f0a23f2,
200,13657.0609,Success,6fe34408-46ee-4605-bc67-35809ffaa9ef,
200,13208.8221,Success,9619d40e-9afc-4120-a8dd-4ccbd1dd58ab,
200,12844.5254,Success,80706c71-2828-4166-88b0-22ebee0ab29a,
200,13862.8624,Success,6de6fc3d-ddec-4069-802c-db8811935819,
200,13360.4724,Success,54561051-b5c0-40ea-9d0e-76858399a084,
200,13440.7282,Success,ee1261d9-24e3-438b-a6b7-76a5a670b7a6,
200,13466.0393,Success,c0d04653-9ca5-46fa-aeb8-f9e1c312175b,
200,13341.9123,Success,25308ba4-b19f-4347-b4f5-098f6e1cef9a,
200,12673.8254,Success,f71be075-5f16-42e5-86cd-419a0a2fb798,
200,12799.4035,Success,40bdd10e-04b7-4ffd-9842-0fae735d5d44,
200,13938.239,Success,ec0b5641-23be-4534-b1b7-8f39a6a7b5bc,
200,13925.7292,Success,36e6d19a-42d2-4f15-a700-cc0fa25a034f,
200,13492.0246,Success,e88bc94d-330c-4d95-8290-e62cd6a7287d,
200,14115.6322,Success,2aa056b6-77ea-4a26-8a30-77817f2bb3d5,
200,13551.4218,Success,f115c52b-f114-401b-bf63-49a945d114bb,
200,14042.9795,Success,0af88493-f317-46ce-8c09-9d3a8d53593f,
200,14094.0797,Success,4ab29177-63da-437f-a975-20c310175a33,
200,13121.9837,Success,4f86e281-7840-462b-8930-4c2f2fc283d7,
200,12954.1821,Success,29ea660a-3d49-44aa-a1e9-108707718210,
200,13153.7153,Success,80e2f749-9a73-462f-a891-a639937e921b,
200,13166.5746,Success,ab036295-16eb-4e26-8881-e50ae564319d,